{
  "type": "FeatureCollection",
  "name": "points",
  "crs": {
    "type": "name",
    "properties": {
      "name": "urn:ogc:def:crs:OGC:1.3:CRS84"
    }
  },
  "features": [
    {
      "type": "Feature",
      "properties": {
        "green_view_index": 23.247528076171875
      },
      "geometry": {
        "type": "Point",
        "coordinates": [
          119.942085,
          30.280509
        ]
      }
    },
    {
      "type": "Feature",
      "properties": {
        "green_view_index": 8.62274169921875
      },
      "geometry": {
        "type": "Point",
        "coordinates": [
          119.944996,
          30.278039
        ]
      }
    },
    {
      "type": "Feature",
      "properties": {
        "green_view_index": 6.4571380615234375
      },
      "geometry": {
        "type": "Point",
        "coordinates": [
          119.945034,
          30.270319
        ]
      }
    },
    {
      "type": "Feature",
      "properties": {
        "green_view_index": 10.750198364257812
      },
      "geometry": {
        "type": "Point",
        "coordinates": [
          119.945096,
          30.273161
        ]
      }
    },
    {
      "type": "Feature",
      "properties": {
        "green_view_index": 5.5187225341796875
      },
      "geometry": {
        "type": "Point",
        "coordinates": [
          119.945118,
          30.262682
        ]
      }
    },
    {
      "type": "Feature",
      "properties": {
        "green_view_index": 7.9235076904296875
      },
      "geometry": {
        "type": "Point",
        "coordinates": [
          119.945155,
          30.266094
        ]
      }
    },
    {
      "type": "Feature",
      "properties": {
        "green_view_index": 17.306137084960938
      },
      "geometry": {
        "type": "Point",
        "coordinates": [
          119.945405,
          30.282117
        ]
      }
    },
    {
      "type": "Feature",
      "properties": {
        "green_view_index": 10.142135620117188
      },
      "geometry": {
        "type": "Point",
        "coordinates": [
          119.946274,
          30.254879
        ]
      }
    },
    {
      "type": "Feature",
      "properties": {
        "green_view_index": 14.576339721679688
      },
      "geometry": {
        "type": "Point",
        "coordinates": [
          119.948335,
          30.286856
        ]
      }
    },
    {
      "type": "Feature",
      "properties": {
        "green_view_index": 6.4373016357421875
      },
      "geometry": {
        "type": "Point",
        "coordinates": [
          119.948983,
          30.276955
        ]
      }
    },
    {
      "type": "Feature",
      "properties": {
        "green_view_index": 41.103363037109375
      },
      "geometry": {
        "type": "Point",
        "coordinates": [
          119.949231,
          30.283773
        ]
      }
    },
    {
      "type": "Feature",
      "properties": {
        "green_view_index": 39.8590087890625
      },
      "geometry": {
        "type": "Point",
        "coordinates": [
          119.949366,
          30.281565
        ]
      }
    },
    {
      "type": "Feature",
      "properties": {
        "green_view_index": 7.1956634521484375
      },
      "geometry": {
        "type": "Point",
        "coordinates": [
          119.949475,
          30.270705
        ]
      }
    },
    {
      "type": "Feature",
      "properties": {
        "green_view_index": 5.3302764892578125
      },
      "geometry": {
        "type": "Point",
        "coordinates": [
          119.949792,
          30.266066
        ]
      }
    },
    {
      "type": "Feature",
      "properties": {
        "green_view_index": 10.689926147460938
      },
      "geometry": {
        "type": "Point",
        "coordinates": [
          119.950224,
          30.262746
        ]
      }
    },
    {
      "type": "Feature",
      "properties": {
        "green_view_index": 4.8641204833984375
      },
      "geometry": {
        "type": "Point",
        "coordinates": [
          119.950636,
          30.257262
        ]
      }
    },
    {
      "type": "Feature",
      "properties": {
        "green_view_index": 7.04498291015625
      },
      "geometry": {
        "type": "Point",
        "coordinates": [
          119.952412,
          30.28604
        ]
      }
    },
    {
      "type": "Feature",
      "properties": {
        "green_view_index": 14.007568359375
      },
      "geometry": {
        "type": "Point",
        "coordinates": [
          119.953369,
          30.276534
        ]
      }
    },
    {
      "type": "Feature",
      "properties": {
        "green_view_index": 37.25624084472656
      },
      "geometry": {
        "type": "Point",
        "coordinates": [
          119.953743,
          30.259658
        ]
      }
    },
    {
      "type": "Feature",
      "properties": {
        "green_view_index": 11.59210205078125
      },
      "geometry": {
        "type": "Point",
        "coordinates": [
          119.953851,
          30.250029
        ]
      }
    },
    {
      "type": "Feature",
      "properties": {
        "green_view_index": 25.70037841796875
      },
      "geometry": {
        "type": "Point",
        "coordinates": [
          119.955141,
          30.270906
        ]
      }
    },
    {
      "type": "Feature",
      "properties": {
        "green_view_index": 53.22380065917969
      },
      "geometry": {
        "type": "Point",
        "coordinates": [
          119.95576,
          30.255624
        ]
      }
    },
    {
      "type": "Feature",
      "properties": {
        "green_view_index": 15.4815673828125
      },
      "geometry": {
        "type": "Point",
        "coordinates": [
          119.956868,
          30.286465
        ]
      }
    },
    {
      "type": "Feature",
      "properties": {
        "green_view_index": 8.001708984375
      },
      "geometry": {
        "type": "Point",
        "coordinates": [
          119.957127,
          30.278042
        ]
      }
    },
    {
      "type": "Feature",
      "properties": {
        "green_view_index": 7.492828369140625
      },
      "geometry": {
        "type": "Point",
        "coordinates": [
          119.957568,
          30.273864
        ]
      }
    },
    {
      "type": "Feature",
      "properties": {
        "green_view_index": 6.3556671142578125
      },
      "geometry": {
        "type": "Point",
        "coordinates": [
          119.958241,
          30.251155
        ]
      }
    },
    {
      "type": "Feature",
      "properties": {
        "green_view_index": 17.188262939453125
      },
      "geometry": {
        "type": "Point",
        "coordinates": [
          119.959111,
          30.24809
        ]
      }
    },
    {
      "type": "Feature",
      "properties": {
        "green_view_index": 18.708038330078125
      },
      "geometry": {
        "type": "Point",
        "coordinates": [
          119.9602,
          30.255245
        ]
      }
    },
    {
      "type": "Feature",
      "properties": {
        "green_view_index": 29.328155517578125
      },
      "geometry": {
        "type": "Point",
        "coordinates": [
          119.961445,
          30.287402
        ]
      }
    },
    {
      "type": "Feature",
      "properties": {
        "green_view_index": 20.7611083984375
      },
      "geometry": {
        "type": "Point",
        "coordinates": [
          119.961526,
          30.262845
        ]
      }
    },
    {
      "type": "Feature",
      "properties": {
        "green_view_index": 14.742660522460938
      },
      "geometry": {
        "type": "Point",
        "coordinates": [
          119.962361,
          30.259534
        ]
      }
    },
    {
      "type": "Feature",
      "properties": {
        "green_view_index": 8.803558349609375
      },
      "geometry": {
        "type": "Point",
        "coordinates": [
          119.962844,
          30.246515
        ]
      }
    },
    {
      "type": "Feature",
      "properties": {
        "green_view_index": 16.464614868164062
      },
      "geometry": {
        "type": "Point",
        "coordinates": [
          119.964031,
          30.262918
        ]
      }
    },
    {
      "type": "Feature",
      "properties": {
        "green_view_index": 19.089889526367188
      },
      "geometry": {
        "type": "Point",
        "coordinates": [
          119.964317,
          30.267729
        ]
      }
    },
    {
      "type": "Feature",
      "properties": {
        "green_view_index": 16.887664794921875
      },
      "geometry": {
        "type": "Point",
        "coordinates": [
          119.964809,
          30.249775
        ]
      }
    },
    {
      "type": "Feature",
      "properties": {
        "green_view_index": 5.3119659423828125
      },
      "geometry": {
        "type": "Point",
        "coordinates": [
          119.964857,
          30.272032
        ]
      }
    },
    {
      "type": "Feature",
      "properties": {
        "green_view_index": 30.393218994140625
      },
      "geometry": {
        "type": "Point",
        "coordinates": [
          119.965487,
          30.288237
        ]
      }
    },
    {
      "type": "Feature",
      "properties": {
        "green_view_index": 24.126052856445312
      },
      "geometry": {
        "type": "Point",
        "coordinates": [
          119.965816,
          30.244529
        ]
      }
    },
    {
      "type": "Feature",
      "properties": {
        "green_view_index": 9.758758544921875
      },
      "geometry": {
        "type": "Point",
        "coordinates": [
          119.966424,
          30.252906
        ]
      }
    },
    {
      "type": "Feature",
      "properties": {
        "green_view_index": 5.115509033203125
      },
      "geometry": {
        "type": "Point",
        "coordinates": [
          119.966565,
          30.267539
        ]
      }
    },
    {
      "type": "Feature",
      "properties": {
        "green_view_index": 7.994842529296875
      },
      "geometry": {
        "type": "Point",
        "coordinates": [
          119.967956,
          30.309904
        ]
      }
    },
    {
      "type": "Feature",
      "properties": {
        "green_view_index": 14.123916625976562
      },
      "geometry": {
        "type": "Point",
        "coordinates": [
          119.968195,
          30.306304
        ]
      }
    },
    {
      "type": "Feature",
      "properties": {
        "green_view_index": 8.683013916015625
      },
      "geometry": {
        "type": "Point",
        "coordinates": [
          119.968337,
          30.301127
        ]
      }
    },
    {
      "type": "Feature",
      "properties": {
        "green_view_index": 5.477142333984375
      },
      "geometry": {
        "type": "Point",
        "coordinates": [
          119.96868,
          30.262818
        ]
      }
    },
    {
      "type": "Feature",
      "properties": {
        "green_view_index": 3.067779541015625
      },
      "geometry": {
        "type": "Point",
        "coordinates": [
          119.968783,
          30.297544
        ]
      }
    },
    {
      "type": "Feature",
      "properties": {
        "green_view_index": 1.9519805908203125
      },
      "geometry": {
        "type": "Point",
        "coordinates": [
          119.969112,
          30.293949
        ]
      }
    },
    {
      "type": "Feature",
      "properties": {
        "green_view_index": 5.008697509765625
      },
      "geometry": {
        "type": "Point",
        "coordinates": [
          119.969158,
          30.255604
        ]
      }
    },
    {
      "type": "Feature",
      "properties": {
        "green_view_index": 6.273651123046875
      },
      "geometry": {
        "type": "Point",
        "coordinates": [
          119.969255,
          30.273725
        ]
      }
    },
    {
      "type": "Feature",
      "properties": {
        "green_view_index": 11.960601806640625
      },
      "geometry": {
        "type": "Point",
        "coordinates": [
          119.969394,
          30.241205
        ]
      }
    },
    {
      "type": "Feature",
      "properties": {
        "green_view_index": 5.0048828125
      },
      "geometry": {
        "type": "Point",
        "coordinates": [
          119.969521,
          30.289103
        ]
      }
    },
    {
      "type": "Feature",
      "properties": {
        "green_view_index": 12.855911254882812
      },
      "geometry": {
        "type": "Point",
        "coordinates": [
          119.969877,
          30.245209
        ]
      }
    },
    {
      "type": "Feature",
      "properties": {
        "green_view_index": 12.821197509765625
      },
      "geometry": {
        "type": "Point",
        "coordinates": [
          119.970168,
          30.277536
        ]
      }
    },
    {
      "type": "Feature",
      "properties": {
        "green_view_index": 12.498092651367188
      },
      "geometry": {
        "type": "Point",
        "coordinates": [
          119.970301,
          30.279853
        ]
      }
    },
    {
      "type": "Feature",
      "properties": {
        "green_view_index": 2.3975372314453125
      },
      "geometry": {
        "type": "Point",
        "coordinates": [
          119.970804,
          30.268094
        ]
      }
    },
    {
      "type": "Feature",
      "properties": {
        "green_view_index": 9.154510498046875
      },
      "geometry": {
        "type": "Point",
        "coordinates": [
          119.972071,
          30.238448
        ]
      }
    },
    {
      "type": "Feature",
      "properties": {
        "green_view_index": 8.199691772460938
      },
      "geometry": {
        "type": "Point",
        "coordinates": [
          119.973131,
          30.274723
        ]
      }
    },
    {
      "type": "Feature",
      "properties": {
        "green_view_index": 18.756103515625
      },
      "geometry": {
        "type": "Point",
        "coordinates": [
          119.974128,
          30.26532
        ]
      }
    },
    {
      "type": "Feature",
      "properties": {
        "green_view_index": 31.79931640625
      },
      "geometry": {
        "type": "Point",
        "coordinates": [
          119.974283,
          30.278027
        ]
      }
    },
    {
      "type": "Feature",
      "properties": {
        "green_view_index": 21.138763427734375
      },
      "geometry": {
        "type": "Point",
        "coordinates": [
          119.974331,
          30.280576
        ]
      }
    },
    {
      "type": "Feature",
      "properties": {
        "green_view_index": 7.3490142822265625
      },
      "geometry": {
        "type": "Point",
        "coordinates": [
          119.974824,
          30.268616
        ]
      }
    },
    {
      "type": "Feature",
      "properties": {
        "green_view_index": 22.369384765625
      },
      "geometry": {
        "type": "Point",
        "coordinates": [
          119.975213,
          30.236126
        ]
      }
    },
    {
      "type": "Feature",
      "properties": {
        "green_view_index": 7.77435302734375
      },
      "geometry": {
        "type": "Point",
        "coordinates": [
          119.975403,
          30.275155
        ]
      }
    },
    {
      "type": "Feature",
      "properties": {
        "green_view_index": 18.32275390625
      },
      "geometry": {
        "type": "Point",
        "coordinates": [
          119.976777,
          30.28125
        ]
      }
    },
    {
      "type": "Feature",
      "properties": {
        "green_view_index": 16.55120849609375
      },
      "geometry": {
        "type": "Point",
        "coordinates": [
          119.977906,
          30.268674
        ]
      }
    },
    {
      "type": "Feature",
      "properties": {
        "green_view_index": 28.897857666015625
      },
      "geometry": {
        "type": "Point",
        "coordinates": [
          119.978415,
          30.278409
        ]
      }
    },
    {
      "type": "Feature",
      "properties": {
        "green_view_index": 43.129730224609375
      },
      "geometry": {
        "type": "Point",
        "coordinates": [
          119.978761,
          30.263483
        ]
      }
    },
    {
      "type": "Feature",
      "properties": {
        "green_view_index": 5.3821563720703125
      },
      "geometry": {
        "type": "Point",
        "coordinates": [
          119.979023,
          30.248666
        ]
      }
    },
    {
      "type": "Feature",
      "properties": {
        "green_view_index": 10.272979736328125
      },
      "geometry": {
        "type": "Point",
        "coordinates": [
          119.979173,
          30.235133
        ]
      }
    },
    {
      "type": "Feature",
      "properties": {
        "green_view_index": 12.262725830078125
      },
      "geometry": {
        "type": "Point",
        "coordinates": [
          119.980402,
          30.245264
        ]
      }
    },
    {
      "type": "Feature",
      "properties": {
        "green_view_index": 16.547393798828125
      },
      "geometry": {
        "type": "Point",
        "coordinates": [
          119.980411,
          30.241703
        ]
      }
    },
    {
      "type": "Feature",
      "properties": {
        "green_view_index": 14.13116455078125
      },
      "geometry": {
        "type": "Point",
        "coordinates": [
          119.980808,
          30.282127
        ]
      }
    },
    {
      "type": "Feature",
      "properties": {
        "green_view_index": 2.2342681884765625
      },
      "geometry": {
        "type": "Point",
        "coordinates": [
          119.981955,
          30.251127
        ]
      }
    },
    {
      "type": "Feature",
      "properties": {
        "green_view_index": 24.970626831054688
      },
      "geometry": {
        "type": "Point",
        "coordinates": [
          119.982006,
          30.276636
        ]
      }
    },
    {
      "type": "Feature",
      "properties": {
        "green_view_index": 21.851348876953125
      },
      "geometry": {
        "type": "Point",
        "coordinates": [
          119.982052,
          30.268452
        ]
      }
    },
    {
      "type": "Feature",
      "properties": {
        "green_view_index": 36.290740966796875
      },
      "geometry": {
        "type": "Point",
        "coordinates": [
          119.983146,
          30.262998
        ]
      }
    },
    {
      "type": "Feature",
      "properties": {
        "green_view_index": 36.83509826660156
      },
      "geometry": {
        "type": "Point",
        "coordinates": [
          119.983294,
          30.291409
        ]
      }
    },
    {
      "type": "Feature",
      "properties": {
        "green_view_index": 7.5222015380859375
      },
      "geometry": {
        "type": "Point",
        "coordinates": [
          119.983683,
          30.288823
        ]
      }
    },
    {
      "type": "Feature",
      "properties": {
        "green_view_index": 7.2559356689453125
      },
      "geometry": {
        "type": "Point",
        "coordinates": [
          119.984359,
          30.253641
        ]
      }
    },
    {
      "type": "Feature",
      "properties": {
        "green_view_index": 3.5182952880859375
      },
      "geometry": {
        "type": "Point",
        "coordinates": [
          119.984842,
          30.282988
        ]
      }
    },
    {
      "type": "Feature",
      "properties": {
        "green_view_index": 22.916793823242188
      },
      "geometry": {
        "type": "Point",
        "coordinates": [
          119.985754,
          30.287448
        ]
      }
    },
    {
      "type": "Feature",
      "properties": {
        "green_view_index": 13.617706298828125
      },
      "geometry": {
        "type": "Point",
        "coordinates": [
          119.986154,
          30.276845
        ]
      }
    },
    {
      "type": "Feature",
      "properties": {
        "green_view_index": 5.0304412841796875
      },
      "geometry": {
        "type": "Point",
        "coordinates": [
          119.986202,
          30.268289
        ]
      }
    },
    {
      "type": "Feature",
      "properties": {
        "green_view_index": 7.5592041015625
      },
      "geometry": {
        "type": "Point",
        "coordinates": [
          119.986232,
          30.272247
        ]
      }
    },
    {
      "type": "Feature",
      "properties": {
        "green_view_index": 12.340164184570312
      },
      "geometry": {
        "type": "Point",
        "coordinates": [
          119.986607,
          30.235576
        ]
      }
    },
    {
      "type": "Feature",
      "properties": {
        "green_view_index": 4.68597412109375
      },
      "geometry": {
        "type": "Point",
        "coordinates": [
          119.988392,
          30.290377
        ]
      }
    },
    {
      "type": "Feature",
      "properties": {
        "green_view_index": 36.5020751953125
      },
      "geometry": {
        "type": "Point",
        "coordinates": [
          119.990305,
          30.258602
        ]
      }
    },
    {
      "type": "Feature",
      "properties": {
        "green_view_index": 41.080474853515625
      },
      "geometry": {
        "type": "Point",
        "coordinates": [
          119.990715,
          30.236073
        ]
      }
    },
    {
      "type": "Feature",
      "properties": {
        "green_view_index": 20.5535888671875
      },
      "geometry": {
        "type": "Point",
        "coordinates": [
          119.990851,
          30.289033
        ]
      }
    },
    {
      "type": "Feature",
      "properties": {
        "green_view_index": 9.69696044921875
      },
      "geometry": {
        "type": "Point",
        "coordinates": [
          119.992141,
          30.268061
        ]
      }
    },
    {
      "type": "Feature",
      "properties": {
        "green_view_index": 18.747711181640625
      },
      "geometry": {
        "type": "Point",
        "coordinates": [
          119.993246,
          30.289567
        ]
      }
    },
    {
      "type": "Feature",
      "properties": {
        "green_view_index": 23.6907958984375
      },
      "geometry": {
        "type": "Point",
        "coordinates": [
          119.994718,
          30.23703
        ]
      }
    },
    {
      "type": "Feature",
      "properties": {
        "green_view_index": 13.603973388671875
      },
      "geometry": {
        "type": "Point",
        "coordinates": [
          119.996315,
          30.277871
        ]
      }
    },
    {
      "type": "Feature",
      "properties": {
        "green_view_index": 1.4202117919921875
      },
      "geometry": {
        "type": "Point",
        "coordinates": [
          119.99662,
          30.286455
        ]
      }
    },
    {
      "type": "Feature",
      "properties": {
        "green_view_index": 11.626815795898438
      },
      "geometry": {
        "type": "Point",
        "coordinates": [
          119.997721,
          30.282106
        ]
      }
    },
    {
      "type": "Feature",
      "properties": {
        "green_view_index": 3.70941162109375
      },
      "geometry": {
        "type": "Point",
        "coordinates": [
          119.997991,
          30.29601
        ]
      }
    },
    {
      "type": "Feature",
      "properties": {
        "green_view_index": 30.783843994140625
      },
      "geometry": {
        "type": "Point",
        "coordinates": [
          119.998734,
          30.237941
        ]
      }
    },
    {
      "type": "Feature",
      "properties": {
        "green_view_index": 18.342971801757812
      },
      "geometry": {
        "type": "Point",
        "coordinates": [
          120.002816,
          30.238602
        ]
      }
    },
    {
      "type": "Feature",
      "properties": {
        "green_view_index": 26.858139038085938
      },
      "geometry": {
        "type": "Point",
        "coordinates": [
          120.015565,
          30.291684
        ]
      }
    },
    {
      "type": "Feature",
      "properties": {
        "green_view_index": 21.7254638671875
      },
      "geometry": {
        "type": "Point",
        "coordinates": [
          120.016718,
          30.262816
        ]
      }
    },
    {
      "type": "Feature",
      "properties": {
        "green_view_index": 8.374786376953125
      },
      "geometry": {
        "type": "Point",
        "coordinates": [
          120.017275,
          30.278437
        ]
      }
    },
    {
      "type": "Feature",
      "properties": {
        "green_view_index": 18.339920043945312
      },
      "geometry": {
        "type": "Point",
        "coordinates": [
          120.017662,
          30.266328
        ]
      }
    },
    {
      "type": "Feature",
      "properties": {
        "green_view_index": 19.632720947265625
      },
      "geometry": {
        "type": "Point",
        "coordinates": [
          120.01803,
          30.210682
        ]
      }
    },
    {
      "type": "Feature",
      "properties": {
        "green_view_index": 10.309600830078125
      },
      "geometry": {
        "type": "Point",
        "coordinates": [
          120.018119,
          30.268768
        ]
      }
    },
    {
      "type": "Feature",
      "properties": {
        "green_view_index": 6.2519073486328125
      },
      "geometry": {
        "type": "Point",
        "coordinates": [
          120.018403,
          30.272358
        ]
      }
    },
    {
      "type": "Feature",
      "properties": {
        "green_view_index": 16.89910888671875
      },
      "geometry": {
        "type": "Point",
        "coordinates": [
          120.018436,
          30.24726
        ]
      }
    },
    {
      "type": "Feature",
      "properties": {
        "green_view_index": 22.164154052734375
      },
      "geometry": {
        "type": "Point",
        "coordinates": [
          120.019303,
          30.279031
        ]
      }
    },
    {
      "type": "Feature",
      "properties": {
        "green_view_index": 24.664688110351562
      },
      "geometry": {
        "type": "Point",
        "coordinates": [
          120.020768,
          30.211363
        ]
      }
    },
    {
      "type": "Feature",
      "properties": {
        "green_view_index": 16.87164306640625
      },
      "geometry": {
        "type": "Point",
        "coordinates": [
          120.021315,
          30.284051
        ]
      }
    },
    {
      "type": "Feature",
      "properties": {
        "green_view_index": 11.65924072265625
      },
      "geometry": {
        "type": "Point",
        "coordinates": [
          120.021551,
          30.293817
        ]
      }
    },
    {
      "type": "Feature",
      "properties": {
        "green_view_index": 5.730438232421875
      },
      "geometry": {
        "type": "Point",
        "coordinates": [
          120.022609,
          30.272943
        ]
      }
    },
    {
      "type": "Feature",
      "properties": {
        "green_view_index": 21.073150634765625
      },
      "geometry": {
        "type": "Point",
        "coordinates": [
          120.023356,
          30.241059
        ]
      }
    },
    {
      "type": "Feature",
      "properties": {
        "green_view_index": 10.14556884765625
      },
      "geometry": {
        "type": "Point",
        "coordinates": [
          120.02337,
          30.289921
        ]
      }
    },
    {
      "type": "Feature",
      "properties": {
        "green_view_index": 12.308502197265625
      },
      "geometry": {
        "type": "Point",
        "coordinates": [
          120.024186,
          30.257306
        ]
      }
    },
    {
      "type": "Feature",
      "properties": {
        "green_view_index": 3.79180908203125
      },
      "geometry": {
        "type": "Point",
        "coordinates": [
          120.024763,
          30.253092
        ]
      }
    },
    {
      "type": "Feature",
      "properties": {
        "green_view_index": 6.760406494140625
      },
      "geometry": {
        "type": "Point",
        "coordinates": [
          120.025247,
          30.285201
        ]
      }
    },
    {
      "type": "Feature",
      "properties": {
        "green_view_index": 12.4053955078125
      },
      "geometry": {
        "type": "Point",
        "coordinates": [
          120.027194,
          30.253588
        ]
      }
    },
    {
      "type": "Feature",
      "properties": {
        "green_view_index": 3.2566070556640625
      },
      "geometry": {
        "type": "Point",
        "coordinates": [
          120.027269,
          30.291168
        ]
      }
    },
    {
      "type": "Feature",
      "properties": {
        "green_view_index": 11.819839477539062
      },
      "geometry": {
        "type": "Point",
        "coordinates": [
          120.027453,
          30.241652
        ]
      }
    },
    {
      "type": "Feature",
      "properties": {
        "green_view_index": 4.009246826171875
      },
      "geometry": {
        "type": "Point",
        "coordinates": [
          120.027496,
          30.273441
        ]
      }
    },
    {
      "type": "Feature",
      "properties": {
        "green_view_index": 6.856536865234375
      },
      "geometry": {
        "type": "Point",
        "coordinates": [
          120.02832,
          30.225989
        ]
      }
    },
    {
      "type": "Feature",
      "properties": {
        "green_view_index": 9.700775146484375
      },
      "geometry": {
        "type": "Point",
        "coordinates": [
          120.029413,
          30.258338
        ]
      }
    },
    {
      "type": "Feature",
      "properties": {
        "green_view_index": 26.895523071289062
      },
      "geometry": {
        "type": "Point",
        "coordinates": [
          120.029857,
          30.286478
        ]
      }
    },
    {
      "type": "Feature",
      "properties": {
        "green_view_index": 2.0214080810546875
      },
      "geometry": {
        "type": "Point",
        "coordinates": [
          120.030467,
          30.254305
        ]
      }
    },
    {
      "type": "Feature",
      "properties": {
        "green_view_index": 1.9878387451171875
      },
      "geometry": {
        "type": "Point",
        "coordinates": [
          120.030748,
          30.228764
        ]
      }
    },
    {
      "type": "Feature",
      "properties": {
        "green_view_index": 5.068206787109375
      },
      "geometry": {
        "type": "Point",
        "coordinates": [
          120.031188,
          30.292366
        ]
      }
    },
    {
      "type": "Feature",
      "properties": {
        "green_view_index": 10.943603515625
      },
      "geometry": {
        "type": "Point",
        "coordinates": [
          120.031438,
          30.247252
        ]
      }
    },
    {
      "type": "Feature",
      "properties": {
        "green_view_index": 34.127044677734375
      },
      "geometry": {
        "type": "Point",
        "coordinates": [
          120.032272,
          30.221956
        ]
      }
    },
    {
      "type": "Feature",
      "properties": {
        "green_view_index": 3.6968231201171875
      },
      "geometry": {
        "type": "Point",
        "coordinates": [
          120.032809,
          30.298104
        ]
      }
    },
    {
      "type": "Feature",
      "properties": {
        "green_view_index": 3.0498504638671875
      },
      "geometry": {
        "type": "Point",
        "coordinates": [
          120.033498,
          30.259275
        ]
      }
    },
    {
      "type": "Feature",
      "properties": {
        "green_view_index": 3.80859375
      },
      "geometry": {
        "type": "Point",
        "coordinates": [
          120.033534,
          30.266195
        ]
      }
    },
    {
      "type": "Feature",
      "properties": {
        "green_view_index": 10.312271118164062
      },
      "geometry": {
        "type": "Point",
        "coordinates": [
          120.033628,
          30.26878
        ]
      }
    },
    {
      "type": "Feature",
      "properties": {
        "green_view_index": 9.215545654296875
      },
      "geometry": {
        "type": "Point",
        "coordinates": [
          120.033844,
          30.287491
        ]
      }
    },
    {
      "type": "Feature",
      "properties": {
        "green_view_index": 8.005523681640625
      },
      "geometry": {
        "type": "Point",
        "coordinates": [
          120.034478,
          30.255154
        ]
      }
    },
    {
      "type": "Feature",
      "properties": {
        "green_view_index": 12.846755981445312
      },
      "geometry": {
        "type": "Point",
        "coordinates": [
          120.034651,
          30.252845
        ]
      }
    },
    {
      "type": "Feature",
      "properties": {
        "green_view_index": 11.652374267578125
      },
      "geometry": {
        "type": "Point",
        "coordinates": [
          120.035192,
          30.273466
        ]
      }
    },
    {
      "type": "Feature",
      "properties": {
        "green_view_index": 7.042694091796875
      },
      "geometry": {
        "type": "Point",
        "coordinates": [
          120.03564,
          30.248344
        ]
      }
    },
    {
      "type": "Feature",
      "properties": {
        "green_view_index": 5.0628662109375
      },
      "geometry": {
        "type": "Point",
        "coordinates": [
          120.036103,
          30.246043
        ]
      }
    },
    {
      "type": "Feature",
      "properties": {
        "green_view_index": 1.104736328125
      },
      "geometry": {
        "type": "Point",
        "coordinates": [
          120.036298,
          30.262386
        ]
      }
    },
    {
      "type": "Feature",
      "properties": {
        "green_view_index": 9.012603759765625
      },
      "geometry": {
        "type": "Point",
        "coordinates": [
          120.037142,
          30.269215
        ]
      }
    },
    {
      "type": "Feature",
      "properties": {
        "green_view_index": 6.966400146484375
      },
      "geometry": {
        "type": "Point",
        "coordinates": [
          120.037301,
          30.243084
        ]
      }
    },
    {
      "type": "Feature",
      "properties": {
        "green_view_index": 13.618850708007812
      },
      "geometry": {
        "type": "Point",
        "coordinates": [
          120.037736,
          30.284603
        ]
      }
    },
    {
      "type": "Feature",
      "properties": {
        "green_view_index": 4.42352294921875
      },
      "geometry": {
        "type": "Point",
        "coordinates": [
          120.037815,
          30.288544
        ]
      }
    },
    {
      "type": "Feature",
      "properties": {
        "green_view_index": 17.891693115234375
      },
      "geometry": {
        "type": "Point",
        "coordinates": [
          120.037817,
          30.281479
        ]
      }
    },
    {
      "type": "Feature",
      "properties": {
        "green_view_index": 5.5614471435546875
      },
      "geometry": {
        "type": "Point",
        "coordinates": [
          120.038168,
          30.279223
        ]
      }
    },
    {
      "type": "Feature",
      "properties": {
        "green_view_index": 7.2277069091796875
      },
      "geometry": {
        "type": "Point",
        "coordinates": [
          120.038881,
          30.298767
        ]
      }
    },
    {
      "type": "Feature",
      "properties": {
        "green_view_index": 20.356369018554688
      },
      "geometry": {
        "type": "Point",
        "coordinates": [
          120.039047,
          30.257731
        ]
      }
    },
    {
      "type": "Feature",
      "properties": {
        "green_view_index": 5.7952880859375
      },
      "geometry": {
        "type": "Point",
        "coordinates": [
          120.039098,
          30.29399
        ]
      }
    },
    {
      "type": "Feature",
      "properties": {
        "green_view_index": 28.680801391601562
      },
      "geometry": {
        "type": "Point",
        "coordinates": [
          120.039507,
          30.251351
        ]
      }
    },
    {
      "type": "Feature",
      "properties": {
        "green_view_index": 14.101409912109375
      },
      "geometry": {
        "type": "Point",
        "coordinates": [
          120.039513,
          30.261312
        ]
      }
    },
    {
      "type": "Feature",
      "properties": {
        "green_view_index": 21.628952026367188
      },
      "geometry": {
        "type": "Point",
        "coordinates": [
          120.040373,
          30.229297
        ]
      }
    },
    {
      "type": "Feature",
      "properties": {
        "green_view_index": 16.788101196289062
      },
      "geometry": {
        "type": "Point",
        "coordinates": [
          120.040463,
          30.267029
        ]
      }
    },
    {
      "type": "Feature",
      "properties": {
        "green_view_index": 10.66436767578125
      },
      "geometry": {
        "type": "Point",
        "coordinates": [
          120.040524,
          30.234697
        ]
      }
    },
    {
      "type": "Feature",
      "properties": {
        "green_view_index": 39.629364013671875
      },
      "geometry": {
        "type": "Point",
        "coordinates": [
          120.040788,
          30.269277
        ]
      }
    },
    {
      "type": "Feature",
      "properties": {
        "green_view_index": 26.346588134765625
      },
      "geometry": {
        "type": "Point",
        "coordinates": [
          120.041357,
          30.272849
        ]
      }
    },
    {
      "type": "Feature",
      "properties": {
        "green_view_index": 4.89501953125
      },
      "geometry": {
        "type": "Point",
        "coordinates": [
          120.041911,
          30.276422
        ]
      }
    },
    {
      "type": "Feature",
      "properties": {
        "green_view_index": 13.389205932617188
      },
      "geometry": {
        "type": "Point",
        "coordinates": [
          120.042031,
          30.288909
        ]
      }
    },
    {
      "type": "Feature",
      "properties": {
        "green_view_index": 8.926010131835938
      },
      "geometry": {
        "type": "Point",
        "coordinates": [
          120.042748,
          30.250015
        ]
      }
    },
    {
      "type": "Feature",
      "properties": {
        "green_view_index": 4.376220703125
      },
      "geometry": {
        "type": "Point",
        "coordinates": [
          120.04276,
          30.298676
        ]
      }
    },
    {
      "type": "Feature",
      "properties": {
        "green_view_index": 6.8508148193359375
      },
      "geometry": {
        "type": "Point",
        "coordinates": [
          120.042777,
          30.148447
        ]
      }
    },
    {
      "type": "Feature",
      "properties": {
        "green_view_index": 29.815673828125
      },
      "geometry": {
        "type": "Point",
        "coordinates": [
          120.042977,
          30.231392
        ]
      }
    },
    {
      "type": "Feature",
      "properties": {
        "green_view_index": 9.502410888671875
      },
      "geometry": {
        "type": "Point",
        "coordinates": [
          120.043471,
          30.280732
        ]
      }
    },
    {
      "type": "Feature",
      "properties": {
        "green_view_index": 6.1504364013671875
      },
      "geometry": {
        "type": "Point",
        "coordinates": [
          120.043748,
          30.284305
        ]
      }
    },
    {
      "type": "Feature",
      "properties": {
        "green_view_index": 42.26264953613281
      },
      "geometry": {
        "type": "Point",
        "coordinates": [
          120.044046,
          30.244168
        ]
      }
    },
    {
      "type": "Feature",
      "properties": {
        "green_view_index": 12.485504150390625
      },
      "geometry": {
        "type": "Point",
        "coordinates": [
          120.044878,
          30.289133
        ]
      }
    },
    {
      "type": "Feature",
      "properties": {
        "green_view_index": 15.885162353515625
      },
      "geometry": {
        "type": "Point",
        "coordinates": [
          120.045105,
          30.238907
        ]
      }
    },
    {
      "type": "Feature",
      "properties": {
        "green_view_index": 12.356185913085938
      },
      "geometry": {
        "type": "Point",
        "coordinates": [
          120.045559,
          30.234213
        ]
      }
    },
    {
      "type": "Feature",
      "properties": {
        "green_view_index": 12.111663818359375
      },
      "geometry": {
        "type": "Point",
        "coordinates": [
          120.045975,
          30.154117
        ]
      }
    },
    {
      "type": "Feature",
      "properties": {
        "green_view_index": 24.130630493164062
      },
      "geometry": {
        "type": "Point",
        "coordinates": [
          120.046497,
          30.298586
        ]
      }
    },
    {
      "type": "Feature",
      "properties": {
        "green_view_index": 11.515426635742188
      },
      "geometry": {
        "type": "Point",
        "coordinates": [
          120.046874,
          30.150597
        ]
      }
    },
    {
      "type": "Feature",
      "properties": {
        "green_view_index": 21.676254272460938
      },
      "geometry": {
        "type": "Point",
        "coordinates": [
          120.046946,
          30.331734
        ]
      }
    },
    {
      "type": "Feature",
      "properties": {
        "green_view_index": 7.7243804931640625
      },
      "geometry": {
        "type": "Point",
        "coordinates": [
          120.047574,
          30.245729
        ]
      }
    },
    {
      "type": "Feature",
      "properties": {
        "green_view_index": 6.52618408203125
      },
      "geometry": {
        "type": "Point",
        "coordinates": [
          120.047709,
          30.24176
        ]
      }
    },
    {
      "type": "Feature",
      "properties": {
        "green_view_index": 14.125823974609375
      },
      "geometry": {
        "type": "Point",
        "coordinates": [
          120.047833,
          30.283574
        ]
      }
    },
    {
      "type": "Feature",
      "properties": {
        "green_view_index": 27.945709228515625
      },
      "geometry": {
        "type": "Point",
        "coordinates": [
          120.047985,
          30.155259
        ]
      }
    },
    {
      "type": "Feature",
      "properties": {
        "green_view_index": 1.5621185302734375
      },
      "geometry": {
        "type": "Point",
        "coordinates": [
          120.048477,
          30.239668
        ]
      }
    },
    {
      "type": "Feature",
      "properties": {
        "green_view_index": 31.5704345703125
      },
      "geometry": {
        "type": "Point",
        "coordinates": [
          120.048586,
          30.232451
        ]
      }
    },
    {
      "type": "Feature",
      "properties": {
        "green_view_index": 14.612579345703125
      },
      "geometry": {
        "type": "Point",
        "coordinates": [
          120.048588,
          30.321174
        ]
      }
    },
    {
      "type": "Feature",
      "properties": {
        "green_view_index": 14.209365844726562
      },
      "geometry": {
        "type": "Point",
        "coordinates": [
          120.049031,
          30.289158
        ]
      }
    },
    {
      "type": "Feature",
      "properties": {
        "green_view_index": 6.34765625
      },
      "geometry": {
        "type": "Point",
        "coordinates": [
          120.04912,
          30.280856
        ]
      }
    },
    {
      "type": "Feature",
      "properties": {
        "green_view_index": 4.74700927734375
      },
      "geometry": {
        "type": "Point",
        "coordinates": [
          120.049537,
          30.25093
        ]
      }
    },
    {
      "type": "Feature",
      "properties": {
        "green_view_index": 8.397293090820312
      },
      "geometry": {
        "type": "Point",
        "coordinates": [
          120.049692,
          30.150368
        ]
      }
    },
    {
      "type": "Feature",
      "properties": {
        "green_view_index": 4.4342041015625
      },
      "geometry": {
        "type": "Point",
        "coordinates": [
          120.049742,
          30.244797
        ]
      }
    },
    {
      "type": "Feature",
      "properties": {
        "green_view_index": 1.4373779296875
      },
      "geometry": {
        "type": "Point",
        "coordinates": [
          120.04991,
          30.312955
        ]
      }
    },
    {
      "type": "Feature",
      "properties": {
        "green_view_index": 5.5477142333984375
      },
      "geometry": {
        "type": "Point",
        "coordinates": [
          120.050572,
          30.239991
        ]
      }
    },
    {
      "type": "Feature",
      "properties": {
        "green_view_index": 11.2579345703125
      },
      "geometry": {
        "type": "Point",
        "coordinates": [
          120.050645,
          30.298371
        ]
      }
    },
    {
      "type": "Feature",
      "properties": {
        "green_view_index": 8.302688598632812
      },
      "geometry": {
        "type": "Point",
        "coordinates": [
          120.05105,
          30.331934
        ]
      }
    },
    {
      "type": "Feature",
      "properties": {
        "green_view_index": 47.93968200683594
      },
      "geometry": {
        "type": "Point",
        "coordinates": [
          120.051172,
          30.229632
        ]
      }
    },
    {
      "type": "Feature",
      "properties": {
        "green_view_index": 0.7221221923828125
      },
      "geometry": {
        "type": "Point",
        "coordinates": [
          120.05167,
          30.293421
        ]
      }
    },
    {
      "type": "Feature",
      "properties": {
        "green_view_index": 8.060073852539062
      },
      "geometry": {
        "type": "Point",
        "coordinates": [
          120.052081,
          30.322996
        ]
      }
    },
    {
      "type": "Feature",
      "properties": {
        "green_view_index": 0.656890869140625
      },
      "geometry": {
        "type": "Point",
        "coordinates": [
          120.052333,
          30.192673
        ]
      }
    },
    {
      "type": "Feature",
      "properties": {
        "green_view_index": 11.4990234375
      },
      "geometry": {
        "type": "Point",
        "coordinates": [
          120.05245,
          30.15268
        ]
      }
    },
    {
      "type": "Feature",
      "properties": {
        "green_view_index": 0.1522064208984375
      },
      "geometry": {
        "type": "Point",
        "coordinates": [
          120.052964,
          30.226419
        ]
      }
    },
    {
      "type": "Feature",
      "properties": {
        "green_view_index": 12.723159790039062
      },
      "geometry": {
        "type": "Point",
        "coordinates": [
          120.053067,
          30.195983
        ]
      }
    },
    {
      "type": "Feature",
      "properties": {
        "green_view_index": 27.698516845703125
      },
      "geometry": {
        "type": "Point",
        "coordinates": [
          120.053152,
          30.199579
        ]
      }
    },
    {
      "type": "Feature",
      "properties": {
        "green_view_index": 7.76824951171875
      },
      "geometry": {
        "type": "Point",
        "coordinates": [
          120.053157,
          30.285832
        ]
      }
    },
    {
      "type": "Feature",
      "properties": {
        "green_view_index": 7.833099365234375
      },
      "geometry": {
        "type": "Point",
        "coordinates": [
          120.053162,
          30.288875
        ]
      }
    },
    {
      "type": "Feature",
      "properties": {
        "green_view_index": 1.323699951171875
      },
      "geometry": {
        "type": "Point",
        "coordinates": [
          120.053165,
          30.331336
        ]
      }
    },
    {
      "type": "Feature",
      "properties": {
        "green_view_index": 3.86199951171875
      },
      "geometry": {
        "type": "Point",
        "coordinates": [
          120.053173,
          30.281556
        ]
      }
    },
    {
      "type": "Feature",
      "properties": {
        "green_view_index": 2.7240753173828125
      },
      "geometry": {
        "type": "Point",
        "coordinates": [
          120.053196,
          30.295843
        ]
      }
    },
    {
      "type": "Feature",
      "properties": {
        "green_view_index": 17.187881469726562
      },
      "geometry": {
        "type": "Point",
        "coordinates": [
          120.053696,
          30.254756
        ]
      }
    },
    {
      "type": "Feature",
      "properties": {
        "green_view_index": 15.00701904296875
      },
      "geometry": {
        "type": "Point",
        "coordinates": [
          120.053728,
          30.203139
        ]
      }
    },
    {
      "type": "Feature",
      "properties": {
        "green_view_index": 19.289016723632812
      },
      "geometry": {
        "type": "Point",
        "coordinates": [
          120.05379,
          30.149915
        ]
      }
    },
    {
      "type": "Feature",
      "properties": {
        "green_view_index": 8.595657348632812
      },
      "geometry": {
        "type": "Point",
        "coordinates": [
          120.053882,
          30.244954
        ]
      }
    },
    {
      "type": "Feature",
      "properties": {
        "green_view_index": 21.27685546875
      },
      "geometry": {
        "type": "Point",
        "coordinates": [
          120.053947,
          30.313811
        ]
      }
    },
    {
      "type": "Feature",
      "properties": {
        "green_view_index": 24.315643310546875
      },
      "geometry": {
        "type": "Point",
        "coordinates": [
          120.054181,
          30.206546
        ]
      }
    },
    {
      "type": "Feature",
      "properties": {
        "green_view_index": 17.897796630859375
      },
      "geometry": {
        "type": "Point",
        "coordinates": [
          120.054651,
          30.257996
        ]
      }
    },
    {
      "type": "Feature",
      "properties": {
        "green_view_index": 7.7648162841796875
      },
      "geometry": {
        "type": "Point",
        "coordinates": [
          120.054959,
          30.336815
        ]
      }
    },
    {
      "type": "Feature",
      "properties": {
        "green_view_index": 13.22479248046875
      },
      "geometry": {
        "type": "Point",
        "coordinates": [
          120.055092,
          30.210037
        ]
      }
    },
    {
      "type": "Feature",
      "properties": {
        "green_view_index": 19.270706176757812
      },
      "geometry": {
        "type": "Point",
        "coordinates": [
          120.05518,
          30.22337
        ]
      }
    },
    {
      "type": "Feature",
      "properties": {
        "green_view_index": 7.103729248046875
      },
      "geometry": {
        "type": "Point",
        "coordinates": [
          120.056002,
          30.324071
        ]
      }
    },
    {
      "type": "Feature",
      "properties": {
        "green_view_index": 33.39385986328125
      },
      "geometry": {
        "type": "Point",
        "coordinates": [
          120.05606,
          30.251632
        ]
      }
    },
    {
      "type": "Feature",
      "properties": {
        "green_view_index": 14.577484130859375
      },
      "geometry": {
        "type": "Point",
        "coordinates": [
          120.056357,
          30.184685
        ]
      }
    },
    {
      "type": "Feature",
      "properties": {
        "green_view_index": 11.63482666015625
      },
      "geometry": {
        "type": "Point",
        "coordinates": [
          120.056711,
          30.213358
        ]
      }
    },
    {
      "type": "Feature",
      "properties": {
        "green_view_index": 2.179718017578125
      },
      "geometry": {
        "type": "Point",
        "coordinates": [
          120.057052,
          30.301181
        ]
      }
    },
    {
      "type": "Feature",
      "properties": {
        "green_view_index": 3.969573974609375
      },
      "geometry": {
        "type": "Point",
        "coordinates": [
          120.057131,
          30.329116
        ]
      }
    },
    {
      "type": "Feature",
      "properties": {
        "green_view_index": 29.085540771484375
      },
      "geometry": {
        "type": "Point",
        "coordinates": [
          120.057206,
          30.220247
        ]
      }
    },
    {
      "type": "Feature",
      "properties": {
        "green_view_index": 9.14154052734375
      },
      "geometry": {
        "type": "Point",
        "coordinates": [
          120.057299,
          30.289142
        ]
      }
    },
    {
      "type": "Feature",
      "properties": {
        "green_view_index": 2.4021148681640625
      },
      "geometry": {
        "type": "Point",
        "coordinates": [
          120.057314,
          30.282578
        ]
      }
    },
    {
      "type": "Feature",
      "properties": {
        "green_view_index": 17.986297607421875
      },
      "geometry": {
        "type": "Point",
        "coordinates": [
          120.05733,
          30.256499
        ]
      }
    },
    {
      "type": "Feature",
      "properties": {
        "green_view_index": 24.206161499023438
      },
      "geometry": {
        "type": "Point",
        "coordinates": [
          120.057921,
          30.149579
        ]
      }
    },
    {
      "type": "Feature",
      "properties": {
        "green_view_index": 4.514312744140625
      },
      "geometry": {
        "type": "Point",
        "coordinates": [
          120.05797,
          30.245542
        ]
      }
    },
    {
      "type": "Feature",
      "properties": {
        "green_view_index": 9.962081909179688
      },
      "geometry": {
        "type": "Point",
        "coordinates": [
          120.058021,
          30.313388
        ]
      }
    },
    {
      "type": "Feature",
      "properties": {
        "green_view_index": 43.225860595703125
      },
      "geometry": {
        "type": "Point",
        "coordinates": [
          120.058084,
          30.216736
        ]
      }
    },
    {
      "type": "Feature",
      "properties": {
        "green_view_index": 56.87828063964844
      },
      "geometry": {
        "type": "Point",
        "coordinates": [
          120.058512,
          30.304979
        ]
      }
    },
    {
      "type": "Feature",
      "properties": {
        "green_view_index": 2.259063720703125
      },
      "geometry": {
        "type": "Point",
        "coordinates": [
          120.058711,
          30.351199
        ]
      }
    },
    {
      "type": "Feature",
      "properties": {
        "green_view_index": 33.25386047363281
      },
      "geometry": {
        "type": "Point",
        "coordinates": [
          120.058966,
          30.249322
        ]
      }
    },
    {
      "type": "Feature",
      "properties": {
        "green_view_index": 2.1709442138671875
      },
      "geometry": {
        "type": "Point",
        "coordinates": [
          120.059499,
          30.344867
        ]
      }
    },
    {
      "type": "Feature",
      "properties": {
        "green_view_index": 15.215301513671875
      },
      "geometry": {
        "type": "Point",
        "coordinates": [
          120.059527,
          30.289162
        ]
      }
    },
    {
      "type": "Feature",
      "properties": {
        "green_view_index": 10.997772216796875
      },
      "geometry": {
        "type": "Point",
        "coordinates": [
          120.059625,
          30.182482
        ]
      }
    },
    {
      "type": "Feature",
      "properties": {
        "green_view_index": 1.2454986572265625
      },
      "geometry": {
        "type": "Point",
        "coordinates": [
          120.059821,
          30.333379
        ]
      }
    },
    {
      "type": "Feature",
      "properties": {
        "green_view_index": 27.141952514648438
      },
      "geometry": {
        "type": "Point",
        "coordinates": [
          120.05995,
          30.14339
        ]
      }
    },
    {
      "type": "Feature",
      "properties": {
        "green_view_index": 10.80322265625
      },
      "geometry": {
        "type": "Point",
        "coordinates": [
          120.060581,
          30.282658
        ]
      }
    },
    {
      "type": "Feature",
      "properties": {
        "green_view_index": 29.753875732421875
      },
      "geometry": {
        "type": "Point",
        "coordinates": [
          120.060838,
          30.149489
        ]
      }
    },
    {
      "type": "Feature",
      "properties": {
        "green_view_index": 30.912399291992188
      },
      "geometry": {
        "type": "Point",
        "coordinates": [
          120.060917,
          30.258313
        ]
      }
    },
    {
      "type": "Feature",
      "properties": {
        "green_view_index": 34.43489074707031
      },
      "geometry": {
        "type": "Point",
        "coordinates": [
          120.061009,
          30.238437
        ]
      }
    },
    {
      "type": "Feature",
      "properties": {
        "green_view_index": 3.8852691650390625
      },
      "geometry": {
        "type": "Point",
        "coordinates": [
          120.06163,
          30.360037
        ]
      }
    },
    {
      "type": "Feature",
      "properties": {
        "green_view_index": 17.457962036132812
      },
      "geometry": {
        "type": "Point",
        "coordinates": [
          120.062008,
          30.159194
        ]
      }
    },
    {
      "type": "Feature",
      "properties": {
        "green_view_index": 10.563278198242188
      },
      "geometry": {
        "type": "Point",
        "coordinates": [
          120.062202,
          30.297483
        ]
      }
    },
    {
      "type": "Feature",
      "properties": {
        "green_view_index": 0.862884521484375
      },
      "geometry": {
        "type": "Point",
        "coordinates": [
          120.062606,
          30.348399
        ]
      }
    },
    {
      "type": "Feature",
      "properties": {
        "green_view_index": 19.662094116210938
      },
      "geometry": {
        "type": "Point",
        "coordinates": [
          120.062638,
          30.306749
        ]
      }
    },
    {
      "type": "Feature",
      "properties": {
        "green_view_index": 5.3882598876953125
      },
      "geometry": {
        "type": "Point",
        "coordinates": [
          120.06273,
          30.247573
        ]
      }
    },
    {
      "type": "Feature",
      "properties": {
        "green_view_index": 7.5534820556640625
      },
      "geometry": {
        "type": "Point",
        "coordinates": [
          120.062754,
          30.180242
        ]
      }
    },
    {
      "type": "Feature",
      "properties": {
        "green_view_index": 30.196380615234375
      },
      "geometry": {
        "type": "Point",
        "coordinates": [
          120.063113,
          30.241215
        ]
      }
    },
    {
      "type": "Feature",
      "properties": {
        "green_view_index": 5.4332733154296875
      },
      "geometry": {
        "type": "Point",
        "coordinates": [
          120.063722,
          30.308793
        ]
      }
    },
    {
      "type": "Feature",
      "properties": {
        "green_view_index": 10.8978271484375
      },
      "geometry": {
        "type": "Point",
        "coordinates": [
          120.063849,
          30.183693
        ]
      }
    },
    {
      "type": "Feature",
      "properties": {
        "green_view_index": 20.319366455078125
      },
      "geometry": {
        "type": "Point",
        "coordinates": [
          120.06387,
          30.187278
        ]
      }
    },
    {
      "type": "Feature",
      "properties": {
        "green_view_index": 17.16766357421875
      },
      "geometry": {
        "type": "Point",
        "coordinates": [
          120.063943,
          30.142443
        ]
      }
    },
    {
      "type": "Feature",
      "properties": {
        "green_view_index": 23.357772827148438
      },
      "geometry": {
        "type": "Point",
        "coordinates": [
          120.063982,
          30.168358
        ]
      }
    },
    {
      "type": "Feature",
      "properties": {
        "green_view_index": 3.6273956298828125
      },
      "geometry": {
        "type": "Point",
        "coordinates": [
          120.064328,
          30.335564
        ]
      }
    },
    {
      "type": "Feature",
      "properties": {
        "green_view_index": 10.805892944335938
      },
      "geometry": {
        "type": "Point",
        "coordinates": [
          120.064357,
          30.190848
        ]
      }
    },
    {
      "type": "Feature",
      "properties": {
        "green_view_index": 3.6472320556640625
      },
      "geometry": {
        "type": "Point",
        "coordinates": [
          120.064542,
          30.289304
        ]
      }
    },
    {
      "type": "Feature",
      "properties": {
        "green_view_index": 3.609466552734375
      },
      "geometry": {
        "type": "Point",
        "coordinates": [
          120.064557,
          30.260049
        ]
      }
    },
    {
      "type": "Feature",
      "properties": {
        "green_view_index": 3.0731201171875
      },
      "geometry": {
        "type": "Point",
        "coordinates": [
          120.064737,
          30.343712
        ]
      }
    },
    {
      "type": "Feature",
      "properties": {
        "green_view_index": 3.987884521484375
      },
      "geometry": {
        "type": "Point",
        "coordinates": [
          120.064794,
          30.282818
        ]
      }
    },
    {
      "type": "Feature",
      "properties": {
        "green_view_index": 18.723678588867188
      },
      "geometry": {
        "type": "Point",
        "coordinates": [
          120.064943,
          30.177083
        ]
      }
    },
    {
      "type": "Feature",
      "properties": {
        "green_view_index": 12.044143676757812
      },
      "geometry": {
        "type": "Point",
        "coordinates": [
          120.064968,
          30.14915
        ]
      }
    },
    {
      "type": "Feature",
      "properties": {
        "green_view_index": 16.902542114257812
      },
      "geometry": {
        "type": "Point",
        "coordinates": [
          120.064996,
          30.303394
        ]
      }
    },
    {
      "type": "Feature",
      "properties": {
        "green_view_index": 30.8135986328125
      },
      "geometry": {
        "type": "Point",
        "coordinates": [
          120.065173,
          30.279793
        ]
      }
    },
    {
      "type": "Feature",
      "properties": {
        "green_view_index": 31.453704833984375
      },
      "geometry": {
        "type": "Point",
        "coordinates": [
          120.065234,
          30.201104
        ]
      }
    },
    {
      "type": "Feature",
      "properties": {
        "green_view_index": 21.939468383789062
      },
      "geometry": {
        "type": "Point",
        "coordinates": [
          120.065238,
          30.300394
        ]
      }
    },
    {
      "type": "Feature",
      "properties": {
        "green_view_index": 3.1894683837890625
      },
      "geometry": {
        "type": "Point",
        "coordinates": [
          120.06541,
          30.296792
        ]
      }
    },
    {
      "type": "Feature",
      "properties": {
        "green_view_index": 15.250778198242188
      },
      "geometry": {
        "type": "Point",
        "coordinates": [
          120.065608,
          30.204639
        ]
      }
    },
    {
      "type": "Feature",
      "properties": {
        "green_view_index": 16.128921508789062
      },
      "geometry": {
        "type": "Point",
        "coordinates": [
          120.065734,
          30.194219
        ]
      }
    },
    {
      "type": "Feature",
      "properties": {
        "green_view_index": 4.559326171875
      },
      "geometry": {
        "type": "Point",
        "coordinates": [
          120.065895,
          30.249882
        ]
      }
    },
    {
      "type": "Feature",
      "properties": {
        "green_view_index": 25.753402709960938
      },
      "geometry": {
        "type": "Point",
        "coordinates": [
          120.065945,
          30.197558
        ]
      }
    },
    {
      "type": "Feature",
      "properties": {
        "green_view_index": 6.1054229736328125
      },
      "geometry": {
        "type": "Point",
        "coordinates": [
          120.066096,
          30.163193
        ]
      }
    },
    {
      "type": "Feature",
      "properties": {
        "green_view_index": 5.994415283203125
      },
      "geometry": {
        "type": "Point",
        "coordinates": [
          120.0664,
          30.355584
        ]
      }
    },
    {
      "type": "Feature",
      "properties": {
        "green_view_index": 0.9860992431640625
      },
      "geometry": {
        "type": "Point",
        "coordinates": [
          120.066882,
          30.360884
        ]
      }
    },
    {
      "type": "Feature",
      "properties": {
        "green_view_index": 13.597869873046875
      },
      "geometry": {
        "type": "Point",
        "coordinates": [
          120.067181,
          30.174048
        ]
      }
    },
    {
      "type": "Feature",
      "properties": {
        "green_view_index": 11.417770385742188
      },
      "geometry": {
        "type": "Point",
        "coordinates": [
          120.06731,
          30.332835
        ]
      }
    },
    {
      "type": "Feature",
      "properties": {
        "green_view_index": 10.810089111328125
      },
      "geometry": {
        "type": "Point",
        "coordinates": [
          120.067803,
          30.309964
        ]
      }
    },
    {
      "type": "Feature",
      "properties": {
        "green_view_index": 9.719467163085938
      },
      "geometry": {
        "type": "Point",
        "coordinates": [
          120.067834,
          30.275212
        ]
      }
    },
    {
      "type": "Feature",
      "properties": {
        "green_view_index": 66.40357971191406
      },
      "geometry": {
        "type": "Point",
        "coordinates": [
          120.067929,
          30.248887
        ]
      }
    },
    {
      "type": "Feature",
      "properties": {
        "green_view_index": 23.555755615234375
      },
      "geometry": {
        "type": "Point",
        "coordinates": [
          120.068023,
          30.246294
        ]
      }
    },
    {
      "type": "Feature",
      "properties": {
        "green_view_index": 9.032058715820312
      },
      "geometry": {
        "type": "Point",
        "coordinates": [
          120.068054,
          30.142046
        ]
      }
    },
    {
      "type": "Feature",
      "properties": {
        "green_view_index": 47.08251953125
      },
      "geometry": {
        "type": "Point",
        "coordinates": [
          120.068184,
          30.261803
        ]
      }
    },
    {
      "type": "Feature",
      "properties": {
        "green_view_index": 15.896987915039062
      },
      "geometry": {
        "type": "Point",
        "coordinates": [
          120.068497,
          30.365144
        ]
      }
    },
    {
      "type": "Feature",
      "properties": {
        "green_view_index": 10.248184204101562
      },
      "geometry": {
        "type": "Point",
        "coordinates": [
          120.068723,
          30.14875
        ]
      }
    },
    {
      "type": "Feature",
      "properties": {
        "green_view_index": 23.905181884765625
      },
      "geometry": {
        "type": "Point",
        "coordinates": [
          120.068727,
          30.252507
        ]
      }
    },
    {
      "type": "Feature",
      "properties": {
        "green_view_index": 3.708648681640625
      },
      "geometry": {
        "type": "Point",
        "coordinates": [
          120.068904,
          30.330064
        ]
      }
    },
    {
      "type": "Feature",
      "properties": {
        "green_view_index": 12.918472290039062
      },
      "geometry": {
        "type": "Point",
        "coordinates": [
          120.069252,
          30.271846
        ]
      }
    },
    {
      "type": "Feature",
      "properties": {
        "green_view_index": 6.793212890625
      },
      "geometry": {
        "type": "Point",
        "coordinates": [
          120.069381,
          30.164037
        ]
      }
    },
    {
      "type": "Feature",
      "properties": {
        "green_view_index": 13.443756103515625
      },
      "geometry": {
        "type": "Point",
        "coordinates": [
          120.069435,
          30.171021
        ]
      }
    },
    {
      "type": "Feature",
      "properties": {
        "green_view_index": 6.3018798828125
      },
      "geometry": {
        "type": "Point",
        "coordinates": [
          120.069483,
          30.342029
        ]
      }
    },
    {
      "type": "Feature",
      "properties": {
        "green_view_index": 5.127716064453125
      },
      "geometry": {
        "type": "Point",
        "coordinates": [
          120.069568,
          30.313794
        ]
      }
    },
    {
      "type": "Feature",
      "properties": {
        "green_view_index": 7.2383880615234375
      },
      "geometry": {
        "type": "Point",
        "coordinates": [
          120.069848,
          30.268305
        ]
      }
    },
    {
      "type": "Feature",
      "properties": {
        "green_view_index": 4.6672821044921875
      },
      "geometry": {
        "type": "Point",
        "coordinates": [
          120.069989,
          30.15384
        ]
      }
    },
    {
      "type": "Feature",
      "properties": {
        "green_view_index": 49.25346374511719
      },
      "geometry": {
        "type": "Point",
        "coordinates": [
          120.070076,
          30.244672
        ]
      }
    },
    {
      "type": "Feature",
      "properties": {
        "green_view_index": 7.331085205078125
      },
      "geometry": {
        "type": "Point",
        "coordinates": [
          120.070238,
          30.316711
        ]
      }
    },
    {
      "type": "Feature",
      "properties": {
        "green_view_index": 4.7718048095703125
      },
      "geometry": {
        "type": "Point",
        "coordinates": [
          120.070607,
          30.160372
        ]
      }
    },
    {
      "type": "Feature",
      "properties": {
        "green_view_index": 2.5257110595703125
      },
      "geometry": {
        "type": "Point",
        "coordinates": [
          120.070688,
          30.326725
        ]
      }
    },
    {
      "type": "Feature",
      "properties": {
        "green_view_index": 9.074783325195312
      },
      "geometry": {
        "type": "Point",
        "coordinates": [
          120.070784,
          30.311653
        ]
      }
    },
    {
      "type": "Feature",
      "properties": {
        "green_view_index": 0.97808837890625
      },
      "geometry": {
        "type": "Point",
        "coordinates": [
          120.070871,
          30.347238
        ]
      }
    },
    {
      "type": "Feature",
      "properties": {
        "green_view_index": 17.041015625
      },
      "geometry": {
        "type": "Point",
        "coordinates": [
          120.071063,
          30.2419
        ]
      }
    },
    {
      "type": "Feature",
      "properties": {
        "green_view_index": 4.3956756591796875
      },
      "geometry": {
        "type": "Point",
        "coordinates": [
          120.071775,
          30.294091
        ]
      }
    },
    {
      "type": "Feature",
      "properties": {
        "green_view_index": 1.5720367431640625
      },
      "geometry": {
        "type": "Point",
        "coordinates": [
          120.071972,
          30.288934
        ]
      }
    },
    {
      "type": "Feature",
      "properties": {
        "green_view_index": 20.573806762695312
      },
      "geometry": {
        "type": "Point",
        "coordinates": [
          120.071973,
          30.263235
        ]
      }
    },
    {
      "type": "Feature",
      "properties": {
        "green_view_index": 1.4862060546875
      },
      "geometry": {
        "type": "Point",
        "coordinates": [
          120.071995,
          30.322675
        ]
      }
    },
    {
      "type": "Feature",
      "properties": {
        "green_view_index": 3.9211273193359375
      },
      "geometry": {
        "type": "Point",
        "coordinates": [
          120.072039,
          30.286172
        ]
      }
    },
    {
      "type": "Feature",
      "properties": {
        "green_view_index": 6.7302703857421875
      },
      "geometry": {
        "type": "Point",
        "coordinates": [
          120.072146,
          30.283092
        ]
      }
    },
    {
      "type": "Feature",
      "properties": {
        "green_view_index": 13.498306274414062
      },
      "geometry": {
        "type": "Point",
        "coordinates": [
          120.072322,
          30.296407
        ]
      }
    },
    {
      "type": "Feature",
      "properties": {
        "green_view_index": 2.423858642578125
      },
      "geometry": {
        "type": "Point",
        "coordinates": [
          120.072384,
          30.344611
        ]
      }
    },
    {
      "type": "Feature",
      "properties": {
        "green_view_index": 2.803802490234375
      },
      "geometry": {
        "type": "Point",
        "coordinates": [
          120.072441,
          30.342431
        ]
      }
    },
    {
      "type": "Feature",
      "properties": {
        "green_view_index": 17.665481567382812
      },
      "geometry": {
        "type": "Point",
        "coordinates": [
          120.072491,
          30.168729
        ]
      }
    },
    {
      "type": "Feature",
      "properties": {
        "green_view_index": 30.811309814453125
      },
      "geometry": {
        "type": "Point",
        "coordinates": [
          120.073284,
          30.255375
        ]
      }
    },
    {
      "type": "Feature",
      "properties": {
        "green_view_index": 2.066802978515625
      },
      "geometry": {
        "type": "Point",
        "coordinates": [
          120.073301,
          30.259462
        ]
      }
    },
    {
      "type": "Feature",
      "properties": {
        "green_view_index": 16.624069213867188
      },
      "geometry": {
        "type": "Point",
        "coordinates": [
          120.073475,
          30.347852
        ]
      }
    },
    {
      "type": "Feature",
      "properties": {
        "green_view_index": 3.2001495361328125
      },
      "geometry": {
        "type": "Point",
        "coordinates": [
          120.073511,
          30.362927
        ]
      }
    },
    {
      "type": "Feature",
      "properties": {
        "green_view_index": 8.046340942382812
      },
      "geometry": {
        "type": "Point",
        "coordinates": [
          120.073525,
          30.31836
        ]
      }
    },
    {
      "type": "Feature",
      "properties": {
        "green_view_index": 0.3704071044921875
      },
      "geometry": {
        "type": "Point",
        "coordinates": [
          120.073869,
          30.138645
        ]
      }
    },
    {
      "type": "Feature",
      "properties": {
        "green_view_index": 0.2933502197265625
      },
      "geometry": {
        "type": "Point",
        "coordinates": [
          120.074153,
          30.130626
        ]
      }
    },
    {
      "type": "Feature",
      "properties": {
        "green_view_index": 1.60064697265625
      },
      "geometry": {
        "type": "Point",
        "coordinates": [
          120.074326,
          30.141642
        ]
      }
    },
    {
      "type": "Feature",
      "properties": {
        "green_view_index": 3.1909942626953125
      },
      "geometry": {
        "type": "Point",
        "coordinates": [
          120.074402,
          30.358794
        ]
      }
    },
    {
      "type": "Feature",
      "properties": {
        "green_view_index": 16.284942626953125
      },
      "geometry": {
        "type": "Point",
        "coordinates": [
          120.07452,
          30.313231
        ]
      }
    },
    {
      "type": "Feature",
      "properties": {
        "green_view_index": 3.2657623291015625
      },
      "geometry": {
        "type": "Point",
        "coordinates": [
          120.075092,
          30.14855
        ]
      }
    },
    {
      "type": "Feature",
      "properties": {
        "green_view_index": 2.877044677734375
      },
      "geometry": {
        "type": "Point",
        "coordinates": [
          120.075217,
          30.339107
        ]
      }
    },
    {
      "type": "Feature",
      "properties": {
        "green_view_index": 24.524307250976562
      },
      "geometry": {
        "type": "Point",
        "coordinates": [
          120.075247,
          30.299303
        ]
      }
    },
    {
      "type": "Feature",
      "properties": {
        "green_view_index": 3.41339111328125
      },
      "geometry": {
        "type": "Point",
        "coordinates": [
          120.07531,
          30.161481
        ]
      }
    },
    {
      "type": "Feature",
      "properties": {
        "green_view_index": 2.2998809814453125
      },
      "geometry": {
        "type": "Point",
        "coordinates": [
          120.075939,
          30.153477
        ]
      }
    },
    {
      "type": "Feature",
      "properties": {
        "green_view_index": 13.283157348632812
      },
      "geometry": {
        "type": "Point",
        "coordinates": [
          120.076141,
          30.26361
        ]
      }
    },
    {
      "type": "Feature",
      "properties": {
        "green_view_index": 7.274627685546875
      },
      "geometry": {
        "type": "Point",
        "coordinates": [
          120.07616,
          30.34501
        ]
      }
    },
    {
      "type": "Feature",
      "properties": {
        "green_view_index": 8.129119873046875
      },
      "geometry": {
        "type": "Point",
        "coordinates": [
          120.07643,
          30.36036
        ]
      }
    },
    {
      "type": "Feature",
      "properties": {
        "green_view_index": 3.1696319580078125
      },
      "geometry": {
        "type": "Point",
        "coordinates": [
          120.076443,
          30.327449
        ]
      }
    },
    {
      "type": "Feature",
      "properties": {
        "green_view_index": 6.0047149658203125
      },
      "geometry": {
        "type": "Point",
        "coordinates": [
          120.076459,
          30.286209
        ]
      }
    },
    {
      "type": "Feature",
      "properties": {
        "green_view_index": 28.210830688476562
      },
      "geometry": {
        "type": "Point",
        "coordinates": [
          120.076479,
          30.283392
        ]
      }
    },
    {
      "type": "Feature",
      "properties": {
        "green_view_index": 7.17926025390625
      },
      "geometry": {
        "type": "Point",
        "coordinates": [
          120.076563,
          30.155764
        ]
      }
    },
    {
      "type": "Feature",
      "properties": {
        "green_view_index": 18.627166748046875
      },
      "geometry": {
        "type": "Point",
        "coordinates": [
          120.07658,
          30.168172
        ]
      }
    },
    {
      "type": "Feature",
      "properties": {
        "green_view_index": 10.358047485351562
      },
      "geometry": {
        "type": "Point",
        "coordinates": [
          120.076752,
          30.289398
        ]
      }
    },
    {
      "type": "Feature",
      "properties": {
        "green_view_index": 11.213302612304688
      },
      "geometry": {
        "type": "Point",
        "coordinates": [
          120.07745,
          30.352178
        ]
      }
    },
    {
      "type": "Feature",
      "properties": {
        "green_view_index": 9.726715087890625
      },
      "geometry": {
        "type": "Point",
        "coordinates": [
          120.077621,
          30.355478
        ]
      }
    },
    {
      "type": "Feature",
      "properties": {
        "green_view_index": 14.751434326171875
      },
      "geometry": {
        "type": "Point",
        "coordinates": [
          120.077904,
          30.336186
        ]
      }
    },
    {
      "type": "Feature",
      "properties": {
        "green_view_index": 4.4979095458984375
      },
      "geometry": {
        "type": "Point",
        "coordinates": [
          120.078221,
          30.312354
        ]
      }
    },
    {
      "type": "Feature",
      "properties": {
        "green_view_index": 16.704559326171875
      },
      "geometry": {
        "type": "Point",
        "coordinates": [
          120.078431,
          30.264111
        ]
      }
    },
    {
      "type": "Feature",
      "properties": {
        "green_view_index": 11.929702758789062
      },
      "geometry": {
        "type": "Point",
        "coordinates": [
          120.078489,
          30.295756
        ]
      }
    },
    {
      "type": "Feature",
      "properties": {
        "green_view_index": 7.782745361328125
      },
      "geometry": {
        "type": "Point",
        "coordinates": [
          120.078508,
          30.323019
        ]
      }
    },
    {
      "type": "Feature",
      "properties": {
        "green_view_index": 28.289794921875
      },
      "geometry": {
        "type": "Point",
        "coordinates": [
          120.079007,
          30.314677
        ]
      }
    },
    {
      "type": "Feature",
      "properties": {
        "green_view_index": 1.9557952880859375
      },
      "geometry": {
        "type": "Point",
        "coordinates": [
          120.079072,
          30.341488
        ]
      }
    },
    {
      "type": "Feature",
      "properties": {
        "green_view_index": 13.907623291015625
      },
      "geometry": {
        "type": "Point",
        "coordinates": [
          120.079343,
          30.306458
        ]
      }
    },
    {
      "type": "Feature",
      "properties": {
        "green_view_index": 13.495635986328125
      },
      "geometry": {
        "type": "Point",
        "coordinates": [
          120.07936,
          30.148099
        ]
      }
    },
    {
      "type": "Feature",
      "properties": {
        "green_view_index": 10.03875732421875
      },
      "geometry": {
        "type": "Point",
        "coordinates": [
          120.079402,
          30.299345
        ]
      }
    },
    {
      "type": "Feature",
      "properties": {
        "green_view_index": 20.05157470703125
      },
      "geometry": {
        "type": "Point",
        "coordinates": [
          120.079676,
          30.218242
        ]
      }
    },
    {
      "type": "Feature",
      "properties": {
        "green_view_index": 7.53326416015625
      },
      "geometry": {
        "type": "Point",
        "coordinates": [
          120.079677,
          30.125172
        ]
      }
    },
    {
      "type": "Feature",
      "properties": {
        "green_view_index": 2.610015869140625
      },
      "geometry": {
        "type": "Point",
        "coordinates": [
          120.0796,
          30.319456
        ]
      }
    },
    {
      "type": "Feature",
      "properties": {
        "green_view_index": 29.248046875
      },
      "geometry": {
        "type": "Point",
        "coordinates": [
          120.079794,
          30.198038
        ]
      }
    },
    {
      "type": "Feature",
      "properties": {
        "green_view_index": 9.275054931640625
      },
      "geometry": {
        "type": "Point",
        "coordinates": [
          120.079858,
          30.330356
        ]
      }
    },
    {
      "type": "Feature",
      "properties": {
        "green_view_index": 0.455474853515625
      },
      "geometry": {
        "type": "Point",
        "coordinates": [
          120.079996,
          30.346401
        ]
      }
    },
    {
      "type": "Feature",
      "properties": {
        "green_view_index": 42.319488525390625
      },
      "geometry": {
        "type": "Point",
        "coordinates": [
          120.080164,
          30.252559
        ]
      }
    },
    {
      "type": "Feature",
      "properties": {
        "green_view_index": 5.621337890625
      },
      "geometry": {
        "type": "Point",
        "coordinates": [
          120.080191,
          30.136851
        ]
      }
    },
    {
      "type": "Feature",
      "properties": {
        "green_view_index": 4.5810699462890625
      },
      "geometry": {
        "type": "Point",
        "coordinates": [
          120.080323,
          30.166712
        ]
      }
    },
    {
      "type": "Feature",
      "properties": {
        "green_view_index": 22.423553466796875
      },
      "geometry": {
        "type": "Point",
        "coordinates": [
          120.080445,
          30.361354
        ]
      }
    },
    {
      "type": "Feature",
      "properties": {
        "green_view_index": 2.52532958984375
      },
      "geometry": {
        "type": "Point",
        "coordinates": [
          120.080554,
          30.356026
        ]
      }
    },
    {
      "type": "Feature",
      "properties": {
        "green_view_index": 7.3070526123046875
      },
      "geometry": {
        "type": "Point",
        "coordinates": [
          120.080569,
          30.327846
        ]
      }
    },
    {
      "type": "Feature",
      "properties": {
        "green_view_index": 30.13153076171875
      },
      "geometry": {
        "type": "Point",
        "coordinates": [
          120.080592,
          30.201387
        ]
      }
    },
    {
      "type": "Feature",
      "properties": {
        "green_view_index": 22.587966918945312
      },
      "geometry": {
        "type": "Point",
        "coordinates": [
          120.080782,
          30.213542
        ]
      }
    },
    {
      "type": "Feature",
      "properties": {
        "green_view_index": 13.925552368164062
      },
      "geometry": {
        "type": "Point",
        "coordinates": [
          120.080956,
          30.337819
        ]
      }
    },
    {
      "type": "Feature",
      "properties": {
        "green_view_index": 9.40093994140625
      },
      "geometry": {
        "type": "Point",
        "coordinates": [
          120.080959,
          30.12869
        ]
      }
    },
    {
      "type": "Feature",
      "properties": {
        "green_view_index": 3.540802001953125
      },
      "geometry": {
        "type": "Point",
        "coordinates": [
          120.080962,
          30.289332
        ]
      }
    },
    {
      "type": "Feature",
      "properties": {
        "green_view_index": 46.27685546875
      },
      "geometry": {
        "type": "Point",
        "coordinates": [
          120.081004,
          30.194629
        ]
      }
    },
    {
      "type": "Feature",
      "properties": {
        "green_view_index": 4.1046142578125
      },
      "geometry": {
        "type": "Point",
        "coordinates": [
          120.081187,
          30.221448
        ]
      }
    },
    {
      "type": "Feature",
      "properties": {
        "green_view_index": 10.088348388671875
      },
      "geometry": {
        "type": "Point",
        "coordinates": [
          120.081256,
          30.285233
        ]
      }
    },
    {
      "type": "Feature",
      "properties": {
        "green_view_index": 8.081817626953125
      },
      "geometry": {
        "type": "Point",
        "coordinates": [
          120.081387,
          30.156739
        ]
      }
    },
    {
      "type": "Feature",
      "properties": {
        "green_view_index": 13.727951049804688
      },
      "geometry": {
        "type": "Point",
        "coordinates": [
          120.081428,
          30.258447
        ]
      }
    },
    {
      "type": "Feature",
      "properties": {
        "green_view_index": 11.57379150390625
      },
      "geometry": {
        "type": "Point",
        "coordinates": [
          120.081463,
          30.323736
        ]
      }
    },
    {
      "type": "Feature",
      "properties": {
        "green_view_index": 22.06573486328125
      },
      "geometry": {
        "type": "Point",
        "coordinates": [
          120.081478,
          30.1405
        ]
      }
    },
    {
      "type": "Feature",
      "properties": {
        "green_view_index": 6.3323974609375
      },
      "geometry": {
        "type": "Point",
        "coordinates": [
          120.081784,
          30.28285
        ]
      }
    },
    {
      "type": "Feature",
      "properties": {
        "green_view_index": 34.71641540527344
      },
      "geometry": {
        "type": "Point",
        "coordinates": [
          120.081835,
          30.15145
        ]
      }
    },
    {
      "type": "Feature",
      "properties": {
        "green_view_index": 12.07427978515625
      },
      "geometry": {
        "type": "Point",
        "coordinates": [
          120.08209,
          30.204575
        ]
      }
    },
    {
      "type": "Feature",
      "properties": {
        "green_view_index": 44.07157897949219
      },
      "geometry": {
        "type": "Point",
        "coordinates": [
          120.082362,
          30.191232
        ]
      }
    },
    {
      "type": "Feature",
      "properties": {
        "green_view_index": 14.5599365234375
      },
      "geometry": {
        "type": "Point",
        "coordinates": [
          120.082546,
          30.264596
        ]
      }
    },
    {
      "type": "Feature",
      "properties": {
        "green_view_index": 15.529251098632812
      },
      "geometry": {
        "type": "Point",
        "coordinates": [
          120.082548,
          30.312961
        ]
      }
    },
    {
      "type": "Feature",
      "properties": {
        "green_view_index": 8.12530517578125
      },
      "geometry": {
        "type": "Point",
        "coordinates": [
          120.082743,
          30.334158
        ]
      }
    },
    {
      "type": "Feature",
      "properties": {
        "green_view_index": 5.8940887451171875
      },
      "geometry": {
        "type": "Point",
        "coordinates": [
          120.083197,
          30.310669
        ]
      }
    },
    {
      "type": "Feature",
      "properties": {
        "green_view_index": 23.059844970703125
      },
      "geometry": {
        "type": "Point",
        "coordinates": [
          120.083223,
          30.316902
        ]
      }
    },
    {
      "type": "Feature",
      "properties": {
        "green_view_index": 33.7921142578125
      },
      "geometry": {
        "type": "Point",
        "coordinates": [
          120.0835,
          30.1479
        ]
      }
    },
    {
      "type": "Feature",
      "properties": {
        "green_view_index": 9.214401245117188
      },
      "geometry": {
        "type": "Point",
        "coordinates": [
          120.083622,
          30.135459
        ]
      }
    },
    {
      "type": "Feature",
      "properties": {
        "green_view_index": 1.723480224609375
      },
      "geometry": {
        "type": "Point",
        "coordinates": [
          120.083628,
          30.299272
        ]
      }
    },
    {
      "type": "Feature",
      "properties": {
        "green_view_index": 16.808700561523438
      },
      "geometry": {
        "type": "Point",
        "coordinates": [
          120.083632,
          30.362288
        ]
      }
    },
    {
      "type": "Feature",
      "properties": {
        "green_view_index": 9.177780151367188
      },
      "geometry": {
        "type": "Point",
        "coordinates": [
          120.083721,
          30.207785
        ]
      }
    },
    {
      "type": "Feature",
      "properties": {
        "green_view_index": 5.4981231689453125
      },
      "geometry": {
        "type": "Point",
        "coordinates": [
          120.083775,
          30.29721
        ]
      }
    },
    {
      "type": "Feature",
      "properties": {
        "green_view_index": 5.764007568359375
      },
      "geometry": {
        "type": "Point",
        "coordinates": [
          120.083873,
          30.307153
        ]
      }
    },
    {
      "type": "Feature",
      "properties": {
        "green_view_index": 28.342819213867188
      },
      "geometry": {
        "type": "Point",
        "coordinates": [
          120.083953,
          30.124761
        ]
      }
    },
    {
      "type": "Feature",
      "properties": {
        "green_view_index": 37.63008117675781
      },
      "geometry": {
        "type": "Point",
        "coordinates": [
          120.084169,
          30.259369
        ]
      }
    },
    {
      "type": "Feature",
      "properties": {
        "green_view_index": 57.31544494628906
      },
      "geometry": {
        "type": "Point",
        "coordinates": [
          120.084172,
          30.188172
        ]
      }
    },
    {
      "type": "Feature",
      "properties": {
        "green_view_index": 7.509613037109375
      },
      "geometry": {
        "type": "Point",
        "coordinates": [
          120.084489,
          30.277235
        ]
      }
    },
    {
      "type": "Feature",
      "properties": {
        "green_view_index": 25.400924682617188
      },
      "geometry": {
        "type": "Point",
        "coordinates": [
          120.084513,
          30.252514
        ]
      }
    },
    {
      "type": "Feature",
      "properties": {
        "green_view_index": 26.98516845703125
      },
      "geometry": {
        "type": "Point",
        "coordinates": [
          120.084762,
          30.319728
        ]
      }
    },
    {
      "type": "Feature",
      "properties": {
        "green_view_index": 8.225631713867188
      },
      "geometry": {
        "type": "Point",
        "coordinates": [
          120.084917,
          30.324224
        ]
      }
    },
    {
      "type": "Feature",
      "properties": {
        "green_view_index": 7.1624755859375
      },
      "geometry": {
        "type": "Point",
        "coordinates": [
          120.084968,
          30.35246
        ]
      }
    },
    {
      "type": "Feature",
      "properties": {
        "green_view_index": 6.9995880126953125
      },
      "geometry": {
        "type": "Point",
        "coordinates": [
          120.085071,
          30.329264
        ]
      }
    },
    {
      "type": "Feature",
      "properties": {
        "green_view_index": 8.9202880859375
      },
      "geometry": {
        "type": "Point",
        "coordinates": [
          120.085365,
          30.163362
        ]
      }
    },
    {
      "type": "Feature",
      "properties": {
        "green_view_index": 20.3125
      },
      "geometry": {
        "type": "Point",
        "coordinates": [
          120.08541,
          30.169484
        ]
      }
    },
    {
      "type": "Feature",
      "properties": {
        "green_view_index": 5.135345458984375
      },
      "geometry": {
        "type": "Point",
        "coordinates": [
          120.085462,
          30.303865
        ]
      }
    },
    {
      "type": "Feature",
      "properties": {
        "green_view_index": 13.2659912109375
      },
      "geometry": {
        "type": "Point",
        "coordinates": [
          120.085465,
          30.141239
        ]
      }
    },
    {
      "type": "Feature",
      "properties": {
        "green_view_index": 12.00714111328125
      },
      "geometry": {
        "type": "Point",
        "coordinates": [
          120.085563,
          30.273672
        ]
      }
    },
    {
      "type": "Feature",
      "properties": {
        "green_view_index": 6.32476806640625
      },
      "geometry": {
        "type": "Point",
        "coordinates": [
          120.085733,
          30.289245
        ]
      }
    },
    {
      "type": "Feature",
      "properties": {
        "green_view_index": 16.494369506835938
      },
      "geometry": {
        "type": "Point",
        "coordinates": [
          120.085939,
          30.270082
        ]
      }
    },
    {
      "type": "Feature",
      "properties": {
        "green_view_index": 40.45372009277344
      },
      "geometry": {
        "type": "Point",
        "coordinates": [
          120.086071,
          30.185019
        ]
      }
    },
    {
      "type": "Feature",
      "properties": {
        "green_view_index": 9.632492065429688
      },
      "geometry": {
        "type": "Point",
        "coordinates": [
          120.086128,
          30.31543
        ]
      }
    },
    {
      "type": "Feature",
      "properties": {
        "green_view_index": 21.0662841796875
      },
      "geometry": {
        "type": "Point",
        "coordinates": [
          120.08624,
          30.344087
        ]
      }
    },
    {
      "type": "Feature",
      "properties": {
        "green_view_index": 20.309066772460938
      },
      "geometry": {
        "type": "Point",
        "coordinates": [
          120.086284,
          30.283238
        ]
      }
    },
    {
      "type": "Feature",
      "properties": {
        "green_view_index": 3.7876129150390625
      },
      "geometry": {
        "type": "Point",
        "coordinates": [
          120.086671,
          30.265019
        ]
      }
    },
    {
      "type": "Feature",
      "properties": {
        "green_view_index": 4.49066162109375
      },
      "geometry": {
        "type": "Point",
        "coordinates": [
          120.086768,
          30.311986
        ]
      }
    },
    {
      "type": "Feature",
      "properties": {
        "green_view_index": 2.123260498046875
      },
      "geometry": {
        "type": "Point",
        "coordinates": [
          120.087073,
          30.340605
        ]
      }
    },
    {
      "type": "Feature",
      "properties": {
        "green_view_index": 12.200927734375
      },
      "geometry": {
        "type": "Point",
        "coordinates": [
          120.087332,
          30.131055
        ]
      }
    },
    {
      "type": "Feature",
      "properties": {
        "green_view_index": 2.739715576171875
      },
      "geometry": {
        "type": "Point",
        "coordinates": [
          120.087428,
          30.349353
        ]
      }
    },
    {
      "type": "Feature",
      "properties": {
        "green_view_index": 16.167068481445312
      },
      "geometry": {
        "type": "Point",
        "coordinates": [
          120.087521,
          30.134297
        ]
      }
    },
    {
      "type": "Feature",
      "properties": {
        "green_view_index": 52.911376953125
      },
      "geometry": {
        "type": "Point",
        "coordinates": [
          120.087584,
          30.363407
        ]
      }
    },
    {
      "type": "Feature",
      "properties": {
        "green_view_index": 14.416122436523438
      },
      "geometry": {
        "type": "Point",
        "coordinates": [
          120.087593,
          30.305609
        ]
      }
    },
    {
      "type": "Feature",
      "properties": {
        "green_view_index": 5.355072021484375
      },
      "geometry": {
        "type": "Point",
        "coordinates": [
          120.08761,
          30.307827
        ]
      }
    },
    {
      "type": "Feature",
      "properties": {
        "green_view_index": 20.218658447265625
      },
      "geometry": {
        "type": "Point",
        "coordinates": [
          120.087621,
          30.286363
        ]
      }
    },
    {
      "type": "Feature",
      "properties": {
        "green_view_index": 8.45184326171875
      },
      "geometry": {
        "type": "Point",
        "coordinates": [
          120.087643,
          30.302398
        ]
      }
    },
    {
      "type": "Feature",
      "properties": {
        "green_view_index": 1.9596099853515625
      },
      "geometry": {
        "type": "Point",
        "coordinates": [
          120.087813,
          30.299359
        ]
      }
    },
    {
      "type": "Feature",
      "properties": {
        "green_view_index": 1.1531829833984375
      },
      "geometry": {
        "type": "Point",
        "coordinates": [
          120.087829,
          30.160347
        ]
      }
    },
    {
      "type": "Feature",
      "properties": {
        "green_view_index": 10.858535766601562
      },
      "geometry": {
        "type": "Point",
        "coordinates": [
          120.087929,
          30.297259
        ]
      }
    },
    {
      "type": "Feature",
      "properties": {
        "green_view_index": 5.1849365234375
      },
      "geometry": {
        "type": "Point",
        "coordinates": [
          120.088122,
          30.322586
        ]
      }
    },
    {
      "type": "Feature",
      "properties": {
        "green_view_index": 9.173965454101562
      },
      "geometry": {
        "type": "Point",
        "coordinates": [
          120.088139,
          30.260406
        ]
      }
    },
    {
      "type": "Feature",
      "properties": {
        "green_view_index": 10.37445068359375
      },
      "geometry": {
        "type": "Point",
        "coordinates": [
          120.088546,
          30.16598
        ]
      }
    },
    {
      "type": "Feature",
      "properties": {
        "green_view_index": 19.983291625976562
      },
      "geometry": {
        "type": "Point",
        "coordinates": [
          120.088718,
          30.354583
        ]
      }
    },
    {
      "type": "Feature",
      "properties": {
        "green_view_index": 3.575897216796875
      },
      "geometry": {
        "type": "Point",
        "coordinates": [
          120.088826,
          30.32045
        ]
      }
    },
    {
      "type": "Feature",
      "properties": {
        "green_view_index": 27.025222778320312
      },
      "geometry": {
        "type": "Point",
        "coordinates": [
          120.088832,
          30.145872
        ]
      }
    },
    {
      "type": "Feature",
      "properties": {
        "green_view_index": 4.315185546875
      },
      "geometry": {
        "type": "Point",
        "coordinates": [
          120.088879,
          30.330371
        ]
      }
    },
    {
      "type": "Feature",
      "properties": {
        "green_view_index": 46.5545654296875
      },
      "geometry": {
        "type": "Point",
        "coordinates": [
          120.089023,
          30.182585
        ]
      }
    },
    {
      "type": "Feature",
      "properties": {
        "green_view_index": 26.073074340820312
      },
      "geometry": {
        "type": "Point",
        "coordinates": [
          120.089415,
          30.14876
        ]
      }
    },
    {
      "type": "Feature",
      "properties": {
        "green_view_index": 10.516738891601562
      },
      "geometry": {
        "type": "Point",
        "coordinates": [
          120.089462,
          30.325381
        ]
      }
    },
    {
      "type": "Feature",
      "properties": {
        "green_view_index": 3.6518096923828125
      },
      "geometry": {
        "type": "Point",
        "coordinates": [
          120.08954,
          30.277909
        ]
      }
    },
    {
      "type": "Feature",
      "properties": {
        "green_view_index": 4.0393829345703125
      },
      "geometry": {
        "type": "Point",
        "coordinates": [
          120.090058,
          30.345512
        ]
      }
    },
    {
      "type": "Feature",
      "properties": {
        "green_view_index": 11.800003051757812
      },
      "geometry": {
        "type": "Point",
        "coordinates": [
          120.090073,
          30.257676
        ]
      }
    },
    {
      "type": "Feature",
      "properties": {
        "green_view_index": 2.3349761962890625
      },
      "geometry": {
        "type": "Point",
        "coordinates": [
          120.090307,
          30.334178
        ]
      }
    },
    {
      "type": "Feature",
      "properties": {
        "green_view_index": 14.989471435546875
      },
      "geometry": {
        "type": "Point",
        "coordinates": [
          120.09039,
          30.171351
        ]
      }
    },
    {
      "type": "Feature",
      "properties": {
        "green_view_index": 34.51042175292969
      },
      "geometry": {
        "type": "Point",
        "coordinates": [
          120.091002,
          30.365417
        ]
      }
    },
    {
      "type": "Feature",
      "properties": {
        "green_view_index": 8.065414428710938
      },
      "geometry": {
        "type": "Point",
        "coordinates": [
          120.09102,
          30.29727
        ]
      }
    },
    {
      "type": "Feature",
      "properties": {
        "green_view_index": 2.8049468994140625
      },
      "geometry": {
        "type": "Point",
        "coordinates": [
          120.091069,
          30.313822
        ]
      }
    },
    {
      "type": "Feature",
      "properties": {
        "green_view_index": 15.3717041015625
      },
      "geometry": {
        "type": "Point",
        "coordinates": [
          120.091146,
          30.12719
        ]
      }
    },
    {
      "type": "Feature",
      "properties": {
        "green_view_index": 36.16523742675781
      },
      "geometry": {
        "type": "Point",
        "coordinates": [
          120.091188,
          30.22735
        ]
      }
    },
    {
      "type": "Feature",
      "properties": {
        "green_view_index": 2.213287353515625
      },
      "geometry": {
        "type": "Point",
        "coordinates": [
          120.091243,
          30.271964
        ]
      }
    },
    {
      "type": "Feature",
      "properties": {
        "green_view_index": 20.898056030273438
      },
      "geometry": {
        "type": "Point",
        "coordinates": [
          120.091349,
          30.179609
        ]
      }
    },
    {
      "type": "Feature",
      "properties": {
        "green_view_index": 6.3770294189453125
      },
      "geometry": {
        "type": "Point",
        "coordinates": [
          120.091467,
          30.130785
        ]
      }
    },
    {
      "type": "Feature",
      "properties": {
        "green_view_index": 6.158447265625
      },
      "geometry": {
        "type": "Point",
        "coordinates": [
          120.091508,
          30.331122
        ]
      }
    },
    {
      "type": "Feature",
      "properties": {
        "green_view_index": 27.989959716796875
      },
      "geometry": {
        "type": "Point",
        "coordinates": [
          120.091566,
          30.12416
        ]
      }
    },
    {
      "type": "Feature",
      "properties": {
        "green_view_index": 6.1229705810546875
      },
      "geometry": {
        "type": "Point",
        "coordinates": [
          120.091671,
          30.133043
        ]
      }
    },
    {
      "type": "Feature",
      "properties": {
        "green_view_index": 4.8816680908203125
      },
      "geometry": {
        "type": "Point",
        "coordinates": [
          120.091721,
          30.343096
        ]
      }
    },
    {
      "type": "Feature",
      "properties": {
        "green_view_index": 33.98284912109375
      },
      "geometry": {
        "type": "Point",
        "coordinates": [
          120.091822,
          30.237168
        ]
      }
    },
    {
      "type": "Feature",
      "properties": {
        "green_view_index": 3.771209716796875
      },
      "geometry": {
        "type": "Point",
        "coordinates": [
          120.091898,
          30.379525
        ]
      }
    },
    {
      "type": "Feature",
      "properties": {
        "green_view_index": 19.311904907226562
      },
      "geometry": {
        "type": "Point",
        "coordinates": [
          120.091913,
          30.350907
        ]
      }
    },
    {
      "type": "Feature",
      "properties": {
        "green_view_index": 1.6933441162109375
      },
      "geometry": {
        "type": "Point",
        "coordinates": [
          120.091962,
          30.309279
        ]
      }
    },
    {
      "type": "Feature",
      "properties": {
        "green_view_index": 11.161041259765625
      },
      "geometry": {
        "type": "Point",
        "coordinates": [
          120.09245,
          30.159654
        ]
      }
    },
    {
      "type": "Feature",
      "properties": {
        "green_view_index": 17.613601684570312
      },
      "geometry": {
        "type": "Point",
        "coordinates": [
          120.092675,
          30.355323
        ]
      }
    },
    {
      "type": "Feature",
      "properties": {
        "green_view_index": 9.438323974609375
      },
      "geometry": {
        "type": "Point",
        "coordinates": [
          120.092876,
          30.266205
        ]
      }
    },
    {
      "type": "Feature",
      "properties": {
        "green_view_index": 3.4427642822265625
      },
      "geometry": {
        "type": "Point",
        "coordinates": [
          120.093084,
          30.296996
        ]
      }
    },
    {
      "type": "Feature",
      "properties": {
        "green_view_index": 9.128570556640625
      },
      "geometry": {
        "type": "Point",
        "coordinates": [
          120.093106,
          30.2926
        ]
      }
    },
    {
      "type": "Feature",
      "properties": {
        "green_view_index": 15.473175048828125
      },
      "geometry": {
        "type": "Point",
        "coordinates": [
          120.093213,
          30.156179
        ]
      }
    },
    {
      "type": "Feature",
      "properties": {
        "green_view_index": 3.60565185546875
      },
      "geometry": {
        "type": "Point",
        "coordinates": [
          120.093292,
          30.302518
        ]
      }
    },
    {
      "type": "Feature",
      "properties": {
        "green_view_index": 5.24139404296875
      },
      "geometry": {
        "type": "Point",
        "coordinates": [
          120.093609,
          30.326825
        ]
      }
    },
    {
      "type": "Feature",
      "properties": {
        "green_view_index": 12.9241943359375
      },
      "geometry": {
        "type": "Point",
        "coordinates": [
          120.093719,
          30.336197
        ]
      }
    },
    {
      "type": "Feature",
      "properties": {
        "green_view_index": 43.72138977050781
      },
      "geometry": {
        "type": "Point",
        "coordinates": [
          120.093801,
          30.368083
        ]
      }
    },
    {
      "type": "Feature",
      "properties": {
        "green_view_index": 5.59234619140625
      },
      "geometry": {
        "type": "Point",
        "coordinates": [
          120.093822,
          30.162697
        ]
      }
    },
    {
      "type": "Feature",
      "properties": {
        "green_view_index": 4.0618896484375
      },
      "geometry": {
        "type": "Point",
        "coordinates": [
          120.093831,
          30.357964
        ]
      }
    },
    {
      "type": "Feature",
      "properties": {
        "green_view_index": 3.0078887939453125
      },
      "geometry": {
        "type": "Point",
        "coordinates": [
          120.093849,
          30.288751
        ]
      }
    },
    {
      "type": "Feature",
      "properties": {
        "green_view_index": 26.033782958984375
      },
      "geometry": {
        "type": "Point",
        "coordinates": [
          120.094091,
          30.347309
        ]
      }
    },
    {
      "type": "Feature",
      "properties": {
        "green_view_index": 15.867996215820312
      },
      "geometry": {
        "type": "Point",
        "coordinates": [
          120.094401,
          30.28636
        ]
      }
    },
    {
      "type": "Feature",
      "properties": {
        "green_view_index": 12.76092529296875
      },
      "geometry": {
        "type": "Point",
        "coordinates": [
          120.094683,
          30.175418
        ]
      }
    },
    {
      "type": "Feature",
      "properties": {
        "green_view_index": 7.9753875732421875
      },
      "geometry": {
        "type": "Point",
        "coordinates": [
          120.094802,
          30.283895
        ]
      }
    },
    {
      "type": "Feature",
      "properties": {
        "green_view_index": 9.03778076171875
      },
      "geometry": {
        "type": "Point",
        "coordinates": [
          120.094955,
          30.324388
        ]
      }
    },
    {
      "type": "Feature",
      "properties": {
        "green_view_index": 38.2598876953125
      },
      "geometry": {
        "type": "Point",
        "coordinates": [
          120.095019,
          30.233075
        ]
      }
    },
    {
      "type": "Feature",
      "properties": {
        "green_view_index": 19.926071166992188
      },
      "geometry": {
        "type": "Point",
        "coordinates": [
          120.095281,
          30.377473
        ]
      }
    },
    {
      "type": "Feature",
      "properties": {
        "green_view_index": 2.480316162109375
      },
      "geometry": {
        "type": "Point",
        "coordinates": [
          120.095324,
          30.157918
        ]
      }
    },
    {
      "type": "Feature",
      "properties": {
        "green_view_index": 28.76739501953125
      },
      "geometry": {
        "type": "Point",
        "coordinates": [
          120.095421,
          30.275224
        ]
      }
    },
    {
      "type": "Feature",
      "properties": {
        "green_view_index": 4.9259185791015625
      },
      "geometry": {
        "type": "Point",
        "coordinates": [
          120.09542,
          30.309786
        ]
      }
    },
    {
      "type": "Feature",
      "properties": {
        "green_view_index": 1.087188720703125
      },
      "geometry": {
        "type": "Point",
        "coordinates": [
          120.095695,
          30.344868
        ]
      }
    },
    {
      "type": "Feature",
      "properties": {
        "green_view_index": 4.0393829345703125
      },
      "geometry": {
        "type": "Point",
        "coordinates": [
          120.095729,
          30.332852
        ]
      }
    },
    {
      "type": "Feature",
      "properties": {
        "green_view_index": 18.555450439453125
      },
      "geometry": {
        "type": "Point",
        "coordinates": [
          120.0957,
          30.123859
        ]
      }
    },
    {
      "type": "Feature",
      "properties": {
        "green_view_index": 8.660507202148438
      },
      "geometry": {
        "type": "Point",
        "coordinates": [
          120.096006,
          30.278129
        ]
      }
    },
    {
      "type": "Feature",
      "properties": {
        "green_view_index": 3.9398193359375
      },
      "geometry": {
        "type": "Point",
        "coordinates": [
          120.096097,
          30.322296
        ]
      }
    },
    {
      "type": "Feature",
      "properties": {
        "green_view_index": 2.24609375
      },
      "geometry": {
        "type": "Point",
        "coordinates": [
          120.096121,
          30.150926
        ]
      }
    },
    {
      "type": "Feature",
      "properties": {
        "green_view_index": 9.395217895507812
      },
      "geometry": {
        "type": "Point",
        "coordinates": [
          120.096151,
          30.337976
        ]
      }
    },
    {
      "type": "Feature",
      "properties": {
        "green_view_index": 8.614730834960938
      },
      "geometry": {
        "type": "Point",
        "coordinates": [
          120.09627,
          30.316094
        ]
      }
    },
    {
      "type": "Feature",
      "properties": {
        "green_view_index": 8.511734008789062
      },
      "geometry": {
        "type": "Point",
        "coordinates": [
          120.096313,
          30.381079
        ]
      }
    },
    {
      "type": "Feature",
      "properties": {
        "green_view_index": 10.704421997070312
      },
      "geometry": {
        "type": "Point",
        "coordinates": [
          120.096494,
          30.306305
        ]
      }
    },
    {
      "type": "Feature",
      "properties": {
        "green_view_index": 14.2364501953125
      },
      "geometry": {
        "type": "Point",
        "coordinates": [
          120.096509,
          30.370816
        ]
      }
    },
    {
      "type": "Feature",
      "properties": {
        "green_view_index": 20.229721069335938
      },
      "geometry": {
        "type": "Point",
        "coordinates": [
          120.096721,
          30.271581
        ]
      }
    },
    {
      "type": "Feature",
      "properties": {
        "green_view_index": 22.369003295898438
      },
      "geometry": {
        "type": "Point",
        "coordinates": [
          120.096827,
          30.355505
        ]
      }
    },
    {
      "type": "Feature",
      "properties": {
        "green_view_index": 62.12348937988281
      },
      "geometry": {
        "type": "Point",
        "coordinates": [
          120.096938,
          30.351078
        ]
      }
    },
    {
      "type": "Feature",
      "properties": {
        "green_view_index": 3.3061981201171875
      },
      "geometry": {
        "type": "Point",
        "coordinates": [
          120.096995,
          30.267582
        ]
      }
    },
    {
      "type": "Feature",
      "properties": {
        "green_view_index": 6.82830810546875
      },
      "geometry": {
        "type": "Point",
        "coordinates": [
          120.097217,
          30.130407
        ]
      }
    },
    {
      "type": "Feature",
      "properties": {
        "green_view_index": 20.397186279296875
      },
      "geometry": {
        "type": "Point",
        "coordinates": [
          120.09729,
          30.362001
        ]
      }
    },
    {
      "type": "Feature",
      "properties": {
        "green_view_index": 12.456512451171875
      },
      "geometry": {
        "type": "Point",
        "coordinates": [
          120.097416,
          30.29645
        ]
      }
    },
    {
      "type": "Feature",
      "properties": {
        "green_view_index": 57.038116455078125
      },
      "geometry": {
        "type": "Point",
        "coordinates": [
          120.097684,
          30.235584
        ]
      }
    },
    {
      "type": "Feature",
      "properties": {
        "green_view_index": 7.4474334716796875
      },
      "geometry": {
        "type": "Point",
        "coordinates": [
          120.097708,
          30.264001
        ]
      }
    },
    {
      "type": "Feature",
      "properties": {
        "green_view_index": 5.74188232421875
      },
      "geometry": {
        "type": "Point",
        "coordinates": [
          120.097772,
          30.170932
        ]
      }
    },
    {
      "type": "Feature",
      "properties": {
        "green_view_index": 36.69166564941406
      },
      "geometry": {
        "type": "Point",
        "coordinates": [
          120.098347,
          30.374048
        ]
      }
    },
    {
      "type": "Feature",
      "properties": {
        "green_view_index": 11.533355712890625
      },
      "geometry": {
        "type": "Point",
        "coordinates": [
          120.098569,
          30.28896
        ]
      }
    },
    {
      "type": "Feature",
      "properties": {
        "green_view_index": 25.752639770507812
      },
      "geometry": {
        "type": "Point",
        "coordinates": [
          120.098804,
          30.177662
        ]
      }
    },
    {
      "type": "Feature",
      "properties": {
        "green_view_index": 7.7220916748046875
      },
      "geometry": {
        "type": "Point",
        "coordinates": [
          120.098931,
          30.159564
        ]
      }
    },
    {
      "type": "Feature",
      "properties": {
        "green_view_index": 5.6278228759765625
      },
      "geometry": {
        "type": "Point",
        "coordinates": [
          120.099047,
          30.310784
        ]
      }
    },
    {
      "type": "Feature",
      "properties": {
        "green_view_index": 17.028045654296875
      },
      "geometry": {
        "type": "Point",
        "coordinates": [
          120.099482,
          30.33448
        ]
      }
    },
    {
      "type": "Feature",
      "properties": {
        "green_view_index": 6.3541412353515625
      },
      "geometry": {
        "type": "Point",
        "coordinates": [
          120.100064,
          30.163801
        ]
      }
    },
    {
      "type": "Feature",
      "properties": {
        "green_view_index": 2.4799346923828125
      },
      "geometry": {
        "type": "Point",
        "coordinates": [
          120.100075,
          30.284122
        ]
      }
    },
    {
      "type": "Feature",
      "properties": {
        "green_view_index": 4.5215606689453125
      },
      "geometry": {
        "type": "Point",
        "coordinates": [
          120.100092,
          30.377316
        ]
      }
    },
    {
      "type": "Feature",
      "properties": {
        "green_view_index": 2.727508544921875
      },
      "geometry": {
        "type": "Point",
        "coordinates": [
          120.100258,
          30.38222
        ]
      }
    },
    {
      "type": "Feature",
      "properties": {
        "green_view_index": 1.494598388671875
      },
      "geometry": {
        "type": "Point",
        "coordinates": [
          120.100267,
          30.386356
        ]
      }
    },
    {
      "type": "Feature",
      "properties": {
        "green_view_index": 8.562850952148438
      },
      "geometry": {
        "type": "Point",
        "coordinates": [
          120.10026,
          30.166437
        ]
      }
    },
    {
      "type": "Feature",
      "properties": {
        "green_view_index": 10.410308837890625
      },
      "geometry": {
        "type": "Point",
        "coordinates": [
          120.100699,
          30.362068
        ]
      }
    },
    {
      "type": "Feature",
      "properties": {
        "green_view_index": 9.891510009765625
      },
      "geometry": {
        "type": "Point",
        "coordinates": [
          120.100758,
          30.273737
        ]
      }
    },
    {
      "type": "Feature",
      "properties": {
        "green_view_index": 7.964324951171875
      },
      "geometry": {
        "type": "Point",
        "coordinates": [
          120.100843,
          30.30736
        ]
      }
    },
    {
      "type": "Feature",
      "properties": {
        "green_view_index": 1.7498016357421875
      },
      "geometry": {
        "type": "Point",
        "coordinates": [
          120.100925,
          30.278228
        ]
      }
    },
    {
      "type": "Feature",
      "properties": {
        "green_view_index": 12.40692138671875
      },
      "geometry": {
        "type": "Point",
        "coordinates": [
          120.100982,
          30.355628
        ]
      }
    },
    {
      "type": "Feature",
      "properties": {
        "green_view_index": 2.001953125
      },
      "geometry": {
        "type": "Point",
        "coordinates": [
          120.101022,
          30.299821
        ]
      }
    },
    {
      "type": "Feature",
      "properties": {
        "green_view_index": 6.078338623046875
      },
      "geometry": {
        "type": "Point",
        "coordinates": [
          120.101094,
          30.351003
        ]
      }
    },
    {
      "type": "Feature",
      "properties": {
        "green_view_index": 3.012847900390625
      },
      "geometry": {
        "type": "Point",
        "coordinates": [
          120.101104,
          30.316839
        ]
      }
    },
    {
      "type": "Feature",
      "properties": {
        "green_view_index": 27.035903930664062
      },
      "geometry": {
        "type": "Point",
        "coordinates": [
          120.10115,
          30.258279
        ]
      }
    },
    {
      "type": "Feature",
      "properties": {
        "green_view_index": 4.840850830078125
      },
      "geometry": {
        "type": "Point",
        "coordinates": [
          120.101194,
          30.348503
        ]
      }
    },
    {
      "type": "Feature",
      "properties": {
        "green_view_index": 5.93719482421875
      },
      "geometry": {
        "type": "Point",
        "coordinates": [
          120.101396,
          30.345573
        ]
      }
    },
    {
      "type": "Feature",
      "properties": {
        "green_view_index": 6.195068359375
      },
      "geometry": {
        "type": "Point",
        "coordinates": [
          120.101669,
          30.295941
        ]
      }
    },
    {
      "type": "Feature",
      "properties": {
        "green_view_index": 16.728591918945312
      },
      "geometry": {
        "type": "Point",
        "coordinates": [
          120.101678,
          30.239898
        ]
      }
    },
    {
      "type": "Feature",
      "properties": {
        "green_view_index": 3.8372039794921875
      },
      "geometry": {
        "type": "Point",
        "coordinates": [
          120.101715,
          30.330273
        ]
      }
    },
    {
      "type": "Feature",
      "properties": {
        "green_view_index": 8.1878662109375
      },
      "geometry": {
        "type": "Point",
        "coordinates": [
          120.101891,
          30.270125
        ]
      }
    },
    {
      "type": "Feature",
      "properties": {
        "green_view_index": 30.5084228515625
      },
      "geometry": {
        "type": "Point",
        "coordinates": [
          120.101989,
          30.220395
        ]
      }
    },
    {
      "type": "Feature",
      "properties": {
        "green_view_index": 1.1852264404296875
      },
      "geometry": {
        "type": "Point",
        "coordinates": [
          120.102313,
          30.332519
        ]
      }
    },
    {
      "type": "Feature",
      "properties": {
        "green_view_index": 11.8194580078125
      },
      "geometry": {
        "type": "Point",
        "coordinates": [
          120.102336,
          30.153408
        ]
      }
    },
    {
      "type": "Feature",
      "properties": {
        "green_view_index": 4.840087890625
      },
      "geometry": {
        "type": "Point",
        "coordinates": [
          120.102364,
          30.268002
        ]
      }
    },
    {
      "type": "Feature",
      "properties": {
        "green_view_index": 3.9661407470703125
      },
      "geometry": {
        "type": "Point",
        "coordinates": [
          120.102409,
          30.292151
        ]
      }
    },
    {
      "type": "Feature",
      "properties": {
        "green_view_index": 4.08782958984375
      },
      "geometry": {
        "type": "Point",
        "coordinates": [
          120.102505,
          30.147457
        ]
      }
    },
    {
      "type": "Feature",
      "properties": {
        "green_view_index": 10.210037231445312
      },
      "geometry": {
        "type": "Point",
        "coordinates": [
          120.10258,
          30.179102
        ]
      }
    },
    {
      "type": "Feature",
      "properties": {
        "green_view_index": 2.4784088134765625
      },
      "geometry": {
        "type": "Point",
        "coordinates": [
          120.10286,
          30.324811
        ]
      }
    },
    {
      "type": "Feature",
      "properties": {
        "green_view_index": 29.806900024414062
      },
      "geometry": {
        "type": "Point",
        "coordinates": [
          120.102905,
          30.289213
        ]
      }
    },
    {
      "type": "Feature",
      "properties": {
        "green_view_index": 21.080398559570312
      },
      "geometry": {
        "type": "Point",
        "coordinates": [
          120.103263,
          30.217059
        ]
      }
    },
    {
      "type": "Feature",
      "properties": {
        "green_view_index": 25.655364990234375
      },
      "geometry": {
        "type": "Point",
        "coordinates": [
          120.103463,
          30.245839
        ]
      }
    },
    {
      "type": "Feature",
      "properties": {
        "green_view_index": 1.000213623046875
      },
      "geometry": {
        "type": "Point",
        "coordinates": [
          120.103481,
          30.340217
        ]
      }
    },
    {
      "type": "Feature",
      "properties": {
        "green_view_index": 16.317367553710938
      },
      "geometry": {
        "type": "Point",
        "coordinates": [
          120.103498,
          30.176556
        ]
      }
    },
    {
      "type": "Feature",
      "properties": {
        "green_view_index": 16.452789306640625
      },
      "geometry": {
        "type": "Point",
        "coordinates": [
          120.103696,
          30.361956
        ]
      }
    },
    {
      "type": "Feature",
      "properties": {
        "green_view_index": 9.8236083984375
      },
      "geometry": {
        "type": "Point",
        "coordinates": [
          120.103722,
          30.317992
        ]
      }
    },
    {
      "type": "Feature",
      "properties": {
        "green_view_index": 30.999755859375
      },
      "geometry": {
        "type": "Point",
        "coordinates": [
          120.103804,
          30.123219
        ]
      }
    },
    {
      "type": "Feature",
      "properties": {
        "green_view_index": 10.570907592773438
      },
      "geometry": {
        "type": "Point",
        "coordinates": [
          120.104203,
          30.271079
        ]
      }
    },
    {
      "type": "Feature",
      "properties": {
        "green_view_index": 3.7540435791015625
      },
      "geometry": {
        "type": "Point",
        "coordinates": [
          120.104347,
          30.284214
        ]
      }
    },
    {
      "type": "Feature",
      "properties": {
        "green_view_index": 60.85395812988281
      },
      "geometry": {
        "type": "Point",
        "coordinates": [
          120.104554,
          30.184784
        ]
      }
    },
    {
      "type": "Feature",
      "properties": {
        "green_view_index": 19.769668579101562
      },
      "geometry": {
        "type": "Point",
        "coordinates": [
          120.104571,
          30.188052
        ]
      }
    },
    {
      "type": "Feature",
      "properties": {
        "green_view_index": 5.2654266357421875
      },
      "geometry": {
        "type": "Point",
        "coordinates": [
          120.104633,
          30.38362
        ]
      }
    },
    {
      "type": "Feature",
      "properties": {
        "green_view_index": 10.262298583984375
      },
      "geometry": {
        "type": "Point",
        "coordinates": [
          120.104661,
          30.300215
        ]
      }
    },
    {
      "type": "Feature",
      "properties": {
        "green_view_index": 11.76910400390625
      },
      "geometry": {
        "type": "Point",
        "coordinates": [
          120.104701,
          30.173109
        ]
      }
    },
    {
      "type": "Feature",
      "properties": {
        "green_view_index": 33.64753723144531
      },
      "geometry": {
        "type": "Point",
        "coordinates": [
          120.104936,
          30.26751
        ]
      }
    },
    {
      "type": "Feature",
      "properties": {
        "green_view_index": 5.715179443359375
      },
      "geometry": {
        "type": "Point",
        "coordinates": [
          120.104976,
          30.377646
        ]
      }
    },
    {
      "type": "Feature",
      "properties": {
        "green_view_index": 5.6446075439453125
      },
      "geometry": {
        "type": "Point",
        "coordinates": [
          120.104979,
          30.336849
        ]
      }
    },
    {
      "type": "Feature",
      "properties": {
        "green_view_index": 5.5339813232421875
      },
      "geometry": {
        "type": "Point",
        "coordinates": [
          120.10536,
          30.312341
        ]
      }
    },
    {
      "type": "Feature",
      "properties": {
        "green_view_index": 14.393997192382812
      },
      "geometry": {
        "type": "Point",
        "coordinates": [
          120.105492,
          30.161231
        ]
      }
    },
    {
      "type": "Feature",
      "properties": {
        "green_view_index": 15.484237670898438
      },
      "geometry": {
        "type": "Point",
        "coordinates": [
          120.105539,
          30.169587
        ]
      }
    },
    {
      "type": "Feature",
      "properties": {
        "green_view_index": 29.637908935546875
      },
      "geometry": {
        "type": "Point",
        "coordinates": [
          120.105578,
          30.222443
        ]
      }
    },
    {
      "type": "Feature",
      "properties": {
        "green_view_index": 8.918380737304688
      },
      "geometry": {
        "type": "Point",
        "coordinates": [
          120.105635,
          30.164977
        ]
      }
    },
    {
      "type": "Feature",
      "properties": {
        "green_view_index": 4.9991607666015625
      },
      "geometry": {
        "type": "Point",
        "coordinates": [
          120.105841,
          30.348594
        ]
      }
    },
    {
      "type": "Feature",
      "properties": {
        "green_view_index": 11.281967163085938
      },
      "geometry": {
        "type": "Point",
        "coordinates": [
          120.106011,
          30.295816
        ]
      }
    },
    {
      "type": "Feature",
      "properties": {
        "green_view_index": 11.489486694335938
      },
      "geometry": {
        "type": "Point",
        "coordinates": [
          120.106016,
          30.157986
        ]
      }
    },
    {
      "type": "Feature",
      "properties": {
        "green_view_index": 6.0337066650390625
      },
      "geometry": {
        "type": "Point",
        "coordinates": [
          120.106076,
          30.278478
        ]
      }
    },
    {
      "type": "Feature",
      "properties": {
        "green_view_index": 2.793121337890625
      },
      "geometry": {
        "type": "Point",
        "coordinates": [
          120.106095,
          30.154934
        ]
      }
    },
    {
      "type": "Feature",
      "properties": {
        "green_view_index": 25.30059814453125
      },
      "geometry": {
        "type": "Point",
        "coordinates": [
          120.10615,
          30.181426
        ]
      }
    },
    {
      "type": "Feature",
      "properties": {
        "green_view_index": 3.6067962646484375
      },
      "geometry": {
        "type": "Point",
        "coordinates": [
          120.106169,
          30.324014
        ]
      }
    },
    {
      "type": "Feature",
      "properties": {
        "green_view_index": 2.449798583984375
      },
      "geometry": {
        "type": "Point",
        "coordinates": [
          120.106629,
          30.147847
        ]
      }
    },
    {
      "type": "Feature",
      "properties": {
        "green_view_index": 19.155120849609375
      },
      "geometry": {
        "type": "Point",
        "coordinates": [
          120.106681,
          30.152111
        ]
      }
    },
    {
      "type": "Feature",
      "properties": {
        "green_view_index": 3.25927734375
      },
      "geometry": {
        "type": "Point",
        "coordinates": [
          120.106692,
          30.319645
        ]
      }
    },
    {
      "type": "Feature",
      "properties": {
        "green_view_index": 13.366317749023438
      },
      "geometry": {
        "type": "Point",
        "coordinates": [
          120.106841,
          30.355795
        ]
      }
    },
    {
      "type": "Feature",
      "properties": {
        "green_view_index": 51.91459655761719
      },
      "geometry": {
        "type": "Point",
        "coordinates": [
          120.10695,
          30.351168
        ]
      }
    },
    {
      "type": "Feature",
      "properties": {
        "green_view_index": 16.617202758789062
      },
      "geometry": {
        "type": "Point",
        "coordinates": [
          120.107157,
          30.187336
        ]
      }
    },
    {
      "type": "Feature",
      "properties": {
        "green_view_index": 11.725997924804688
      },
      "geometry": {
        "type": "Point",
        "coordinates": [
          120.107334,
          30.343711
        ]
      }
    },
    {
      "type": "Feature",
      "properties": {
        "green_view_index": 25.53253173828125
      },
      "geometry": {
        "type": "Point",
        "coordinates": [
          120.107551,
          30.269593
        ]
      }
    },
    {
      "type": "Feature",
      "properties": {
        "green_view_index": 2.935028076171875
      },
      "geometry": {
        "type": "Point",
        "coordinates": [
          120.107729,
          30.305
        ]
      }
    },
    {
      "type": "Feature",
      "properties": {
        "green_view_index": 9.521484375
      },
      "geometry": {
        "type": "Point",
        "coordinates": [
          120.107824,
          30.272846
        ]
      }
    },
    {
      "type": "Feature",
      "properties": {
        "green_view_index": 12.801361083984375
      },
      "geometry": {
        "type": "Point",
        "coordinates": [
          120.108064,
          30.384494
        ]
      }
    },
    {
      "type": "Feature",
      "properties": {
        "green_view_index": 8.581161499023438
      },
      "geometry": {
        "type": "Point",
        "coordinates": [
          120.10808,
          30.13828
        ]
      }
    },
    {
      "type": "Feature",
      "properties": {
        "green_view_index": 65.41671752929688
      },
      "geometry": {
        "type": "Point",
        "coordinates": [
          120.108179,
          30.224396
        ]
      }
    },
    {
      "type": "Feature",
      "properties": {
        "green_view_index": 48.98834228515625
      },
      "geometry": {
        "type": "Point",
        "coordinates": [
          120.108309,
          30.227092
        ]
      }
    },
    {
      "type": "Feature",
      "properties": {
        "green_view_index": 50.03242492675781
      },
      "geometry": {
        "type": "Point",
        "coordinates": [
          120.108373,
          30.204875
        ]
      }
    },
    {
      "type": "Feature",
      "properties": {
        "green_view_index": 56.17637634277344
      },
      "geometry": {
        "type": "Point",
        "coordinates": [
          120.108397,
          30.201394
        ]
      }
    },
    {
      "type": "Feature",
      "properties": {
        "green_view_index": 1.4545440673828125
      },
      "geometry": {
        "type": "Point",
        "coordinates": [
          120.108489,
          30.295986
        ]
      }
    },
    {
      "type": "Feature",
      "properties": {
        "green_view_index": 1.68914794921875
      },
      "geometry": {
        "type": "Point",
        "coordinates": [
          120.108547,
          30.330571
        ]
      }
    },
    {
      "type": "Feature",
      "properties": {
        "green_view_index": 59.951019287109375
      },
      "geometry": {
        "type": "Point",
        "coordinates": [
          120.108551,
          30.208143
        ]
      }
    },
    {
      "type": "Feature",
      "properties": {
        "green_view_index": 3.0895233154296875
      },
      "geometry": {
        "type": "Point",
        "coordinates": [
          120.108797,
          30.141663
        ]
      }
    },
    {
      "type": "Feature",
      "properties": {
        "green_view_index": 2.47650146484375
      },
      "geometry": {
        "type": "Point",
        "coordinates": [
          120.108804,
          30.155638
        ]
      }
    },
    {
      "type": "Feature",
      "properties": {
        "green_view_index": 10.776138305664062
      },
      "geometry": {
        "type": "Point",
        "coordinates": [
          120.10886,
          30.380804
        ]
      }
    },
    {
      "type": "Feature",
      "properties": {
        "green_view_index": 8.701705932617188
      },
      "geometry": {
        "type": "Point",
        "coordinates": [
          120.10897,
          30.334649
        ]
      }
    },
    {
      "type": "Feature",
      "properties": {
        "green_view_index": 4.0065765380859375
      },
      "geometry": {
        "type": "Point",
        "coordinates": [
          120.108996,
          30.289549
        ]
      }
    },
    {
      "type": "Feature",
      "properties": {
        "green_view_index": 52.97088623046875
      },
      "geometry": {
        "type": "Point",
        "coordinates": [
          120.108997,
          30.19795
        ]
      }
    },
    {
      "type": "Feature",
      "properties": {
        "green_view_index": 15.732192993164062
      },
      "geometry": {
        "type": "Point",
        "coordinates": [
          120.109179,
          30.183583
        ]
      }
    },
    {
      "type": "Feature",
      "properties": {
        "green_view_index": 15.850830078125
      },
      "geometry": {
        "type": "Point",
        "coordinates": [
          120.109239,
          30.286817
        ]
      }
    },
    {
      "type": "Feature",
      "properties": {
        "green_view_index": 1.93023681640625
      },
      "geometry": {
        "type": "Point",
        "coordinates": [
          120.109321,
          30.366619
        ]
      }
    },
    {
      "type": "Feature",
      "properties": {
        "green_view_index": 9.323883056640625
      },
      "geometry": {
        "type": "Point",
        "coordinates": [
          120.109366,
          30.377703
        ]
      }
    },
    {
      "type": "Feature",
      "properties": {
        "green_view_index": 1.50909423828125
      },
      "geometry": {
        "type": "Point",
        "coordinates": [
          120.109393,
          30.363692
        ]
      }
    },
    {
      "type": "Feature",
      "properties": {
        "green_view_index": 14.022064208984375
      },
      "geometry": {
        "type": "Point",
        "coordinates": [
          120.109394,
          30.284309
        ]
      }
    },
    {
      "type": "Feature",
      "properties": {
        "green_view_index": 3.08074951171875
      },
      "geometry": {
        "type": "Point",
        "coordinates": [
          120.109399,
          30.369942
        ]
      }
    },
    {
      "type": "Feature",
      "properties": {
        "green_view_index": 8.33892822265625
      },
      "geometry": {
        "type": "Point",
        "coordinates": [
          120.109465,
          30.321194
        ]
      }
    },
    {
      "type": "Feature",
      "properties": {
        "green_view_index": 1.5293121337890625
      },
      "geometry": {
        "type": "Point",
        "coordinates": [
          120.109511,
          30.360072
        ]
      }
    },
    {
      "type": "Feature",
      "properties": {
        "green_view_index": 3.92303466796875
      },
      "geometry": {
        "type": "Point",
        "coordinates": [
          120.109583,
          30.35577
        ]
      }
    },
    {
      "type": "Feature",
      "properties": {
        "green_view_index": 9.76409912109375
      },
      "geometry": {
        "type": "Point",
        "coordinates": [
          120.109677,
          30.373982
        ]
      }
    },
    {
      "type": "Feature",
      "properties": {
        "green_view_index": 62.03155517578125
      },
      "geometry": {
        "type": "Point",
        "coordinates": [
          120.109682,
          30.186639
        ]
      }
    },
    {
      "type": "Feature",
      "properties": {
        "green_view_index": 5.8162689208984375
      },
      "geometry": {
        "type": "Point",
        "coordinates": [
          120.109708,
          30.351138
        ]
      }
    },
    {
      "type": "Feature",
      "properties": {
        "green_view_index": 6.7173004150390625
      },
      "geometry": {
        "type": "Point",
        "coordinates": [
          120.10995,
          30.170263
        ]
      }
    },
    {
      "type": "Feature",
      "properties": {
        "green_view_index": 3.350067138671875
      },
      "geometry": {
        "type": "Point",
        "coordinates": [
          120.109997,
          30.348685
        ]
      }
    },
    {
      "type": "Feature",
      "properties": {
        "green_view_index": 29.346084594726562
      },
      "geometry": {
        "type": "Point",
        "coordinates": [
          120.110242,
          30.246268
        ]
      }
    },
    {
      "type": "Feature",
      "properties": {
        "green_view_index": 4.636383056640625
      },
      "geometry": {
        "type": "Point",
        "coordinates": [
          120.110512,
          30.315651
        ]
      }
    },
    {
      "type": "Feature",
      "properties": {
        "green_view_index": 58.76884460449219
      },
      "geometry": {
        "type": "Point",
        "coordinates": [
          120.110814,
          30.210985
        ]
      }
    },
    {
      "type": "Feature",
      "properties": {
        "green_view_index": 34.45549011230469
      },
      "geometry": {
        "type": "Point",
        "coordinates": [
          120.110928,
          30.22927
        ]
      }
    },
    {
      "type": "Feature",
      "properties": {
        "green_view_index": 54.37126159667969
      },
      "geometry": {
        "type": "Point",
        "coordinates": [
          120.110951,
          30.19491
        ]
      }
    },
    {
      "type": "Feature",
      "properties": {
        "green_view_index": 11.399459838867188
      },
      "geometry": {
        "type": "Point",
        "coordinates": [
          120.110969,
          30.278538
        ]
      }
    },
    {
      "type": "Feature",
      "properties": {
        "green_view_index": 12.019729614257812
      },
      "geometry": {
        "type": "Point",
        "coordinates": [
          120.110992,
          30.166799
        ]
      }
    },
    {
      "type": "Feature",
      "properties": {
        "green_view_index": 28.572845458984375
      },
      "geometry": {
        "type": "Point",
        "coordinates": [
          120.111003,
          30.160849
        ]
      }
    },
    {
      "type": "Feature",
      "properties": {
        "green_view_index": 15.550994873046875
      },
      "geometry": {
        "type": "Point",
        "coordinates": [
          120.111075,
          30.157285
        ]
      }
    },
    {
      "type": "Feature",
      "properties": {
        "green_view_index": 77.81715393066406
      },
      "geometry": {
        "type": "Point",
        "coordinates": [
          120.111091,
          30.242524
        ]
      }
    },
    {
      "type": "Feature",
      "properties": {
        "green_view_index": 3.7136077880859375
      },
      "geometry": {
        "type": "Point",
        "coordinates": [
          120.111176,
          30.3012
        ]
      }
    },
    {
      "type": "Feature",
      "properties": {
        "green_view_index": 18.229293823242188
      },
      "geometry": {
        "type": "Point",
        "coordinates": [
          120.111603,
          30.163233
        ]
      }
    },
    {
      "type": "Feature",
      "properties": {
        "green_view_index": 6.827545166015625
      },
      "geometry": {
        "type": "Point",
        "coordinates": [
          120.111651,
          30.308001
        ]
      }
    },
    {
      "type": "Feature",
      "properties": {
        "green_view_index": 5.6026458740234375
      },
      "geometry": {
        "type": "Point",
        "coordinates": [
          120.111702,
          30.328621
        ]
      }
    },
    {
      "type": "Feature",
      "properties": {
        "green_view_index": 26.50299072265625
      },
      "geometry": {
        "type": "Point",
        "coordinates": [
          120.112013,
          30.221149
        ]
      }
    },
    {
      "type": "Feature",
      "properties": {
        "green_view_index": 4.5963287353515625
      },
      "geometry": {
        "type": "Point",
        "coordinates": [
          120.112115,
          30.335271
        ]
      }
    },
    {
      "type": "Feature",
      "properties": {
        "green_view_index": 9.00421142578125
      },
      "geometry": {
        "type": "Point",
        "coordinates": [
          120.112372,
          30.274315
        ]
      }
    },
    {
      "type": "Feature",
      "properties": {
        "green_view_index": 55.068206787109375
      },
      "geometry": {
        "type": "Point",
        "coordinates": [
          120.112479,
          30.191827
        ]
      }
    },
    {
      "type": "Feature",
      "properties": {
        "green_view_index": 48.08464050292969
      },
      "geometry": {
        "type": "Point",
        "coordinates": [
          120.112571,
          30.213655
        ]
      }
    },
    {
      "type": "Feature",
      "properties": {
        "green_view_index": 3.534698486328125
      },
      "geometry": {
        "type": "Point",
        "coordinates": [
          120.112841,
          30.38578
        ]
      }
    },
    {
      "type": "Feature",
      "properties": {
        "green_view_index": 2.9544830322265625
      },
      "geometry": {
        "type": "Point",
        "coordinates": [
          120.113089,
          30.188266
        ]
      }
    },
    {
      "type": "Feature",
      "properties": {
        "green_view_index": 6.821441650390625
      },
      "geometry": {
        "type": "Point",
        "coordinates": [
          120.113135,
          30.380972
        ]
      }
    },
    {
      "type": "Feature",
      "properties": {
        "green_view_index": 2.877044677734375
      },
      "geometry": {
        "type": "Point",
        "coordinates": [
          120.113152,
          30.318422
        ]
      }
    },
    {
      "type": "Feature",
      "properties": {
        "green_view_index": 2.9705047607421875
      },
      "geometry": {
        "type": "Point",
        "coordinates": [
          120.113252,
          30.142696
        ]
      }
    },
    {
      "type": "Feature",
      "properties": {
        "green_view_index": 1.5842437744140625
      },
      "geometry": {
        "type": "Point",
        "coordinates": [
          120.113414,
          30.21711
        ]
      }
    },
    {
      "type": "Feature",
      "properties": {
        "green_view_index": 4.09088134765625
      },
      "geometry": {
        "type": "Point",
        "coordinates": [
          120.113495,
          30.363701
        ]
      }
    },
    {
      "type": "Feature",
      "properties": {
        "green_view_index": 3.549957275390625
      },
      "geometry": {
        "type": "Point",
        "coordinates": [
          120.113546,
          30.37011
        ]
      }
    },
    {
      "type": "Feature",
      "properties": {
        "green_view_index": 62.216949462890625
      },
      "geometry": {
        "type": "Point",
        "coordinates": [
          120.113633,
          30.259648
        ]
      }
    },
    {
      "type": "Feature",
      "properties": {
        "green_view_index": 3.4252166748046875
      },
      "geometry": {
        "type": "Point",
        "coordinates": [
          120.113667,
          30.360056
        ]
      }
    },
    {
      "type": "Feature",
      "properties": {
        "green_view_index": 2.14385986328125
      },
      "geometry": {
        "type": "Point",
        "coordinates": [
          120.113835,
          30.295997
        ]
      }
    },
    {
      "type": "Feature",
      "properties": {
        "green_view_index": 1.6567230224609375
      },
      "geometry": {
        "type": "Point",
        "coordinates": [
          120.114048,
          30.329322
        ]
      }
    },
    {
      "type": "Feature",
      "properties": {
        "green_view_index": 50.846099853515625
      },
      "geometry": {
        "type": "Point",
        "coordinates": [
          120.114072,
          30.230304
        ]
      }
    },
    {
      "type": "Feature",
      "properties": {
        "green_view_index": 4.486846923828125
      },
      "geometry": {
        "type": "Point",
        "coordinates": [
          120.114401,
          30.289702
        ]
      }
    },
    {
      "type": "Feature",
      "properties": {
        "green_view_index": 1.28326416015625
      },
      "geometry": {
        "type": "Point",
        "coordinates": [
          120.114475,
          30.35139
        ]
      }
    },
    {
      "type": "Feature",
      "properties": {
        "green_view_index": 1.2660980224609375
      },
      "geometry": {
        "type": "Point",
        "coordinates": [
          120.114523,
          30.154203
        ]
      }
    },
    {
      "type": "Feature",
      "properties": {
        "green_view_index": 1.9535064697265625
      },
      "geometry": {
        "type": "Point",
        "coordinates": [
          120.114552,
          30.355965
        ]
      }
    },
    {
      "type": "Feature",
      "properties": {
        "green_view_index": 1.22833251953125
      },
      "geometry": {
        "type": "Point",
        "coordinates": [
          120.114702,
          30.158492
        ]
      }
    },
    {
      "type": "Feature",
      "properties": {
        "green_view_index": 8.53118896484375
      },
      "geometry": {
        "type": "Point",
        "coordinates": [
          120.115018,
          30.377206
        ]
      }
    },
    {
      "type": "Feature",
      "properties": {
        "green_view_index": 8.639907836914062
      },
      "geometry": {
        "type": "Point",
        "coordinates": [
          120.115036,
          30.281272
        ]
      }
    },
    {
      "type": "Feature",
      "properties": {
        "green_view_index": 4.30908203125
      },
      "geometry": {
        "type": "Point",
        "coordinates": [
          120.115041,
          30.320742
        ]
      }
    },
    {
      "type": "Feature",
      "properties": {
        "green_view_index": 6.043243408203125
      },
      "geometry": {
        "type": "Point",
        "coordinates": [
          120.11506,
          30.326054
        ]
      }
    },
    {
      "type": "Feature",
      "properties": {
        "green_view_index": 27.61993408203125
      },
      "geometry": {
        "type": "Point",
        "coordinates": [
          120.115148,
          30.241865
        ]
      }
    },
    {
      "type": "Feature",
      "properties": {
        "green_view_index": 7.306671142578125
      },
      "geometry": {
        "type": "Point",
        "coordinates": [
          120.115257,
          30.278488
        ]
      }
    },
    {
      "type": "Feature",
      "properties": {
        "green_view_index": 7.779693603515625
      },
      "geometry": {
        "type": "Point",
        "coordinates": [
          120.115257,
          30.348787
        ]
      }
    },
    {
      "type": "Feature",
      "properties": {
        "green_view_index": 4.1698455810546875
      },
      "geometry": {
        "type": "Point",
        "coordinates": [
          120.115369,
          30.274375
        ]
      }
    },
    {
      "type": "Feature",
      "properties": {
        "green_view_index": 28.963851928710938
      },
      "geometry": {
        "type": "Point",
        "coordinates": [
          120.115406,
          30.245746
        ]
      }
    },
    {
      "type": "Feature",
      "properties": {
        "green_view_index": 3.7563323974609375
      },
      "geometry": {
        "type": "Point",
        "coordinates": [
          120.115794,
          30.312021
        ]
      }
    },
    {
      "type": "Feature",
      "properties": {
        "green_view_index": 1.064300537109375
      },
      "geometry": {
        "type": "Point",
        "coordinates": [
          120.116468,
          30.151022
        ]
      }
    },
    {
      "type": "Feature",
      "properties": {
        "green_view_index": 9.775543212890625
      },
      "geometry": {
        "type": "Point",
        "coordinates": [
          120.116503,
          30.370264
        ]
      }
    },
    {
      "type": "Feature",
      "properties": {
        "green_view_index": 62.69035339355469
      },
      "geometry": {
        "type": "Point",
        "coordinates": [
          120.116627,
          30.249252
        ]
      }
    },
    {
      "type": "Feature",
      "properties": {
        "green_view_index": 22.464370727539062
      },
      "geometry": {
        "type": "Point",
        "coordinates": [
          120.116895,
          30.296641
        ]
      }
    },
    {
      "type": "Feature",
      "properties": {
        "green_view_index": 13.585281372070312
      },
      "geometry": {
        "type": "Point",
        "coordinates": [
          120.117133,
          30.385679
        ]
      }
    },
    {
      "type": "Feature",
      "properties": {
        "green_view_index": 43.04466247558594
      },
      "geometry": {
        "type": "Point",
        "coordinates": [
          120.117203,
          30.265061
        ]
      }
    },
    {
      "type": "Feature",
      "properties": {
        "green_view_index": 6.3388824462890625
      },
      "geometry": {
        "type": "Point",
        "coordinates": [
          120.117398,
          30.363692
        ]
      }
    },
    {
      "type": "Feature",
      "properties": {
        "green_view_index": 54.75006103515625
      },
      "geometry": {
        "type": "Point",
        "coordinates": [
          120.117622,
          30.232096
        ]
      }
    },
    {
      "type": "Feature",
      "properties": {
        "green_view_index": 5.4386138916015625
      },
      "geometry": {
        "type": "Point",
        "coordinates": [
          120.117635,
          30.323306
        ]
      }
    },
    {
      "type": "Feature",
      "properties": {
        "green_view_index": 41.50848388671875
      },
      "geometry": {
        "type": "Point",
        "coordinates": [
          120.117781,
          30.219505
        ]
      }
    },
    {
      "type": "Feature",
      "properties": {
        "green_view_index": 14.163970947265625
      },
      "geometry": {
        "type": "Point",
        "coordinates": [
          120.11841,
          30.291434
        ]
      }
    },
    {
      "type": "Feature",
      "properties": {
        "green_view_index": 0.3780364990234375
      },
      "geometry": {
        "type": "Point",
        "coordinates": [
          120.118436,
          30.160063
        ]
      }
    },
    {
      "type": "Feature",
      "properties": {
        "green_view_index": 5.1799774169921875
      },
      "geometry": {
        "type": "Point",
        "coordinates": [
          120.118449,
          30.360043
        ]
      }
    },
    {
      "type": "Feature",
      "properties": {
        "green_view_index": 2.19879150390625
      },
      "geometry": {
        "type": "Point",
        "coordinates": [
          120.118633,
          30.303048
        ]
      }
    },
    {
      "type": "Feature",
      "properties": {
        "green_view_index": 3.900146484375
      },
      "geometry": {
        "type": "Point",
        "coordinates": [
          120.118916,
          30.284708
        ]
      }
    },
    {
      "type": "Feature",
      "properties": {
        "green_view_index": 23.346328735351562
      },
      "geometry": {
        "type": "Point",
        "coordinates": [
          120.118925,
          30.370376
        ]
      }
    },
    {
      "type": "Feature",
      "properties": {
        "green_view_index": 2.4799346923828125
      },
      "geometry": {
        "type": "Point",
        "coordinates": [
          120.119009,
          30.356021
        ]
      }
    },
    {
      "type": "Feature",
      "properties": {
        "green_view_index": 47.77374267578125
      },
      "geometry": {
        "type": "Point",
        "coordinates": [
          120.119103,
          30.19192
        ]
      }
    },
    {
      "type": "Feature",
      "properties": {
        "green_view_index": 22.198867797851562
      },
      "geometry": {
        "type": "Point",
        "coordinates": [
          120.119291,
          30.242011
        ]
      }
    },
    {
      "type": "Feature",
      "properties": {
        "green_view_index": 11.323165893554688
      },
      "geometry": {
        "type": "Point",
        "coordinates": [
          120.119391,
          30.315032
        ]
      }
    },
    {
      "type": "Feature",
      "properties": {
        "green_view_index": 5.69305419921875
      },
      "geometry": {
        "type": "Point",
        "coordinates": [
          120.119482,
          30.278785
        ]
      }
    },
    {
      "type": "Feature",
      "properties": {
        "green_view_index": 18.066024780273438
      },
      "geometry": {
        "type": "Point",
        "coordinates": [
          120.119483,
          30.33233
        ]
      }
    },
    {
      "type": "Feature",
      "properties": {
        "green_view_index": 8.687210083007812
      },
      "geometry": {
        "type": "Point",
        "coordinates": [
          120.119657,
          30.129239
        ]
      }
    },
    {
      "type": "Feature",
      "properties": {
        "green_view_index": 47.45674133300781
      },
      "geometry": {
        "type": "Point",
        "coordinates": [
          120.119663,
          30.235127
        ]
      }
    },
    {
      "type": "Feature",
      "properties": {
        "green_view_index": 1.46026611328125
      },
      "geometry": {
        "type": "Point",
        "coordinates": [
          120.119694,
          30.271739
        ]
      }
    },
    {
      "type": "Feature",
      "properties": {
        "green_view_index": 1.1783599853515625
      },
      "geometry": {
        "type": "Point",
        "coordinates": [
          120.119768,
          30.274542
        ]
      }
    },
    {
      "type": "Feature",
      "properties": {
        "green_view_index": 51.30653381347656
      },
      "geometry": {
        "type": "Point",
        "coordinates": [
          120.119861,
          30.260082
        ]
      }
    },
    {
      "type": "Feature",
      "properties": {
        "green_view_index": 44.90699768066406
      },
      "geometry": {
        "type": "Point",
        "coordinates": [
          120.120004,
          30.255347
        ]
      }
    },
    {
      "type": "Feature",
      "properties": {
        "green_view_index": 17.60101318359375
      },
      "geometry": {
        "type": "Point",
        "coordinates": [
          120.120037,
          30.38371
        ]
      }
    },
    {
      "type": "Feature",
      "properties": {
        "green_view_index": 11.642837524414062
      },
      "geometry": {
        "type": "Point",
        "coordinates": [
          120.120055,
          30.380104
        ]
      }
    },
    {
      "type": "Feature",
      "properties": {
        "green_view_index": 5.15899658203125
      },
      "geometry": {
        "type": "Point",
        "coordinates": [
          120.120236,
          30.308975
        ]
      }
    },
    {
      "type": "Feature",
      "properties": {
        "green_view_index": 3.560638427734375
      },
      "geometry": {
        "type": "Point",
        "coordinates": [
          120.120414,
          30.376534
        ]
      }
    },
    {
      "type": "Feature",
      "properties": {
        "green_view_index": 1.24053955078125
      },
      "geometry": {
        "type": "Point",
        "coordinates": [
          120.120752,
          30.161172
        ]
      }
    },
    {
      "type": "Feature",
      "properties": {
        "green_view_index": 6.0192108154296875
      },
      "geometry": {
        "type": "Point",
        "coordinates": [
          120.120931,
          30.328652
        ]
      }
    },
    {
      "type": "Feature",
      "properties": {
        "green_view_index": 5.2982330322265625
      },
      "geometry": {
        "type": "Point",
        "coordinates": [
          120.120988,
          30.351581
        ]
      }
    },
    {
      "type": "Feature",
      "properties": {
        "green_view_index": 13.82598876953125
      },
      "geometry": {
        "type": "Point",
        "coordinates": [
          120.12152,
          30.238234
        ]
      }
    },
    {
      "type": "Feature",
      "properties": {
        "green_view_index": 50.88462829589844
      },
      "geometry": {
        "type": "Point",
        "coordinates": [
          120.121794,
          30.293206
        ]
      }
    },
    {
      "type": "Feature",
      "properties": {
        "green_view_index": 3.2054901123046875
      },
      "geometry": {
        "type": "Point",
        "coordinates": [
          120.121857,
          30.325102
        ]
      }
    },
    {
      "type": "Feature",
      "properties": {
        "green_view_index": 4.4330596923828125
      },
      "geometry": {
        "type": "Point",
        "coordinates": [
          120.12204,
          30.300109
        ]
      }
    },
    {
      "type": "Feature",
      "properties": {
        "green_view_index": 40.83976745605469
      },
      "geometry": {
        "type": "Point",
        "coordinates": [
          120.122305,
          30.194192
        ]
      }
    },
    {
      "type": "Feature",
      "properties": {
        "green_view_index": 11.722946166992188
      },
      "geometry": {
        "type": "Point",
        "coordinates": [
          120.122429,
          30.34881
        ]
      }
    },
    {
      "type": "Feature",
      "properties": {
        "green_view_index": 11.263656616210938
      },
      "geometry": {
        "type": "Point",
        "coordinates": [
          120.122438,
          30.361573
        ]
      }
    },
    {
      "type": "Feature",
      "properties": {
        "green_view_index": 4.47845458984375
      },
      "geometry": {
        "type": "Point",
        "coordinates": [
          120.122604,
          30.311392
        ]
      }
    },
    {
      "type": "Feature",
      "properties": {
        "green_view_index": 5.2066802978515625
      },
      "geometry": {
        "type": "Point",
        "coordinates": [
          120.122796,
          30.267453
        ]
      }
    },
    {
      "type": "Feature",
      "properties": {
        "green_view_index": 7.855987548828125
      },
      "geometry": {
        "type": "Point",
        "coordinates": [
          120.122898,
          30.321268
        ]
      }
    },
    {
      "type": "Feature",
      "properties": {
        "green_view_index": 9.527969360351562
      },
      "geometry": {
        "type": "Point",
        "coordinates": [
          120.1228,
          30.221405
        ]
      }
    },
    {
      "type": "Feature",
      "properties": {
        "green_view_index": 37.261962890625
      },
      "geometry": {
        "type": "Point",
        "coordinates": [
          120.123556,
          30.235427
        ]
      }
    },
    {
      "type": "Feature",
      "properties": {
        "green_view_index": 31.061935424804688
      },
      "geometry": {
        "type": "Point",
        "coordinates": [
          120.12367,
          30.25511
        ]
      }
    },
    {
      "type": "Feature",
      "properties": {
        "green_view_index": 2.877044677734375
      },
      "geometry": {
        "type": "Point",
        "coordinates": [
          120.123764,
          30.296899
        ]
      }
    },
    {
      "type": "Feature",
      "properties": {
        "green_view_index": 21.030426025390625
      },
      "geometry": {
        "type": "Point",
        "coordinates": [
          120.123968,
          30.294738
        ]
      }
    },
    {
      "type": "Feature",
      "properties": {
        "green_view_index": 21.6705322265625
      },
      "geometry": {
        "type": "Point",
        "coordinates": [
          120.124011,
          30.259687
        ]
      }
    },
    {
      "type": "Feature",
      "properties": {
        "green_view_index": 8.978652954101562
      },
      "geometry": {
        "type": "Point",
        "coordinates": [
          120.124067,
          30.270368
        ]
      }
    },
    {
      "type": "Feature",
      "properties": {
        "green_view_index": 7.45849609375
      },
      "geometry": {
        "type": "Point",
        "coordinates": [
          120.124187,
          30.290408
        ]
      }
    },
    {
      "type": "Feature",
      "properties": {
        "green_view_index": 12.62969970703125
      },
      "geometry": {
        "type": "Point",
        "coordinates": [
          120.124208,
          30.356115
        ]
      }
    },
    {
      "type": "Feature",
      "properties": {
        "green_view_index": 5.3375244140625
      },
      "geometry": {
        "type": "Point",
        "coordinates": [
          120.124372,
          30.343693
        ]
      }
    },
    {
      "type": "Feature",
      "properties": {
        "green_view_index": 0.2338409423828125
      },
      "geometry": {
        "type": "Point",
        "coordinates": [
          120.124485,
          30.162745
        ]
      }
    },
    {
      "type": "Feature",
      "properties": {
        "green_view_index": 3.1497955322265625
      },
      "geometry": {
        "type": "Point",
        "coordinates": [
          120.124599,
          30.285058
        ]
      }
    },
    {
      "type": "Feature",
      "properties": {
        "green_view_index": 10.425949096679688
      },
      "geometry": {
        "type": "Point",
        "coordinates": [
          120.124874,
          30.314398
        ]
      }
    },
    {
      "type": "Feature",
      "properties": {
        "green_view_index": 34.616851806640625
      },
      "geometry": {
        "type": "Point",
        "coordinates": [
          120.124919,
          30.273999
        ]
      }
    },
    {
      "type": "Feature",
      "properties": {
        "green_view_index": 37.51792907714844
      },
      "geometry": {
        "type": "Point",
        "coordinates": [
          120.125055,
          30.238758
        ]
      }
    },
    {
      "type": "Feature",
      "properties": {
        "green_view_index": 12.252426147460938
      },
      "geometry": {
        "type": "Point",
        "coordinates": [
          120.125309,
          30.196654
        ]
      }
    },
    {
      "type": "Feature",
      "properties": {
        "green_view_index": 6.9988250732421875
      },
      "geometry": {
        "type": "Point",
        "coordinates": [
          120.125448,
          30.3518
        ]
      }
    },
    {
      "type": "Feature",
      "properties": {
        "green_view_index": 7.7617645263671875
      },
      "geometry": {
        "type": "Point",
        "coordinates": [
          120.125476,
          30.34151
        ]
      }
    },
    {
      "type": "Feature",
      "properties": {
        "green_view_index": 18.603897094726562
      },
      "geometry": {
        "type": "Point",
        "coordinates": [
          120.125923,
          30.178376
        ]
      }
    },
    {
      "type": "Feature",
      "properties": {
        "green_view_index": 23.797225952148438
      },
      "geometry": {
        "type": "Point",
        "coordinates": [
          120.125948,
          30.171201
        ]
      }
    },
    {
      "type": "Feature",
      "properties": {
        "green_view_index": 31.499862670898438
      },
      "geometry": {
        "type": "Point",
        "coordinates": [
          120.126046,
          30.254097
        ]
      }
    },
    {
      "type": "Feature",
      "properties": {
        "green_view_index": 6.7958831787109375
      },
      "geometry": {
        "type": "Point",
        "coordinates": [
          120.126097,
          30.174792
        ]
      }
    },
    {
      "type": "Feature",
      "properties": {
        "green_view_index": 21.990966796875
      },
      "geometry": {
        "type": "Point",
        "coordinates": [
          120.126214,
          30.250398
        ]
      }
    },
    {
      "type": "Feature",
      "properties": {
        "green_view_index": 9.666824340820312
      },
      "geometry": {
        "type": "Point",
        "coordinates": [
          120.12629,
          30.369919
        ]
      }
    },
    {
      "type": "Feature",
      "properties": {
        "green_view_index": 34.52339172363281
      },
      "geometry": {
        "type": "Point",
        "coordinates": [
          120.126332,
          30.259802
        ]
      }
    },
    {
      "type": "Feature",
      "properties": {
        "green_view_index": 17.106246948242188
      },
      "geometry": {
        "type": "Point",
        "coordinates": [
          120.126356,
          30.182164
        ]
      }
    },
    {
      "type": "Feature",
      "properties": {
        "green_view_index": 3.511810302734375
      },
      "geometry": {
        "type": "Point",
        "coordinates": [
          120.126497,
          30.349504
        ]
      }
    },
    {
      "type": "Feature",
      "properties": {
        "green_view_index": 11.980056762695312
      },
      "geometry": {
        "type": "Point",
        "coordinates": [
          120.126567,
          30.379566
        ]
      }
    },
    {
      "type": "Feature",
      "properties": {
        "green_view_index": 6.7897796630859375
      },
      "geometry": {
        "type": "Point",
        "coordinates": [
          120.126597,
          30.167649
        ]
      }
    },
    {
      "type": "Feature",
      "properties": {
        "green_view_index": 5.98602294921875
      },
      "geometry": {
        "type": "Point",
        "coordinates": [
          120.126682,
          30.383956
        ]
      }
    },
    {
      "type": "Feature",
      "properties": {
        "green_view_index": 62.01667785644531
      },
      "geometry": {
        "type": "Point",
        "coordinates": [
          120.126713,
          30.24682
        ]
      }
    },
    {
      "type": "Feature",
      "properties": {
        "green_view_index": 48.32038879394531
      },
      "geometry": {
        "type": "Point",
        "coordinates": [
          120.126726,
          30.221413
        ]
      }
    },
    {
      "type": "Feature",
      "properties": {
        "green_view_index": 16.5496826171875
      },
      "geometry": {
        "type": "Point",
        "coordinates": [
          120.126781,
          30.185105
        ]
      }
    },
    {
      "type": "Feature",
      "properties": {
        "green_view_index": 5.6732177734375
      },
      "geometry": {
        "type": "Point",
        "coordinates": [
          120.126926,
          30.325722
        ]
      }
    },
    {
      "type": "Feature",
      "properties": {
        "green_view_index": 8.546066284179688
      },
      "geometry": {
        "type": "Point",
        "coordinates": [
          120.126942,
          30.316737
        ]
      }
    },
    {
      "type": "Feature",
      "properties": {
        "green_view_index": 7.120513916015625
      },
      "geometry": {
        "type": "Point",
        "coordinates": [
          120.127051,
          30.33434
        ]
      }
    },
    {
      "type": "Feature",
      "properties": {
        "green_view_index": 21.148300170898438
      },
      "geometry": {
        "type": "Point",
        "coordinates": [
          120.127304,
          30.30753
        ]
      }
    },
    {
      "type": "Feature",
      "properties": {
        "green_view_index": 34.24835205078125
      },
      "geometry": {
        "type": "Point",
        "coordinates": [
          120.127693,
          30.230937
        ]
      }
    },
    {
      "type": "Feature",
      "properties": {
        "green_view_index": 78.59306335449219
      },
      "geometry": {
        "type": "Point",
        "coordinates": [
          120.127801,
          30.236144
        ]
      }
    },
    {
      "type": "Feature",
      "properties": {
        "green_view_index": 0.2445220947265625
      },
      "geometry": {
        "type": "Point",
        "coordinates": [
          120.128197,
          30.164357
        ]
      }
    },
    {
      "type": "Feature",
      "properties": {
        "green_view_index": 27.008819580078125
      },
      "geometry": {
        "type": "Point",
        "coordinates": [
          120.128254,
          30.242549
        ]
      }
    },
    {
      "type": "Feature",
      "properties": {
        "green_view_index": 5.0991058349609375
      },
      "geometry": {
        "type": "Point",
        "coordinates": [
          120.128746,
          30.350003
        ]
      }
    },
    {
      "type": "Feature",
      "properties": {
        "green_view_index": 12.252426147460938
      },
      "geometry": {
        "type": "Point",
        "coordinates": [
          120.128899,
          30.198463
        ]
      }
    },
    {
      "type": "Feature",
      "properties": {
        "green_view_index": 44.49005126953125
      },
      "geometry": {
        "type": "Point",
        "coordinates": [
          120.128934,
          30.207148
        ]
      }
    },
    {
      "type": "Feature",
      "properties": {
        "green_view_index": 2.4982452392578125
      },
      "geometry": {
        "type": "Point",
        "coordinates": [
          120.129116,
          30.302928
        ]
      }
    },
    {
      "type": "Feature",
      "properties": {
        "green_view_index": 7.36541748046875
      },
      "geometry": {
        "type": "Point",
        "coordinates": [
          120.129155,
          30.369586
        ]
      }
    },
    {
      "type": "Feature",
      "properties": {
        "green_view_index": 22.720718383789062
      },
      "geometry": {
        "type": "Point",
        "coordinates": [
          120.129461,
          30.18782
        ]
      }
    },
    {
      "type": "Feature",
      "properties": {
        "green_view_index": 5.112457275390625
      },
      "geometry": {
        "type": "Point",
        "coordinates": [
          120.129519,
          30.310509
        ]
      }
    },
    {
      "type": "Feature",
      "properties": {
        "green_view_index": 2.5020599365234375
      },
      "geometry": {
        "type": "Point",
        "coordinates": [
          120.129655,
          30.384043
        ]
      }
    },
    {
      "type": "Feature",
      "properties": {
        "green_view_index": 7.65380859375
      },
      "geometry": {
        "type": "Point",
        "coordinates": [
          120.129846,
          30.295461
        ]
      }
    },
    {
      "type": "Feature",
      "properties": {
        "green_view_index": 5.609893798828125
      },
      "geometry": {
        "type": "Point",
        "coordinates": [
          120.130095,
          30.161014
        ]
      }
    },
    {
      "type": "Feature",
      "properties": {
        "green_view_index": 25.342559814453125
      },
      "geometry": {
        "type": "Point",
        "coordinates": [
          120.130374,
          30.212027
        ]
      }
    },
    {
      "type": "Feature",
      "properties": {
        "green_view_index": 2.597808837890625
      },
      "geometry": {
        "type": "Point",
        "coordinates": [
          120.130477,
          30.290807
        ]
      }
    },
    {
      "type": "Feature",
      "properties": {
        "green_view_index": 6.903839111328125
      },
      "geometry": {
        "type": "Point",
        "coordinates": [
          120.130745,
          30.285423
        ]
      }
    },
    {
      "type": "Feature",
      "properties": {
        "green_view_index": 7.4886322021484375
      },
      "geometry": {
        "type": "Point",
        "coordinates": [
          120.13077,
          30.174831
        ]
      }
    },
    {
      "type": "Feature",
      "properties": {
        "green_view_index": 44.74029541015625
      },
      "geometry": {
        "type": "Point",
        "coordinates": [
          120.130862,
          30.253961
        ]
      }
    },
    {
      "type": "Feature",
      "properties": {
        "green_view_index": 12.592315673828125
      },
      "geometry": {
        "type": "Point",
        "coordinates": [
          120.13108,
          30.215575
        ]
      }
    },
    {
      "type": "Feature",
      "properties": {
        "green_view_index": 3.1681060791015625
      },
      "geometry": {
        "type": "Point",
        "coordinates": [
          120.131348,
          30.279465
        ]
      }
    },
    {
      "type": "Feature",
      "properties": {
        "green_view_index": 3.2482147216796875
      },
      "geometry": {
        "type": "Point",
        "coordinates": [
          120.131592,
          30.201297
        ]
      }
    },
    {
      "type": "Feature",
      "properties": {
        "green_view_index": 12.784957885742188
      },
      "geometry": {
        "type": "Point",
        "coordinates": [
          120.131772,
          30.27232
        ]
      }
    },
    {
      "type": "Feature",
      "properties": {
        "green_view_index": 25.515365600585938
      },
      "geometry": {
        "type": "Point",
        "coordinates": [
          120.131967,
          30.206955
        ]
      }
    },
    {
      "type": "Feature",
      "properties": {
        "green_view_index": 59.62257385253906
      },
      "geometry": {
        "type": "Point",
        "coordinates": [
          120.132079,
          30.232375
        ]
      }
    },
    {
      "type": "Feature",
      "properties": {
        "green_view_index": 1.3050079345703125
      },
      "geometry": {
        "type": "Point",
        "coordinates": [
          120.132112,
          30.170773
        ]
      }
    },
    {
      "type": "Feature",
      "properties": {
        "green_view_index": 3.374481201171875
      },
      "geometry": {
        "type": "Point",
        "coordinates": [
          120.132328,
          30.157976
        ]
      }
    },
    {
      "type": "Feature",
      "properties": {
        "green_view_index": 4.738616943359375
      },
      "geometry": {
        "type": "Point",
        "coordinates": [
          120.132359,
          30.305312
        ]
      }
    },
    {
      "type": "Feature",
      "properties": {
        "green_view_index": 17.96875
      },
      "geometry": {
        "type": "Point",
        "coordinates": [
          120.132407,
          30.266685
        ]
      }
    },
    {
      "type": "Feature",
      "properties": {
        "green_view_index": 2.6988983154296875
      },
      "geometry": {
        "type": "Point",
        "coordinates": [
          120.132513,
          30.223296
        ]
      }
    },
    {
      "type": "Feature",
      "properties": {
        "green_view_index": 5.3256988525390625
      },
      "geometry": {
        "type": "Point",
        "coordinates": [
          120.132559,
          30.368315
        ]
      }
    },
    {
      "type": "Feature",
      "properties": {
        "green_view_index": 13.68255615234375
      },
      "geometry": {
        "type": "Point",
        "coordinates": [
          120.132791,
          30.290922
        ]
      }
    },
    {
      "type": "Feature",
      "properties": {
        "green_view_index": 7.280731201171875
      },
      "geometry": {
        "type": "Point",
        "coordinates": [
          120.132814,
          30.189934
        ]
      }
    },
    {
      "type": "Feature",
      "properties": {
        "green_view_index": 6.37664794921875
      },
      "geometry": {
        "type": "Point",
        "coordinates": [
          120.132888,
          30.350308
        ]
      }
    },
    {
      "type": "Feature",
      "properties": {
        "green_view_index": 29.555130004882812
      },
      "geometry": {
        "type": "Point",
        "coordinates": [
          120.132919,
          30.362144
        ]
      }
    },
    {
      "type": "Feature",
      "properties": {
        "green_view_index": 5.0994873046875
      },
      "geometry": {
        "type": "Point",
        "coordinates": [
          120.132981,
          30.377236
        ]
      }
    },
    {
      "type": "Feature",
      "properties": {
        "green_view_index": 9.12628173828125
      },
      "geometry": {
        "type": "Point",
        "coordinates": [
          120.13303,
          30.37953
        ]
      }
    },
    {
      "type": "Feature",
      "properties": {
        "green_view_index": 4.8458099365234375
      },
      "geometry": {
        "type": "Point",
        "coordinates": [
          120.133058,
          30.384178
        ]
      }
    },
    {
      "type": "Feature",
      "properties": {
        "green_view_index": 1.262664794921875
      },
      "geometry": {
        "type": "Point",
        "coordinates": [
          120.133129,
          30.168542
        ]
      }
    },
    {
      "type": "Feature",
      "properties": {
        "green_view_index": 6.87408447265625
      },
      "geometry": {
        "type": "Point",
        "coordinates": [
          120.133227,
          30.353335
        ]
      }
    },
    {
      "type": "Feature",
      "properties": {
        "green_view_index": 48.96888732910156
      },
      "geometry": {
        "type": "Point",
        "coordinates": [
          120.133434,
          30.25453
        ]
      }
    },
    {
      "type": "Feature",
      "properties": {
        "green_view_index": 24.103927612304688
      },
      "geometry": {
        "type": "Point",
        "coordinates": [
          120.133673,
          30.226731
        ]
      }
    },
    {
      "type": "Feature",
      "properties": {
        "green_view_index": 22.114944458007812
      },
      "geometry": {
        "type": "Point",
        "coordinates": [
          120.133934,
          30.345643
        ]
      }
    },
    {
      "type": "Feature",
      "properties": {
        "green_view_index": 14.503097534179688
      },
      "geometry": {
        "type": "Point",
        "coordinates": [
          120.134431,
          30.311593
        ]
      }
    },
    {
      "type": "Feature",
      "properties": {
        "green_view_index": 9.841537475585938
      },
      "geometry": {
        "type": "Point",
        "coordinates": [
          120.134536,
          30.38183
        ]
      }
    },
    {
      "type": "Feature",
      "properties": {
        "green_view_index": 8.913421630859375
      },
      "geometry": {
        "type": "Point",
        "coordinates": [
          120.134543,
          30.154928
        ]
      }
    },
    {
      "type": "Feature",
      "properties": {
        "green_view_index": 4.560089111328125
      },
      "geometry": {
        "type": "Point",
        "coordinates": [
          120.134599,
          30.316023
        ]
      }
    },
    {
      "type": "Feature",
      "properties": {
        "green_view_index": 7.9532623291015625
      },
      "geometry": {
        "type": "Point",
        "coordinates": [
          120.134729,
          30.329816
        ]
      }
    },
    {
      "type": "Feature",
      "properties": {
        "green_view_index": 13.843154907226562
      },
      "geometry": {
        "type": "Point",
        "coordinates": [
          120.134802,
          30.339586
        ]
      }
    },
    {
      "type": "Feature",
      "properties": {
        "green_view_index": 2.396392822265625
      },
      "geometry": {
        "type": "Point",
        "coordinates": [
          120.134973,
          30.194536
        ]
      }
    },
    {
      "type": "Feature",
      "properties": {
        "green_view_index": 22.038650512695312
      },
      "geometry": {
        "type": "Point",
        "coordinates": [
          120.135002,
          30.308966
        ]
      }
    },
    {
      "type": "Feature",
      "properties": {
        "green_view_index": 3.2741546630859375
      },
      "geometry": {
        "type": "Point",
        "coordinates": [
          120.135109,
          30.175788
        ]
      }
    },
    {
      "type": "Feature",
      "properties": {
        "green_view_index": 40.46211242675781
      },
      "geometry": {
        "type": "Point",
        "coordinates": [
          120.13557,
          30.207568
        ]
      }
    },
    {
      "type": "Feature",
      "properties": {
        "green_view_index": 8.271408081054688
      },
      "geometry": {
        "type": "Point",
        "coordinates": [
          120.135612,
          30.36793
        ]
      }
    },
    {
      "type": "Feature",
      "properties": {
        "green_view_index": 15.786361694335938
      },
      "geometry": {
        "type": "Point",
        "coordinates": [
          120.135644,
          30.323116
        ]
      }
    },
    {
      "type": "Feature",
      "properties": {
        "green_view_index": 0.2742767333984375
      },
      "geometry": {
        "type": "Point",
        "coordinates": [
          120.13607,
          30.364347
        ]
      }
    },
    {
      "type": "Feature",
      "properties": {
        "green_view_index": 17.045974731445312
      },
      "geometry": {
        "type": "Point",
        "coordinates": [
          120.136242,
          30.273938
        ]
      }
    },
    {
      "type": "Feature",
      "properties": {
        "green_view_index": 25.005340576171875
      },
      "geometry": {
        "type": "Point",
        "coordinates": [
          120.136366,
          30.172282
        ]
      }
    },
    {
      "type": "Feature",
      "properties": {
        "green_view_index": 27.064132690429688
      },
      "geometry": {
        "type": "Point",
        "coordinates": [
          120.13645,
          30.296321
        ]
      }
    },
    {
      "type": "Feature",
      "properties": {
        "green_view_index": 35.7757568359375
      },
      "geometry": {
        "type": "Point",
        "coordinates": [
          120.136587,
          30.255456
        ]
      }
    },
    {
      "type": "Feature",
      "properties": {
        "green_view_index": 4.9030303955078125
      },
      "geometry": {
        "type": "Point",
        "coordinates": [
          120.136615,
          30.359549
        ]
      }
    },
    {
      "type": "Feature",
      "properties": {
        "green_view_index": 8.480072021484375
      },
      "geometry": {
        "type": "Point",
        "coordinates": [
          120.136634,
          30.279794
        ]
      }
    },
    {
      "type": "Feature",
      "properties": {
        "green_view_index": 22.610092163085938
      },
      "geometry": {
        "type": "Point",
        "coordinates": [
          120.136673,
          30.191197
        ]
      }
    },
    {
      "type": "Feature",
      "properties": {
        "green_view_index": 5.2867889404296875
      },
      "geometry": {
        "type": "Point",
        "coordinates": [
          120.136678,
          30.285717
        ]
      }
    },
    {
      "type": "Feature",
      "properties": {
        "green_view_index": 11.684036254882812
      },
      "geometry": {
        "type": "Point",
        "coordinates": [
          120.136863,
          30.151943
        ]
      }
    },
    {
      "type": "Feature",
      "properties": {
        "green_view_index": 2.0809173583984375
      },
      "geometry": {
        "type": "Point",
        "coordinates": [
          120.136944,
          30.290847
        ]
      }
    },
    {
      "type": "Feature",
      "properties": {
        "green_view_index": 33.28094482421875
      },
      "geometry": {
        "type": "Point",
        "coordinates": [
          120.136964,
          30.252357
        ]
      }
    },
    {
      "type": "Feature",
      "properties": {
        "green_view_index": 5.4409027099609375
      },
      "geometry": {
        "type": "Point",
        "coordinates": [
          120.137092,
          30.305691
        ]
      }
    },
    {
      "type": "Feature",
      "properties": {
        "green_view_index": 0.3818511962890625
      },
      "geometry": {
        "type": "Point",
        "coordinates": [
          120.137101,
          30.388302
        ]
      }
    },
    {
      "type": "Feature",
      "properties": {
        "green_view_index": 11.003494262695312
      },
      "geometry": {
        "type": "Point",
        "coordinates": [
          120.137111,
          30.268177
        ]
      }
    },
    {
      "type": "Feature",
      "properties": {
        "green_view_index": 2.0053863525390625
      },
      "geometry": {
        "type": "Point",
        "coordinates": [
          120.13751,
          30.353113
        ]
      }
    },
    {
      "type": "Feature",
      "properties": {
        "green_view_index": 25.510406494140625
      },
      "geometry": {
        "type": "Point",
        "coordinates": [
          120.137594,
          30.201266
        ]
      }
    },
    {
      "type": "Feature",
      "properties": {
        "green_view_index": 1.612091064453125
      },
      "geometry": {
        "type": "Point",
        "coordinates": [
          120.137723,
          30.350654
        ]
      }
    },
    {
      "type": "Feature",
      "properties": {
        "green_view_index": 0.409698486328125
      },
      "geometry": {
        "type": "Point",
        "coordinates": [
          120.137771,
          30.162424
        ]
      }
    },
    {
      "type": "Feature",
      "properties": {
        "green_view_index": 12.916183471679688
      },
      "geometry": {
        "type": "Point",
        "coordinates": [
          120.13791,
          30.374475
        ]
      }
    },
    {
      "type": "Feature",
      "properties": {
        "green_view_index": 4.4910430908203125
      },
      "geometry": {
        "type": "Point",
        "coordinates": [
          120.137958,
          30.157254
        ]
      }
    },
    {
      "type": "Feature",
      "properties": {
        "green_view_index": 4.613494873046875
      },
      "geometry": {
        "type": "Point",
        "coordinates": [
          120.138289,
          30.346794
        ]
      }
    },
    {
      "type": "Feature",
      "properties": {
        "green_view_index": 4.23736572265625
      },
      "geometry": {
        "type": "Point",
        "coordinates": [
          120.13833,
          30.384531
        ]
      }
    },
    {
      "type": "Feature",
      "properties": {
        "green_view_index": 13.176345825195312
      },
      "geometry": {
        "type": "Point",
        "coordinates": [
          120.138814,
          30.309131
        ]
      }
    },
    {
      "type": "Feature",
      "properties": {
        "green_view_index": 21.60491943359375
      },
      "geometry": {
        "type": "Point",
        "coordinates": [
          120.138885,
          30.285761
        ]
      }
    },
    {
      "type": "Feature",
      "properties": {
        "green_view_index": 27.616119384765625
      },
      "geometry": {
        "type": "Point",
        "coordinates": [
          120.139393,
          30.149151
        ]
      }
    },
    {
      "type": "Feature",
      "properties": {
        "green_view_index": 43.77632141113281
      },
      "geometry": {
        "type": "Point",
        "coordinates": [
          120.139428,
          30.205192
        ]
      }
    },
    {
      "type": "Feature",
      "properties": {
        "green_view_index": 5.2768707275390625
      },
      "geometry": {
        "type": "Point",
        "coordinates": [
          120.139572,
          30.379685
        ]
      }
    },
    {
      "type": "Feature",
      "properties": {
        "green_view_index": 10.177993774414062
      },
      "geometry": {
        "type": "Point",
        "coordinates": [
          120.139652,
          30.167743
        ]
      }
    },
    {
      "type": "Feature",
      "properties": {
        "green_view_index": 53.66668701171875
      },
      "geometry": {
        "type": "Point",
        "coordinates": [
          120.139665,
          30.208027
        ]
      }
    },
    {
      "type": "Feature",
      "properties": {
        "green_view_index": 31.853103637695312
      },
      "geometry": {
        "type": "Point",
        "coordinates": [
          120.1397,
          30.230942
        ]
      }
    },
    {
      "type": "Feature",
      "properties": {
        "green_view_index": 5.0609588623046875
      },
      "geometry": {
        "type": "Point",
        "coordinates": [
          120.139973,
          30.334761
        ]
      }
    },
    {
      "type": "Feature",
      "properties": {
        "green_view_index": 7.6198577880859375
      },
      "geometry": {
        "type": "Point",
        "coordinates": [
          120.140073,
          30.339753
        ]
      }
    },
    {
      "type": "Feature",
      "properties": {
        "green_view_index": 10.779953002929688
      },
      "geometry": {
        "type": "Point",
        "coordinates": [
          120.140291,
          30.291227
        ]
      }
    },
    {
      "type": "Feature",
      "properties": {
        "green_view_index": 7.5695037841796875
      },
      "geometry": {
        "type": "Point",
        "coordinates": [
          120.140371,
          30.363561
        ]
      }
    },
    {
      "type": "Feature",
      "properties": {
        "green_view_index": 9.83428955078125
      },
      "geometry": {
        "type": "Point",
        "coordinates": [
          120.140395,
          30.376069
        ]
      }
    },
    {
      "type": "Feature",
      "properties": {
        "green_view_index": 13.460540771484375
      },
      "geometry": {
        "type": "Point",
        "coordinates": [
          120.140441,
          30.357738
        ]
      }
    },
    {
      "type": "Feature",
      "properties": {
        "green_view_index": 6.4502716064453125
      },
      "geometry": {
        "type": "Point",
        "coordinates": [
          120.140788,
          30.367307
        ]
      }
    },
    {
      "type": "Feature",
      "properties": {
        "green_view_index": 12.271881103515625
      },
      "geometry": {
        "type": "Point",
        "coordinates": [
          120.140937,
          30.370908
        ]
      }
    },
    {
      "type": "Feature",
      "properties": {
        "green_view_index": 4.6360015869140625
      },
      "geometry": {
        "type": "Point",
        "coordinates": [
          120.14093,
          30.274358
        ]
      }
    },
    {
      "type": "Feature",
      "properties": {
        "green_view_index": 12.357711791992188
      },
      "geometry": {
        "type": "Point",
        "coordinates": [
          120.141074,
          30.298232
        ]
      }
    },
    {
      "type": "Feature",
      "properties": {
        "green_view_index": 1.3507843017578125
      },
      "geometry": {
        "type": "Point",
        "coordinates": [
          120.141156,
          30.159023
        ]
      }
    },
    {
      "type": "Feature",
      "properties": {
        "green_view_index": 11.6119384765625
      },
      "geometry": {
        "type": "Point",
        "coordinates": [
          120.141225,
          30.326961
        ]
      }
    },
    {
      "type": "Feature",
      "properties": {
        "green_view_index": 44.70977783203125
      },
      "geometry": {
        "type": "Point",
        "coordinates": [
          120.141282,
          30.254566
        ]
      }
    },
    {
      "type": "Feature",
      "properties": {
        "green_view_index": 3.273773193359375
      },
      "geometry": {
        "type": "Point",
        "coordinates": [
          120.141488,
          30.351212
        ]
      }
    },
    {
      "type": "Feature",
      "properties": {
        "green_view_index": 5.0273895263671875
      },
      "geometry": {
        "type": "Point",
        "coordinates": [
          120.141543,
          30.178186
        ]
      }
    },
    {
      "type": "Feature",
      "properties": {
        "green_view_index": 19.195938110351562
      },
      "geometry": {
        "type": "Point",
        "coordinates": [
          120.141567,
          30.202308
        ]
      }
    },
    {
      "type": "Feature",
      "properties": {
        "green_view_index": 2.22320556640625
      },
      "geometry": {
        "type": "Point",
        "coordinates": [
          120.141805,
          30.192616
        ]
      }
    },
    {
      "type": "Feature",
      "properties": {
        "green_view_index": 6.6364288330078125
      },
      "geometry": {
        "type": "Point",
        "coordinates": [
          120.141987,
          30.285982
        ]
      }
    },
    {
      "type": "Feature",
      "properties": {
        "green_view_index": 6.8115234375
      },
      "geometry": {
        "type": "Point",
        "coordinates": [
          120.142022,
          30.164787
        ]
      }
    },
    {
      "type": "Feature",
      "properties": {
        "green_view_index": 8.300399780273438
      },
      "geometry": {
        "type": "Point",
        "coordinates": [
          120.142078,
          30.221783
        ]
      }
    },
    {
      "type": "Feature",
      "properties": {
        "green_view_index": 31.431198120117188
      },
      "geometry": {
        "type": "Point",
        "coordinates": [
          120.142146,
          30.260423
        ]
      }
    },
    {
      "type": "Feature",
      "properties": {
        "green_view_index": 24.260711669921875
      },
      "geometry": {
        "type": "Point",
        "coordinates": [
          120.142398,
          30.180689
        ]
      }
    },
    {
      "type": "Feature",
      "properties": {
        "green_view_index": 2.7069091796875
      },
      "geometry": {
        "type": "Point",
        "coordinates": [
          120.142455,
          30.3471
        ]
      }
    },
    {
      "type": "Feature",
      "properties": {
        "green_view_index": 5.2600860595703125
      },
      "geometry": {
        "type": "Point",
        "coordinates": [
          120.142547,
          30.174374
        ]
      }
    },
    {
      "type": "Feature",
      "properties": {
        "green_view_index": 4.16259765625
      },
      "geometry": {
        "type": "Point",
        "coordinates": [
          120.142572,
          30.269654
        ]
      }
    },
    {
      "type": "Feature",
      "properties": {
        "green_view_index": 28.697586059570312
      },
      "geometry": {
        "type": "Point",
        "coordinates": [
          120.142576,
          30.146929
        ]
      }
    },
    {
      "type": "Feature",
      "properties": {
        "green_view_index": 8.963775634765625
      },
      "geometry": {
        "type": "Point",
        "coordinates": [
          120.142806,
          30.342392
        ]
      }
    },
    {
      "type": "Feature",
      "properties": {
        "green_view_index": 12.206649780273438
      },
      "geometry": {
        "type": "Point",
        "coordinates": [
          120.143198,
          30.309298
        ]
      }
    },
    {
      "type": "Feature",
      "properties": {
        "green_view_index": 9.534454345703125
      },
      "geometry": {
        "type": "Point",
        "coordinates": [
          120.143581,
          30.188681
        ]
      }
    },
    {
      "type": "Feature",
      "properties": {
        "green_view_index": 20.218276977539062
      },
      "geometry": {
        "type": "Point",
        "coordinates": [
          120.143661,
          30.290543
        ]
      }
    },
    {
      "type": "Feature",
      "properties": {
        "green_view_index": 1.7353057861328125
      },
      "geometry": {
        "type": "Point",
        "coordinates": [
          120.143778,
          30.204087
        ]
      }
    },
    {
      "type": "Feature",
      "properties": {
        "green_view_index": 9.861373901367188
      },
      "geometry": {
        "type": "Point",
        "coordinates": [
          120.143779,
          30.338822
        ]
      }
    },
    {
      "type": "Feature",
      "properties": {
        "green_view_index": 4.9121856689453125
      },
      "geometry": {
        "type": "Point",
        "coordinates": [
          120.143956,
          30.357566
        ]
      }
    },
    {
      "type": "Feature",
      "properties": {
        "green_view_index": 1.64642333984375
      },
      "geometry": {
        "type": "Point",
        "coordinates": [
          120.143998,
          30.19338
        ]
      }
    },
    {
      "type": "Feature",
      "properties": {
        "green_view_index": 4.409027099609375
      },
      "geometry": {
        "type": "Point",
        "coordinates": [
          120.144164,
          30.170113
        ]
      }
    },
    {
      "type": "Feature",
      "properties": {
        "green_view_index": 8.374786376953125
      },
      "geometry": {
        "type": "Point",
        "coordinates": [
          120.144198,
          30.292894
        ]
      }
    },
    {
      "type": "Feature",
      "properties": {
        "green_view_index": 2.423095703125
      },
      "geometry": {
        "type": "Point",
        "coordinates": [
          120.144302,
          30.152086
        ]
      }
    },
    {
      "type": "Feature",
      "properties": {
        "green_view_index": 8.000564575195312
      },
      "geometry": {
        "type": "Point",
        "coordinates": [
          120.144589,
          30.334812
        ]
      }
    },
    {
      "type": "Feature",
      "properties": {
        "green_view_index": 7.2437286376953125
      },
      "geometry": {
        "type": "Point",
        "coordinates": [
          120.144681,
          30.183699
        ]
      }
    },
    {
      "type": "Feature",
      "properties": {
        "green_view_index": 6.0184478759765625
      },
      "geometry": {
        "type": "Point",
        "coordinates": [
          120.144805,
          30.209783
        ]
      }
    },
    {
      "type": "Feature",
      "properties": {
        "green_view_index": 3.3580780029296875
      },
      "geometry": {
        "type": "Point",
        "coordinates": [
          120.144918,
          30.301375
        ]
      }
    },
    {
      "type": "Feature",
      "properties": {
        "green_view_index": 8.7066650390625
      },
      "geometry": {
        "type": "Point",
        "coordinates": [
          120.144985,
          30.161061
        ]
      }
    },
    {
      "type": "Feature",
      "properties": {
        "green_view_index": 22.14202880859375
      },
      "geometry": {
        "type": "Point",
        "coordinates": [
          120.145097,
          30.224169
        ]
      }
    },
    {
      "type": "Feature",
      "properties": {
        "green_view_index": 36.92665100097656
      },
      "geometry": {
        "type": "Point",
        "coordinates": [
          120.145124,
          30.387821
        ]
      }
    },
    {
      "type": "Feature",
      "properties": {
        "green_view_index": 8.1298828125
      },
      "geometry": {
        "type": "Point",
        "coordinates": [
          120.145155,
          30.327455
        ]
      }
    },
    {
      "type": "Feature",
      "properties": {
        "green_view_index": 5.5118560791015625
      },
      "geometry": {
        "type": "Point",
        "coordinates": [
          120.145181,
          30.144224
        ]
      }
    },
    {
      "type": "Feature",
      "properties": {
        "green_view_index": 0.9166717529296875
      },
      "geometry": {
        "type": "Point",
        "coordinates": [
          120.145372,
          30.384839
        ]
      }
    },
    {
      "type": "Feature",
      "properties": {
        "green_view_index": 3.206634521484375
      },
      "geometry": {
        "type": "Point",
        "coordinates": [
          120.14542,
          30.352219
        ]
      }
    },
    {
      "type": "Feature",
      "properties": {
        "green_view_index": 7.1659088134765625
      },
      "geometry": {
        "type": "Point",
        "coordinates": [
          120.145877,
          30.166833
        ]
      }
    },
    {
      "type": "Feature",
      "properties": {
        "green_view_index": 2.6409149169921875
      },
      "geometry": {
        "type": "Point",
        "coordinates": [
          120.145907,
          30.149158
        ]
      }
    },
    {
      "type": "Feature",
      "properties": {
        "green_view_index": 15.833663940429688
      },
      "geometry": {
        "type": "Point",
        "coordinates": [
          120.146034,
          30.274834
        ]
      }
    },
    {
      "type": "Feature",
      "properties": {
        "green_view_index": 39.67742919921875
      },
      "geometry": {
        "type": "Point",
        "coordinates": [
          120.146088,
          30.204036
        ]
      }
    },
    {
      "type": "Feature",
      "properties": {
        "green_view_index": 2.4234771728515625
      },
      "geometry": {
        "type": "Point",
        "coordinates": [
          120.146103,
          30.281125
        ]
      }
    },
    {
      "type": "Feature",
      "properties": {
        "green_view_index": 4.123687744140625
      },
      "geometry": {
        "type": "Point",
        "coordinates": [
          120.146524,
          30.186754
        ]
      }
    },
    {
      "type": "Feature",
      "properties": {
        "green_view_index": 35.87989807128906
      },
      "geometry": {
        "type": "Point",
        "coordinates": [
          120.14675,
          30.231993
        ]
      }
    },
    {
      "type": "Feature",
      "properties": {
        "green_view_index": 20.040130615234375
      },
      "geometry": {
        "type": "Point",
        "coordinates": [
          120.147145,
          30.266949
        ]
      }
    },
    {
      "type": "Feature",
      "properties": {
        "green_view_index": 16.8212890625
      },
      "geometry": {
        "type": "Point",
        "coordinates": [
          120.147185,
          30.206346
        ]
      }
    },
    {
      "type": "Feature",
      "properties": {
        "green_view_index": 7.4619293212890625
      },
      "geometry": {
        "type": "Point",
        "coordinates": [
          120.147246,
          30.157757
        ]
      }
    },
    {
      "type": "Feature",
      "properties": {
        "green_view_index": 2.1759033203125
      },
      "geometry": {
        "type": "Point",
        "coordinates": [
          120.147566,
          30.34705
        ]
      }
    },
    {
      "type": "Feature",
      "properties": {
        "green_view_index": 11.0687255859375
      },
      "geometry": {
        "type": "Point",
        "coordinates": [
          120.147759,
          30.190416
        ]
      }
    },
    {
      "type": "Feature",
      "properties": {
        "green_view_index": 5.658721923828125
      },
      "geometry": {
        "type": "Point",
        "coordinates": [
          120.147768,
          30.315317
        ]
      }
    },
    {
      "type": "Feature",
      "properties": {
        "green_view_index": 4.0485382080078125
      },
      "geometry": {
        "type": "Point",
        "coordinates": [
          120.14783,
          30.319354
        ]
      }
    },
    {
      "type": "Feature",
      "properties": {
        "green_view_index": 3.54766845703125
      },
      "geometry": {
        "type": "Point",
        "coordinates": [
          120.147885,
          30.321893
        ]
      }
    },
    {
      "type": "Feature",
      "properties": {
        "green_view_index": 27.175521850585938
      },
      "geometry": {
        "type": "Point",
        "coordinates": [
          120.147893,
          30.181224
        ]
      }
    },
    {
      "type": "Feature",
      "properties": {
        "green_view_index": 10.068893432617188
      },
      "geometry": {
        "type": "Point",
        "coordinates": [
          120.147979,
          30.325575
        ]
      }
    },
    {
      "type": "Feature",
      "properties": {
        "green_view_index": 25.41046142578125
      },
      "geometry": {
        "type": "Point",
        "coordinates": [
          120.148025,
          30.194148
        ]
      }
    },
    {
      "type": "Feature",
      "properties": {
        "green_view_index": 10.1654052734375
      },
      "geometry": {
        "type": "Point",
        "coordinates": [
          120.148043,
          30.334559
        ]
      }
    },
    {
      "type": "Feature",
      "properties": {
        "green_view_index": 4.931640625
      },
      "geometry": {
        "type": "Point",
        "coordinates": [
          120.148056,
          30.327583
        ]
      }
    },
    {
      "type": "Feature",
      "properties": {
        "green_view_index": 1.2054443359375
      },
      "geometry": {
        "type": "Point",
        "coordinates": [
          120.148137,
          30.162798
        ]
      }
    },
    {
      "type": "Feature",
      "properties": {
        "green_view_index": 14.661788940429688
      },
      "geometry": {
        "type": "Point",
        "coordinates": [
          120.148152,
          30.367154
        ]
      }
    },
    {
      "type": "Feature",
      "properties": {
        "green_view_index": 13.521194458007812
      },
      "geometry": {
        "type": "Point",
        "coordinates": [
          120.148165,
          30.264921
        ]
      }
    },
    {
      "type": "Feature",
      "properties": {
        "green_view_index": 29.6478271484375
      },
      "geometry": {
        "type": "Point",
        "coordinates": [
          120.148203,
          30.225538
        ]
      }
    },
    {
      "type": "Feature",
      "properties": {
        "green_view_index": 2.8118133544921875
      },
      "geometry": {
        "type": "Point",
        "coordinates": [
          120.14829,
          30.14995
        ]
      }
    },
    {
      "type": "Feature",
      "properties": {
        "green_view_index": 5.2219390869140625
      },
      "geometry": {
        "type": "Point",
        "coordinates": [
          120.148367,
          30.312613
        ]
      }
    },
    {
      "type": "Feature",
      "properties": {
        "green_view_index": 71.97036743164062
      },
      "geometry": {
        "type": "Point",
        "coordinates": [
          120.148426,
          30.142016
        ]
      }
    },
    {
      "type": "Feature",
      "properties": {
        "green_view_index": 47.62916564941406
      },
      "geometry": {
        "type": "Point",
        "coordinates": [
          120.148626,
          30.214166
        ]
      }
    },
    {
      "type": "Feature",
      "properties": {
        "green_view_index": 2.3029327392578125
      },
      "geometry": {
        "type": "Point",
        "coordinates": [
          120.148744,
          30.359042
        ]
      }
    },
    {
      "type": "Feature",
      "properties": {
        "green_view_index": 37.75138854980469
      },
      "geometry": {
        "type": "Point",
        "coordinates": [
          120.148777,
          30.363607
        ]
      }
    },
    {
      "type": "Feature",
      "properties": {
        "green_view_index": 2.5177001953125
      },
      "geometry": {
        "type": "Point",
        "coordinates": [
          120.148817,
          30.288165
        ]
      }
    },
    {
      "type": "Feature",
      "properties": {
        "green_view_index": 44.3115234375
      },
      "geometry": {
        "type": "Point",
        "coordinates": [
          120.149464,
          30.228966
        ]
      }
    },
    {
      "type": "Feature",
      "properties": {
        "green_view_index": 4.9007415771484375
      },
      "geometry": {
        "type": "Point",
        "coordinates": [
          120.149498,
          30.295102
        ]
      }
    },
    {
      "type": "Feature",
      "properties": {
        "green_view_index": 0.7892608642578125
      },
      "geometry": {
        "type": "Point",
        "coordinates": [
          120.149637,
          30.276875
        ]
      }
    },
    {
      "type": "Feature",
      "properties": {
        "green_view_index": 6.0619354248046875
      },
      "geometry": {
        "type": "Point",
        "coordinates": [
          120.149751,
          30.210724
        ]
      }
    },
    {
      "type": "Feature",
      "properties": {
        "green_view_index": 19.506454467773438
      },
      "geometry": {
        "type": "Point",
        "coordinates": [
          120.149804,
          30.12257
        ]
      }
    },
    {
      "type": "Feature",
      "properties": {
        "green_view_index": 10.594558715820312
      },
      "geometry": {
        "type": "Point",
        "coordinates": [
          120.150022,
          30.175977
        ]
      }
    },
    {
      "type": "Feature",
      "properties": {
        "green_view_index": 3.3203125
      },
      "geometry": {
        "type": "Point",
        "coordinates": [
          120.150086,
          30.280942
        ]
      }
    },
    {
      "type": "Feature",
      "properties": {
        "green_view_index": 36.65122985839844
      },
      "geometry": {
        "type": "Point",
        "coordinates": [
          120.150121,
          30.204755
        ]
      }
    },
    {
      "type": "Feature",
      "properties": {
        "green_view_index": 23.27423095703125
      },
      "geometry": {
        "type": "Point",
        "coordinates": [
          120.150227,
          30.185167
        ]
      }
    },
    {
      "type": "Feature",
      "properties": {
        "green_view_index": 4.7557830810546875
      },
      "geometry": {
        "type": "Point",
        "coordinates": [
          120.150262,
          30.272932
        ]
      }
    },
    {
      "type": "Feature",
      "properties": {
        "green_view_index": 15.457534790039062
      },
      "geometry": {
        "type": "Point",
        "coordinates": [
          120.15033,
          30.180748
        ]
      }
    },
    {
      "type": "Feature",
      "properties": {
        "green_view_index": 70.90911865234375
      },
      "geometry": {
        "type": "Point",
        "coordinates": [
          120.15045,
          30.353491
        ]
      }
    },
    {
      "type": "Feature",
      "properties": {
        "green_view_index": 2.07366943359375
      },
      "geometry": {
        "type": "Point",
        "coordinates": [
          120.150638,
          30.173115
        ]
      }
    },
    {
      "type": "Feature",
      "properties": {
        "green_view_index": 5.492401123046875
      },
      "geometry": {
        "type": "Point",
        "coordinates": [
          120.150665,
          30.313818
        ]
      }
    },
    {
      "type": "Feature",
      "properties": {
        "green_view_index": 31.585693359375
      },
      "geometry": {
        "type": "Point",
        "coordinates": [
          120.150825,
          30.232426
        ]
      }
    },
    {
      "type": "Feature",
      "properties": {
        "green_view_index": 4.1263580322265625
      },
      "geometry": {
        "type": "Point",
        "coordinates": [
          120.150847,
          30.150306
        ]
      }
    },
    {
      "type": "Feature",
      "properties": {
        "green_view_index": 2.9499053955078125
      },
      "geometry": {
        "type": "Point",
        "coordinates": [
          120.150962,
          30.157635
        ]
      }
    },
    {
      "type": "Feature",
      "properties": {
        "green_view_index": 11.507034301757812
      },
      "geometry": {
        "type": "Point",
        "coordinates": [
          120.151063,
          30.153878
        ]
      }
    },
    {
      "type": "Feature",
      "properties": {
        "green_view_index": 1.905059814453125
      },
      "geometry": {
        "type": "Point",
        "coordinates": [
          120.151119,
          30.385121
        ]
      }
    },
    {
      "type": "Feature",
      "properties": {
        "green_view_index": 10.39581298828125
      },
      "geometry": {
        "type": "Point",
        "coordinates": [
          120.151137,
          30.367487
        ]
      }
    },
    {
      "type": "Feature",
      "properties": {
        "green_view_index": 32.378387451171875
      },
      "geometry": {
        "type": "Point",
        "coordinates": [
          120.15131,
          30.235629
        ]
      }
    },
    {
      "type": "Feature",
      "properties": {
        "green_view_index": 2.0725250244140625
      },
      "geometry": {
        "type": "Point",
        "coordinates": [
          120.151438,
          30.363376
        ]
      }
    },
    {
      "type": "Feature",
      "properties": {
        "green_view_index": 14.772415161132812
      },
      "geometry": {
        "type": "Point",
        "coordinates": [
          120.151439,
          30.309964
        ]
      }
    },
    {
      "type": "Feature",
      "properties": {
        "green_view_index": 23.439407348632812
      },
      "geometry": {
        "type": "Point",
        "coordinates": [
          120.151706,
          30.13981
        ]
      }
    },
    {
      "type": "Feature",
      "properties": {
        "green_view_index": 11.379623413085938
      },
      "geometry": {
        "type": "Point",
        "coordinates": [
          120.151799,
          30.268515
        ]
      }
    },
    {
      "type": "Feature",
      "properties": {
        "green_view_index": 24.531173706054688
      },
      "geometry": {
        "type": "Point",
        "coordinates": [
          120.151906,
          30.358122
        ]
      }
    },
    {
      "type": "Feature",
      "properties": {
        "green_view_index": 31.420516967773438
      },
      "geometry": {
        "type": "Point",
        "coordinates": [
          120.152113,
          30.194607
        ]
      }
    },
    {
      "type": "Feature",
      "properties": {
        "green_view_index": 54.91523742675781
      },
      "geometry": {
        "type": "Point",
        "coordinates": [
          120.152201,
          30.320839
        ]
      }
    },
    {
      "type": "Feature",
      "properties": {
        "green_view_index": 14.895248413085938
      },
      "geometry": {
        "type": "Point",
        "coordinates": [
          120.152428,
          30.334928
        ]
      }
    },
    {
      "type": "Feature",
      "properties": {
        "green_view_index": 12.370681762695312
      },
      "geometry": {
        "type": "Point",
        "coordinates": [
          120.152834,
          30.261496
        ]
      }
    },
    {
      "type": "Feature",
      "properties": {
        "green_view_index": 4.795074462890625
      },
      "geometry": {
        "type": "Point",
        "coordinates": [
          120.153042,
          30.145115
        ]
      }
    },
    {
      "type": "Feature",
      "properties": {
        "green_view_index": 24.393081665039062
      },
      "geometry": {
        "type": "Point",
        "coordinates": [
          120.153202,
          30.209743
        ]
      }
    },
    {
      "type": "Feature",
      "properties": {
        "green_view_index": 11.749267578125
      },
      "geometry": {
        "type": "Point",
        "coordinates": [
          120.153542,
          30.175843
        ]
      }
    },
    {
      "type": "Feature",
      "properties": {
        "green_view_index": 46.350860595703125
      },
      "geometry": {
        "type": "Point",
        "coordinates": [
          120.153619,
          30.239754
        ]
      }
    },
    {
      "type": "Feature",
      "properties": {
        "green_view_index": 3.6632537841796875
      },
      "geometry": {
        "type": "Point",
        "coordinates": [
          120.153623,
          30.317355
        ]
      }
    },
    {
      "type": "Feature",
      "properties": {
        "green_view_index": 5.5667877197265625
      },
      "geometry": {
        "type": "Point",
        "coordinates": [
          120.153716,
          30.311135
        ]
      }
    },
    {
      "type": "Feature",
      "properties": {
        "green_view_index": 4.4788360595703125
      },
      "geometry": {
        "type": "Point",
        "coordinates": [
          120.153726,
          30.326319
        ]
      }
    },
    {
      "type": "Feature",
      "properties": {
        "green_view_index": 2.9827117919921875
      },
      "geometry": {
        "type": "Point",
        "coordinates": [
          120.15378,
          30.380184
        ]
      }
    },
    {
      "type": "Feature",
      "properties": {
        "green_view_index": 10.570907592773438
      },
      "geometry": {
        "type": "Point",
        "coordinates": [
          120.153799,
          30.382537
        ]
      }
    },
    {
      "type": "Feature",
      "properties": {
        "green_view_index": 4.669952392578125
      },
      "geometry": {
        "type": "Point",
        "coordinates": [
          120.153812,
          30.384989
        ]
      }
    },
    {
      "type": "Feature",
      "properties": {
        "green_view_index": 8.524322509765625
      },
      "geometry": {
        "type": "Point",
        "coordinates": [
          120.153828,
          30.387916
        ]
      }
    },
    {
      "type": "Feature",
      "properties": {
        "green_view_index": 10.984420776367188
      },
      "geometry": {
        "type": "Point",
        "coordinates": [
          120.153904,
          30.272794
        ]
      }
    },
    {
      "type": "Feature",
      "properties": {
        "green_view_index": 15.523910522460938
      },
      "geometry": {
        "type": "Point",
        "coordinates": [
          120.153949,
          30.172722
        ]
      }
    },
    {
      "type": "Feature",
      "properties": {
        "green_view_index": 2.846527099609375
      },
      "geometry": {
        "type": "Point",
        "coordinates": [
          120.154047,
          30.166605
        ]
      }
    },
    {
      "type": "Feature",
      "properties": {
        "green_view_index": 7.84912109375
      },
      "geometry": {
        "type": "Point",
        "coordinates": [
          120.154102,
          30.141471
        ]
      }
    },
    {
      "type": "Feature",
      "properties": {
        "green_view_index": 48.906707763671875
      },
      "geometry": {
        "type": "Point",
        "coordinates": [
          120.154215,
          30.361996
        ]
      }
    },
    {
      "type": "Feature",
      "properties": {
        "green_view_index": 34.25712585449219
      },
      "geometry": {
        "type": "Point",
        "coordinates": [
          120.154217,
          30.28188
        ]
      }
    },
    {
      "type": "Feature",
      "properties": {
        "green_view_index": 6.536102294921875
      },
      "geometry": {
        "type": "Point",
        "coordinates": [
          120.154273,
          30.190063
        ]
      }
    },
    {
      "type": "Feature",
      "properties": {
        "green_view_index": 12.921142578125
      },
      "geometry": {
        "type": "Point",
        "coordinates": [
          120.154475,
          30.187625
        ]
      }
    },
    {
      "type": "Feature",
      "properties": {
        "green_view_index": 11.022567749023438
      },
      "geometry": {
        "type": "Point",
        "coordinates": [
          120.154479,
          30.180652
        ]
      }
    },
    {
      "type": "Feature",
      "properties": {
        "green_view_index": 53.12690734863281
      },
      "geometry": {
        "type": "Point",
        "coordinates": [
          120.154498,
          30.244896
        ]
      }
    },
    {
      "type": "Feature",
      "properties": {
        "green_view_index": 4.489898681640625
      },
      "geometry": {
        "type": "Point",
        "coordinates": [
          120.154522,
          30.184849
        ]
      }
    },
    {
      "type": "Feature",
      "properties": {
        "green_view_index": 5.8956146240234375
      },
      "geometry": {
        "type": "Point",
        "coordinates": [
          120.154523,
          30.354209
        ]
      }
    },
    {
      "type": "Feature",
      "properties": {
        "green_view_index": 35.9222412109375
      },
      "geometry": {
        "type": "Point",
        "coordinates": [
          120.154554,
          30.151757
        ]
      }
    },
    {
      "type": "Feature",
      "properties": {
        "green_view_index": 1.9500732421875
      },
      "geometry": {
        "type": "Point",
        "coordinates": [
          120.154827,
          30.290919
        ]
      }
    },
    {
      "type": "Feature",
      "properties": {
        "green_view_index": 4.804229736328125
      },
      "geometry": {
        "type": "Point",
        "coordinates": [
          120.155148,
          30.297398
        ]
      }
    },
    {
      "type": "Feature",
      "properties": {
        "green_view_index": 38.27552795410156
      },
      "geometry": {
        "type": "Point",
        "coordinates": [
          120.15518,
          30.366828
        ]
      }
    },
    {
      "type": "Feature",
      "properties": {
        "green_view_index": 50.072479248046875
      },
      "geometry": {
        "type": "Point",
        "coordinates": [
          120.155207,
          30.231345
        ]
      }
    },
    {
      "type": "Feature",
      "properties": {
        "green_view_index": 38.977813720703125
      },
      "geometry": {
        "type": "Point",
        "coordinates": [
          120.155451,
          30.247098
        ]
      }
    },
    {
      "type": "Feature",
      "properties": {
        "green_view_index": 7.6904296875
      },
      "geometry": {
        "type": "Point",
        "coordinates": [
          120.155474,
          30.342683
        ]
      }
    },
    {
      "type": "Feature",
      "properties": {
        "green_view_index": 16.554641723632812
      },
      "geometry": {
        "type": "Point",
        "coordinates": [
          120.155475,
          30.206682
        ]
      }
    },
    {
      "type": "Feature",
      "properties": {
        "green_view_index": 14.326858520507812
      },
      "geometry": {
        "type": "Point",
        "coordinates": [
          120.156135,
          30.162698
        ]
      }
    },
    {
      "type": "Feature",
      "properties": {
        "green_view_index": 24.17144775390625
      },
      "geometry": {
        "type": "Point",
        "coordinates": [
          120.156152,
          30.17263
        ]
      }
    },
    {
      "type": "Feature",
      "properties": {
        "green_view_index": 0.4558563232421875
      },
      "geometry": {
        "type": "Point",
        "coordinates": [
          120.156169,
          30.167951
        ]
      }
    },
    {
      "type": "Feature",
      "properties": {
        "green_view_index": 32.87773132324219
      },
      "geometry": {
        "type": "Point",
        "coordinates": [
          120.156248,
          30.194917
        ]
      }
    },
    {
      "type": "Feature",
      "properties": {
        "green_view_index": 4.608154296875
      },
      "geometry": {
        "type": "Point",
        "coordinates": [
          120.156285,
          30.320468
        ]
      }
    },
    {
      "type": "Feature",
      "properties": {
        "green_view_index": 12.9241943359375
      },
      "geometry": {
        "type": "Point",
        "coordinates": [
          120.156431,
          30.33435
        ]
      }
    },
    {
      "type": "Feature",
      "properties": {
        "green_view_index": 10.1318359375
      },
      "geometry": {
        "type": "Point",
        "coordinates": [
          120.156452,
          30.328561
        ]
      }
    },
    {
      "type": "Feature",
      "properties": {
        "green_view_index": 61.394500732421875
      },
      "geometry": {
        "type": "Point",
        "coordinates": [
          120.156488,
          30.175999
        ]
      }
    },
    {
      "type": "Feature",
      "properties": {
        "green_view_index": 23.2391357421875
      },
      "geometry": {
        "type": "Point",
        "coordinates": [
          120.156573,
          30.350928
        ]
      }
    },
    {
      "type": "Feature",
      "properties": {
        "green_view_index": 7.7423095703125
      },
      "geometry": {
        "type": "Point",
        "coordinates": [
          120.156749,
          30.282568
        ]
      }
    },
    {
      "type": "Feature",
      "properties": {
        "green_view_index": 12.548828125
      },
      "geometry": {
        "type": "Point",
        "coordinates": [
          120.156801,
          30.275555
        ]
      }
    },
    {
      "type": "Feature",
      "properties": {
        "green_view_index": 11.217880249023438
      },
      "geometry": {
        "type": "Point",
        "coordinates": [
          120.156856,
          30.138834
        ]
      }
    },
    {
      "type": "Feature",
      "properties": {
        "green_view_index": 8.381271362304688
      },
      "geometry": {
        "type": "Point",
        "coordinates": [
          120.156953,
          30.307314
        ]
      }
    },
    {
      "type": "Feature",
      "properties": {
        "green_view_index": 18.766021728515625
      },
      "geometry": {
        "type": "Point",
        "coordinates": [
          120.156973,
          30.213468
        ]
      }
    },
    {
      "type": "Feature",
      "properties": {
        "green_view_index": 14.981460571289062
      },
      "geometry": {
        "type": "Point",
        "coordinates": [
          120.157122,
          30.270195
        ]
      }
    },
    {
      "type": "Feature",
      "properties": {
        "green_view_index": 10.93292236328125
      },
      "geometry": {
        "type": "Point",
        "coordinates": [
          120.157314,
          30.160182
        ]
      }
    },
    {
      "type": "Feature",
      "properties": {
        "green_view_index": 22.684097290039062
      },
      "geometry": {
        "type": "Point",
        "coordinates": [
          120.157746,
          30.135064
        ]
      }
    },
    {
      "type": "Feature",
      "properties": {
        "green_view_index": 7.5626373291015625
      },
      "geometry": {
        "type": "Point",
        "coordinates": [
          120.157943,
          30.146174
        ]
      }
    },
    {
      "type": "Feature",
      "properties": {
        "green_view_index": 6.4731597900390625
      },
      "geometry": {
        "type": "Point",
        "coordinates": [
          120.158139,
          30.254143
        ]
      }
    },
    {
      "type": "Feature",
      "properties": {
        "green_view_index": 12.591171264648438
      },
      "geometry": {
        "type": "Point",
        "coordinates": [
          120.158324,
          30.182813
        ]
      }
    },
    {
      "type": "Feature",
      "properties": {
        "green_view_index": 7.1071624755859375
      },
      "geometry": {
        "type": "Point",
        "coordinates": [
          120.158361,
          30.180255
        ]
      }
    },
    {
      "type": "Feature",
      "properties": {
        "green_view_index": 8.94012451171875
      },
      "geometry": {
        "type": "Point",
        "coordinates": [
          120.158497,
          30.379706
        ]
      }
    },
    {
      "type": "Feature",
      "properties": {
        "green_view_index": 0.3276824951171875
      },
      "geometry": {
        "type": "Point",
        "coordinates": [
          120.158609,
          30.376103
        ]
      }
    },
    {
      "type": "Feature",
      "properties": {
        "green_view_index": 39.03694152832031
      },
      "geometry": {
        "type": "Point",
        "coordinates": [
          120.158733,
          30.229756
        ]
      }
    },
    {
      "type": "Feature",
      "properties": {
        "green_view_index": 8.08868408203125
      },
      "geometry": {
        "type": "Point",
        "coordinates": [
          120.158747,
          30.372501
        ]
      }
    },
    {
      "type": "Feature",
      "properties": {
        "green_view_index": 11.278533935546875
      },
      "geometry": {
        "type": "Point",
        "coordinates": [
          120.159122,
          30.365694
        ]
      }
    },
    {
      "type": "Feature",
      "properties": {
        "green_view_index": 25.40740966796875
      },
      "geometry": {
        "type": "Point",
        "coordinates": [
          120.159157,
          30.341031
        ]
      }
    },
    {
      "type": "Feature",
      "properties": {
        "green_view_index": 38.886260986328125
      },
      "geometry": {
        "type": "Point",
        "coordinates": [
          120.159183,
          30.363672
        ]
      }
    },
    {
      "type": "Feature",
      "properties": {
        "green_view_index": 17.996978759765625
      },
      "geometry": {
        "type": "Point",
        "coordinates": [
          120.15919,
          30.369242
        ]
      }
    },
    {
      "type": "Feature",
      "properties": {
        "green_view_index": 5.3745269775390625
      },
      "geometry": {
        "type": "Point",
        "coordinates": [
          120.159224,
          30.260933
        ]
      }
    },
    {
      "type": "Feature",
      "properties": {
        "green_view_index": 24.139022827148438
      },
      "geometry": {
        "type": "Point",
        "coordinates": [
          120.159226,
          30.355013
        ]
      }
    },
    {
      "type": "Feature",
      "properties": {
        "green_view_index": 11.986160278320312
      },
      "geometry": {
        "type": "Point",
        "coordinates": [
          120.159233,
          30.21277
        ]
      }
    },
    {
      "type": "Feature",
      "properties": {
        "green_view_index": 6.7592620849609375
      },
      "geometry": {
        "type": "Point",
        "coordinates": [
          120.159281,
          30.291976
        ]
      }
    },
    {
      "type": "Feature",
      "properties": {
        "green_view_index": 0.2185821533203125
      },
      "geometry": {
        "type": "Point",
        "coordinates": [
          120.159283,
          30.299132
        ]
      }
    },
    {
      "type": "Feature",
      "properties": {
        "green_view_index": 5.4988861083984375
      },
      "geometry": {
        "type": "Point",
        "coordinates": [
          120.159296,
          30.38507
        ]
      }
    },
    {
      "type": "Feature",
      "properties": {
        "green_view_index": 1.3011932373046875
      },
      "geometry": {
        "type": "Point",
        "coordinates": [
          120.15934,
          30.35805
        ]
      }
    },
    {
      "type": "Feature",
      "properties": {
        "green_view_index": 15.39764404296875
      },
      "geometry": {
        "type": "Point",
        "coordinates": [
          120.159817,
          30.155837
        ]
      }
    },
    {
      "type": "Feature",
      "properties": {
        "green_view_index": 4.7252655029296875
      },
      "geometry": {
        "type": "Point",
        "coordinates": [
          120.159829,
          30.332274
        ]
      }
    },
    {
      "type": "Feature",
      "properties": {
        "green_view_index": 10.390853881835938
      },
      "geometry": {
        "type": "Point",
        "coordinates": [
          120.15982,
          30.31062
        ]
      }
    },
    {
      "type": "Feature",
      "properties": {
        "green_view_index": 3.452301025390625
      },
      "geometry": {
        "type": "Point",
        "coordinates": [
          120.160136,
          30.30391
        ]
      }
    },
    {
      "type": "Feature",
      "properties": {
        "green_view_index": 1.0723114013671875
      },
      "geometry": {
        "type": "Point",
        "coordinates": [
          120.160163,
          30.196045
        ]
      }
    },
    {
      "type": "Feature",
      "properties": {
        "green_view_index": 26.02691650390625
      },
      "geometry": {
        "type": "Point",
        "coordinates": [
          120.160285,
          30.178104
        ]
      }
    },
    {
      "type": "Feature",
      "properties": {
        "green_view_index": 7.6507568359375
      },
      "geometry": {
        "type": "Point",
        "coordinates": [
          120.160286,
          30.348885
        ]
      }
    },
    {
      "type": "Feature",
      "properties": {
        "green_view_index": 11.054611206054688
      },
      "geometry": {
        "type": "Point",
        "coordinates": [
          120.160318,
          30.215591
        ]
      }
    },
    {
      "type": "Feature",
      "properties": {
        "green_view_index": 7.696533203125
      },
      "geometry": {
        "type": "Point",
        "coordinates": [
          120.160355,
          30.315905
        ]
      }
    },
    {
      "type": "Feature",
      "properties": {
        "green_view_index": 18.314743041992188
      },
      "geometry": {
        "type": "Point",
        "coordinates": [
          120.160638,
          30.175981
        ]
      }
    },
    {
      "type": "Feature",
      "properties": {
        "green_view_index": 9.062957763671875
      },
      "geometry": {
        "type": "Point",
        "coordinates": [
          120.160772,
          30.283466
        ]
      }
    },
    {
      "type": "Feature",
      "properties": {
        "green_view_index": 42.044830322265625
      },
      "geometry": {
        "type": "Point",
        "coordinates": [
          120.160793,
          30.289374
        ]
      }
    },
    {
      "type": "Feature",
      "properties": {
        "green_view_index": 6.2961578369140625
      },
      "geometry": {
        "type": "Point",
        "coordinates": [
          120.160934,
          30.318515
        ]
      }
    },
    {
      "type": "Feature",
      "properties": {
        "green_view_index": 24.164581298828125
      },
      "geometry": {
        "type": "Point",
        "coordinates": [
          120.160958,
          30.132821
        ]
      }
    },
    {
      "type": "Feature",
      "properties": {
        "green_view_index": 9.826278686523438
      },
      "geometry": {
        "type": "Point",
        "coordinates": [
          120.160999,
          30.191746
        ]
      }
    },
    {
      "type": "Feature",
      "properties": {
        "green_view_index": 6.9316864013671875
      },
      "geometry": {
        "type": "Point",
        "coordinates": [
          120.161057,
          30.325884
        ]
      }
    },
    {
      "type": "Feature",
      "properties": {
        "green_view_index": 6.2747955322265625
      },
      "geometry": {
        "type": "Point",
        "coordinates": [
          120.161267,
          30.278637
        ]
      }
    },
    {
      "type": "Feature",
      "properties": {
        "green_view_index": 5.8376312255859375
      },
      "geometry": {
        "type": "Point",
        "coordinates": [
          120.161603,
          30.209324
        ]
      }
    },
    {
      "type": "Feature",
      "properties": {
        "green_view_index": 17.020797729492188
      },
      "geometry": {
        "type": "Point",
        "coordinates": [
          120.161663,
          30.38221
        ]
      }
    },
    {
      "type": "Feature",
      "properties": {
        "green_view_index": 5.022430419921875
      },
      "geometry": {
        "type": "Point",
        "coordinates": [
          120.161702,
          30.384941
        ]
      }
    },
    {
      "type": "Feature",
      "properties": {
        "green_view_index": 9.872055053710938
      },
      "geometry": {
        "type": "Point",
        "coordinates": [
          120.161724,
          30.276161
        ]
      }
    },
    {
      "type": "Feature",
      "properties": {
        "green_view_index": 4.0771484375
      },
      "geometry": {
        "type": "Point",
        "coordinates": [
          120.161888,
          30.148315
        ]
      }
    },
    {
      "type": "Feature",
      "properties": {
        "green_view_index": 5.0113677978515625
      },
      "geometry": {
        "type": "Point",
        "coordinates": [
          120.162016,
          30.187681
        ]
      }
    },
    {
      "type": "Feature",
      "properties": {
        "green_view_index": 20.904922485351562
      },
      "geometry": {
        "type": "Point",
        "coordinates": [
          120.162169,
          30.320834
        ]
      }
    },
    {
      "type": "Feature",
      "properties": {
        "green_view_index": 34.917449951171875
      },
      "geometry": {
        "type": "Point",
        "coordinates": [
          120.162431,
          30.228175
        ]
      }
    },
    {
      "type": "Feature",
      "properties": {
        "green_view_index": 3.3580780029296875
      },
      "geometry": {
        "type": "Point",
        "coordinates": [
          120.162734,
          30.175811
        ]
      }
    },
    {
      "type": "Feature",
      "properties": {
        "green_view_index": 1.7486572265625
      },
      "geometry": {
        "type": "Point",
        "coordinates": [
          120.162771,
          30.33925
        ]
      }
    },
    {
      "type": "Feature",
      "properties": {
        "green_view_index": 16.014480590820312
      },
      "geometry": {
        "type": "Point",
        "coordinates": [
          120.162791,
          30.37935
        ]
      }
    },
    {
      "type": "Feature",
      "properties": {
        "green_view_index": 4.0897369384765625
      },
      "geometry": {
        "type": "Point",
        "coordinates": [
          120.162925,
          30.170103
        ]
      }
    },
    {
      "type": "Feature",
      "properties": {
        "green_view_index": 14.31884765625
      },
      "geometry": {
        "type": "Point",
        "coordinates": [
          120.16292,
          30.180245
        ]
      }
    },
    {
      "type": "Feature",
      "properties": {
        "green_view_index": 6.4975738525390625
      },
      "geometry": {
        "type": "Point",
        "coordinates": [
          120.163033,
          30.300685
        ]
      }
    },
    {
      "type": "Feature",
      "properties": {
        "green_view_index": 24.784088134765625
      },
      "geometry": {
        "type": "Point",
        "coordinates": [
          120.163068,
          30.129866
        ]
      }
    },
    {
      "type": "Feature",
      "properties": {
        "green_view_index": 23.638916015625
      },
      "geometry": {
        "type": "Point",
        "coordinates": [
          120.163241,
          30.214985
        ]
      }
    },
    {
      "type": "Feature",
      "properties": {
        "green_view_index": 19.757461547851562
      },
      "geometry": {
        "type": "Point",
        "coordinates": [
          120.163369,
          30.157669
        ]
      }
    },
    {
      "type": "Feature",
      "properties": {
        "green_view_index": 2.0534515380859375
      },
      "geometry": {
        "type": "Point",
        "coordinates": [
          120.163418,
          30.387527
        ]
      }
    },
    {
      "type": "Feature",
      "properties": {
        "green_view_index": 0.276947021484375
      },
      "geometry": {
        "type": "Point",
        "coordinates": [
          120.163597,
          30.356931
        ]
      }
    },
    {
      "type": "Feature",
      "properties": {
        "green_view_index": 9.09423828125
      },
      "geometry": {
        "type": "Point",
        "coordinates": [
          120.163654,
          30.225906
        ]
      }
    },
    {
      "type": "Feature",
      "properties": {
        "green_view_index": 0.220489501953125
      },
      "geometry": {
        "type": "Point",
        "coordinates": [
          120.164045,
          30.197322
        ]
      }
    },
    {
      "type": "Feature",
      "properties": {
        "green_view_index": 2.1282196044921875
      },
      "geometry": {
        "type": "Point",
        "coordinates": [
          120.164114,
          30.22132
        ]
      }
    },
    {
      "type": "Feature",
      "properties": {
        "green_view_index": 3.8272857666015625
      },
      "geometry": {
        "type": "Point",
        "coordinates": [
          120.164383,
          30.329548
        ]
      }
    },
    {
      "type": "Feature",
      "properties": {
        "green_view_index": 7.4676513671875
      },
      "geometry": {
        "type": "Point",
        "coordinates": [
          120.164578,
          30.284078
        ]
      }
    },
    {
      "type": "Feature",
      "properties": {
        "green_view_index": 4.952239990234375
      },
      "geometry": {
        "type": "Point",
        "coordinates": [
          120.16476,
          30.312907
        ]
      }
    },
    {
      "type": "Feature",
      "properties": {
        "green_view_index": 2.8759002685546875
      },
      "geometry": {
        "type": "Point",
        "coordinates": [
          120.164964,
          30.189017
        ]
      }
    },
    {
      "type": "Feature",
      "properties": {
        "green_view_index": 37.252044677734375
      },
      "geometry": {
        "type": "Point",
        "coordinates": [
          120.165008,
          30.137736
        ]
      }
    },
    {
      "type": "Feature",
      "properties": {
        "green_view_index": 9.815597534179688
      },
      "geometry": {
        "type": "Point",
        "coordinates": [
          120.165027,
          30.28097
        ]
      }
    },
    {
      "type": "Feature",
      "properties": {
        "green_view_index": 34.58709716796875
      },
      "geometry": {
        "type": "Point",
        "coordinates": [
          120.16509,
          30.289987
        ]
      }
    },
    {
      "type": "Feature",
      "properties": {
        "green_view_index": 4.00543212890625
      },
      "geometry": {
        "type": "Point",
        "coordinates": [
          120.165304,
          30.129684
        ]
      }
    },
    {
      "type": "Feature",
      "properties": {
        "green_view_index": 6.7302703857421875
      },
      "geometry": {
        "type": "Point",
        "coordinates": [
          120.165429,
          30.164646
        ]
      }
    },
    {
      "type": "Feature",
      "properties": {
        "green_view_index": 2.8697967529296875
      },
      "geometry": {
        "type": "Point",
        "coordinates": [
          120.165462,
          30.346133
        ]
      }
    },
    {
      "type": "Feature",
      "properties": {
        "green_view_index": 14.129638671875
      },
      "geometry": {
        "type": "Point",
        "coordinates": [
          120.165559,
          30.309584
        ]
      }
    },
    {
      "type": "Feature",
      "properties": {
        "green_view_index": 3.414154052734375
      },
      "geometry": {
        "type": "Point",
        "coordinates": [
          120.165566,
          30.108919
        ]
      }
    },
    {
      "type": "Feature",
      "properties": {
        "green_view_index": 27.497100830078125
      },
      "geometry": {
        "type": "Point",
        "coordinates": [
          120.165571,
          30.31565
        ]
      }
    },
    {
      "type": "Feature",
      "properties": {
        "green_view_index": 6.3175201416015625
      },
      "geometry": {
        "type": "Point",
        "coordinates": [
          120.165632,
          30.23209
        ]
      }
    },
    {
      "type": "Feature",
      "properties": {
        "green_view_index": 25.557708740234375
      },
      "geometry": {
        "type": "Point",
        "coordinates": [
          120.165647,
          30.149732
        ]
      }
    },
    {
      "type": "Feature",
      "properties": {
        "green_view_index": 7.2559356689453125
      },
      "geometry": {
        "type": "Point",
        "coordinates": [
          120.165678,
          30.21165
        ]
      }
    },
    {
      "type": "Feature",
      "properties": {
        "green_view_index": 6.60858154296875
      },
      "geometry": {
        "type": "Point",
        "coordinates": [
          120.165774,
          30.297829
        ]
      }
    },
    {
      "type": "Feature",
      "properties": {
        "green_view_index": 2.7050018310546875
      },
      "geometry": {
        "type": "Point",
        "coordinates": [
          120.165861,
          30.276481
        ]
      }
    },
    {
      "type": "Feature",
      "properties": {
        "green_view_index": 6.6013336181640625
      },
      "geometry": {
        "type": "Point",
        "coordinates": [
          120.165917,
          30.12728
        ]
      }
    },
    {
      "type": "Feature",
      "properties": {
        "green_view_index": 16.826248168945312
      },
      "geometry": {
        "type": "Point",
        "coordinates": [
          120.165925,
          30.228488
        ]
      }
    },
    {
      "type": "Feature",
      "properties": {
        "green_view_index": 4.930877685546875
      },
      "geometry": {
        "type": "Point",
        "coordinates": [
          120.165991,
          30.322606
        ]
      }
    },
    {
      "type": "Feature",
      "properties": {
        "green_view_index": 9.289169311523438
      },
      "geometry": {
        "type": "Point",
        "coordinates": [
          120.166035,
          30.381251
        ]
      }
    },
    {
      "type": "Feature",
      "properties": {
        "green_view_index": 7.1598052978515625
      },
      "geometry": {
        "type": "Point",
        "coordinates": [
          120.166213,
          30.318399
        ]
      }
    },
    {
      "type": "Feature",
      "properties": {
        "green_view_index": 2.5051116943359375
      },
      "geometry": {
        "type": "Point",
        "coordinates": [
          120.166233,
          30.271985
        ]
      }
    },
    {
      "type": "Feature",
      "properties": {
        "green_view_index": 5.028533935546875
      },
      "geometry": {
        "type": "Point",
        "coordinates": [
          120.166255,
          30.160245
        ]
      }
    },
    {
      "type": "Feature",
      "properties": {
        "green_view_index": 22.349929809570312
      },
      "geometry": {
        "type": "Point",
        "coordinates": [
          120.166326,
          30.235825
        ]
      }
    },
    {
      "type": "Feature",
      "properties": {
        "green_view_index": 7.5626373291015625
      },
      "geometry": {
        "type": "Point",
        "coordinates": [
          120.166374,
          30.274071
        ]
      }
    },
    {
      "type": "Feature",
      "properties": {
        "green_view_index": 7.820892333984375
      },
      "geometry": {
        "type": "Point",
        "coordinates": [
          120.166435,
          30.293208
        ]
      }
    },
    {
      "type": "Feature",
      "properties": {
        "green_view_index": 2.9964447021484375
      },
      "geometry": {
        "type": "Point",
        "coordinates": [
          120.16644,
          30.266948
        ]
      }
    },
    {
      "type": "Feature",
      "properties": {
        "green_view_index": 3.7731170654296875
      },
      "geometry": {
        "type": "Point",
        "coordinates": [
          120.166619,
          30.364672
        ]
      }
    },
    {
      "type": "Feature",
      "properties": {
        "green_view_index": 2.5814056396484375
      },
      "geometry": {
        "type": "Point",
        "coordinates": [
          120.166661,
          30.367348
        ]
      }
    },
    {
      "type": "Feature",
      "properties": {
        "green_view_index": 10.716629028320312
      },
      "geometry": {
        "type": "Point",
        "coordinates": [
          120.167041,
          30.261464
        ]
      }
    },
    {
      "type": "Feature",
      "properties": {
        "green_view_index": 40.37132263183594
      },
      "geometry": {
        "type": "Point",
        "coordinates": [
          120.167165,
          30.391358
        ]
      }
    },
    {
      "type": "Feature",
      "properties": {
        "green_view_index": 5.6613922119140625
      },
      "geometry": {
        "type": "Point",
        "coordinates": [
          120.167202,
          30.256633
        ]
      }
    },
    {
      "type": "Feature",
      "properties": {
        "green_view_index": 12.434768676757812
      },
      "geometry": {
        "type": "Point",
        "coordinates": [
          120.167213,
          30.171498
        ]
      }
    },
    {
      "type": "Feature",
      "properties": {
        "green_view_index": 5.0518035888671875
      },
      "geometry": {
        "type": "Point",
        "coordinates": [
          120.167276,
          30.328082
        ]
      }
    },
    {
      "type": "Feature",
      "properties": {
        "green_view_index": 1.20391845703125
      },
      "geometry": {
        "type": "Point",
        "coordinates": [
          120.167287,
          30.240209
        ]
      }
    },
    {
      "type": "Feature",
      "properties": {
        "green_view_index": 9.427261352539062
      },
      "geometry": {
        "type": "Point",
        "coordinates": [
          120.167306,
          30.349028
        ]
      }
    },
    {
      "type": "Feature",
      "properties": {
        "green_view_index": 20.819854736328125
      },
      "geometry": {
        "type": "Point",
        "coordinates": [
          120.167892,
          30.198648
        ]
      }
    },
    {
      "type": "Feature",
      "properties": {
        "green_view_index": 2.9399871826171875
      },
      "geometry": {
        "type": "Point",
        "coordinates": [
          120.167977,
          30.33305
        ]
      }
    },
    {
      "type": "Feature",
      "properties": {
        "green_view_index": 2.783966064453125
      },
      "geometry": {
        "type": "Point",
        "coordinates": [
          120.168037,
          30.302497
        ]
      }
    },
    {
      "type": "Feature",
      "properties": {
        "green_view_index": 7.0232391357421875
      },
      "geometry": {
        "type": "Point",
        "coordinates": [
          120.168053,
          30.212661
        ]
      }
    },
    {
      "type": "Feature",
      "properties": {
        "green_view_index": 23.859786987304688
      },
      "geometry": {
        "type": "Point",
        "coordinates": [
          120.168158,
          30.361761
        ]
      }
    },
    {
      "type": "Feature",
      "properties": {
        "green_view_index": 24.49951171875
      },
      "geometry": {
        "type": "Point",
        "coordinates": [
          120.168161,
          30.242533
        ]
      }
    },
    {
      "type": "Feature",
      "properties": {
        "green_view_index": 21.384048461914062
      },
      "geometry": {
        "type": "Point",
        "coordinates": [
          120.168203,
          30.219212
        ]
      }
    },
    {
      "type": "Feature",
      "properties": {
        "green_view_index": 6.890869140625
      },
      "geometry": {
        "type": "Point",
        "coordinates": [
          120.168552,
          30.385637
        ]
      }
    },
    {
      "type": "Feature",
      "properties": {
        "green_view_index": 3.6296844482421875
      },
      "geometry": {
        "type": "Point",
        "coordinates": [
          120.169006,
          30.225762
        ]
      }
    },
    {
      "type": "Feature",
      "properties": {
        "green_view_index": 3.472900390625
      },
      "geometry": {
        "type": "Point",
        "coordinates": [
          120.169021,
          30.150195
        ]
      }
    },
    {
      "type": "Feature",
      "properties": {
        "green_view_index": 20.439910888671875
      },
      "geometry": {
        "type": "Point",
        "coordinates": [
          120.169028,
          30.248003
        ]
      }
    },
    {
      "type": "Feature",
      "properties": {
        "green_view_index": 22.21527099609375
      },
      "geometry": {
        "type": "Point",
        "coordinates": [
          120.169085,
          30.344367
        ]
      }
    },
    {
      "type": "Feature",
      "properties": {
        "green_view_index": 25.188827514648438
      },
      "geometry": {
        "type": "Point",
        "coordinates": [
          120.169282,
          30.355106
        ]
      }
    },
    {
      "type": "Feature",
      "properties": {
        "green_view_index": 4.593658447265625
      },
      "geometry": {
        "type": "Point",
        "coordinates": [
          120.169287,
          30.176063
        ]
      }
    },
    {
      "type": "Feature",
      "properties": {
        "green_view_index": 4.6112060546875
      },
      "geometry": {
        "type": "Point",
        "coordinates": [
          120.16953,
          30.318384
        ]
      }
    },
    {
      "type": "Feature",
      "properties": {
        "green_view_index": 2.5402069091796875
      },
      "geometry": {
        "type": "Point",
        "coordinates": [
          120.169593,
          30.172258
        ]
      }
    },
    {
      "type": "Feature",
      "properties": {
        "green_view_index": 6.6436767578125
      },
      "geometry": {
        "type": "Point",
        "coordinates": [
          120.169631,
          30.183681
        ]
      }
    },
    {
      "type": "Feature",
      "properties": {
        "green_view_index": 7.6324462890625
      },
      "geometry": {
        "type": "Point",
        "coordinates": [
          120.16967,
          30.293549
        ]
      }
    },
    {
      "type": "Feature",
      "properties": {
        "green_view_index": 9.49249267578125
      },
      "geometry": {
        "type": "Point",
        "coordinates": [
          120.169822,
          30.179974
        ]
      }
    },
    {
      "type": "Feature",
      "properties": {
        "green_view_index": 7.04193115234375
      },
      "geometry": {
        "type": "Point",
        "coordinates": [
          120.169904,
          30.124158
        ]
      }
    },
    {
      "type": "Feature",
      "properties": {
        "green_view_index": 13.073348999023438
      },
      "geometry": {
        "type": "Point",
        "coordinates": [
          120.169992,
          30.325104
        ]
      }
    },
    {
      "type": "Feature",
      "properties": {
        "green_view_index": 15.276336669921875
      },
      "geometry": {
        "type": "Point",
        "coordinates": [
          120.169993,
          30.276855
        ]
      }
    },
    {
      "type": "Feature",
      "properties": {
        "green_view_index": 15.410614013671875
      },
      "geometry": {
        "type": "Point",
        "coordinates": [
          120.170182,
          30.16638
        ]
      }
    },
    {
      "type": "Feature",
      "properties": {
        "green_view_index": 7.653045654296875
      },
      "geometry": {
        "type": "Point",
        "coordinates": [
          120.170269,
          30.135706
        ]
      }
    },
    {
      "type": "Feature",
      "properties": {
        "green_view_index": 18.267059326171875
      },
      "geometry": {
        "type": "Point",
        "coordinates": [
          120.170299,
          30.359855
        ]
      }
    },
    {
      "type": "Feature",
      "properties": {
        "green_view_index": 18.9971923828125
      },
      "geometry": {
        "type": "Point",
        "coordinates": [
          120.17044,
          30.242166
        ]
      }
    },
    {
      "type": "Feature",
      "properties": {
        "green_view_index": 7.466888427734375
      },
      "geometry": {
        "type": "Point",
        "coordinates": [
          120.170651,
          30.336395
        ]
      }
    },
    {
      "type": "Feature",
      "properties": {
        "green_view_index": 16.450119018554688
      },
      "geometry": {
        "type": "Point",
        "coordinates": [
          120.170653,
          30.333544
        ]
      }
    },
    {
      "type": "Feature",
      "properties": {
        "green_view_index": 3.656768798828125
      },
      "geometry": {
        "type": "Point",
        "coordinates": [
          120.170677,
          30.132767
        ]
      }
    },
    {
      "type": "Feature",
      "properties": {
        "green_view_index": 10.156631469726562
      },
      "geometry": {
        "type": "Point",
        "coordinates": [
          120.170807,
          30.127145
        ]
      }
    },
    {
      "type": "Feature",
      "properties": {
        "green_view_index": 12.107086181640625
      },
      "geometry": {
        "type": "Point",
        "coordinates": [
          120.170935,
          30.145049
        ]
      }
    },
    {
      "type": "Feature",
      "properties": {
        "green_view_index": 2.375030517578125
      },
      "geometry": {
        "type": "Point",
        "coordinates": [
          120.171041,
          30.130216
        ]
      }
    },
    {
      "type": "Feature",
      "properties": {
        "green_view_index": 3.7738800048828125
      },
      "geometry": {
        "type": "Point",
        "coordinates": [
          120.17116,
          30.310553
        ]
      }
    },
    {
      "type": "Feature",
      "properties": {
        "green_view_index": 28.751754760742188
      },
      "geometry": {
        "type": "Point",
        "coordinates": [
          120.171183,
          30.200807
        ]
      }
    },
    {
      "type": "Feature",
      "properties": {
        "green_view_index": 26.012039184570312
      },
      "geometry": {
        "type": "Point",
        "coordinates": [
          120.171206,
          30.161089
        ]
      }
    },
    {
      "type": "Feature",
      "properties": {
        "green_view_index": 5.8292388916015625
      },
      "geometry": {
        "type": "Point",
        "coordinates": [
          120.171289,
          30.381167
        ]
      }
    },
    {
      "type": "Feature",
      "properties": {
        "green_view_index": 0.9124755859375
      },
      "geometry": {
        "type": "Point",
        "coordinates": [
          120.171593,
          30.214674
        ]
      }
    },
    {
      "type": "Feature",
      "properties": {
        "green_view_index": 8.21075439453125
      },
      "geometry": {
        "type": "Point",
        "coordinates": [
          120.171652,
          30.352634
        ]
      }
    },
    {
      "type": "Feature",
      "properties": {
        "green_view_index": 41.49627685546875
      },
      "geometry": {
        "type": "Point",
        "coordinates": [
          120.171827,
          30.232813
        ]
      }
    },
    {
      "type": "Feature",
      "properties": {
        "green_view_index": 31.1614990234375
      },
      "geometry": {
        "type": "Point",
        "coordinates": [
          120.171834,
          30.236501
        ]
      }
    },
    {
      "type": "Feature",
      "properties": {
        "green_view_index": 9.3414306640625
      },
      "geometry": {
        "type": "Point",
        "coordinates": [
          120.171925,
          30.347362
        ]
      }
    },
    {
      "type": "Feature",
      "properties": {
        "green_view_index": 7.28607177734375
      },
      "geometry": {
        "type": "Point",
        "coordinates": [
          120.171939,
          30.272165
        ]
      }
    },
    {
      "type": "Feature",
      "properties": {
        "green_view_index": 23.078536987304688
      },
      "geometry": {
        "type": "Point",
        "coordinates": [
          120.172131,
          30.366186
        ]
      }
    },
    {
      "type": "Feature",
      "properties": {
        "green_view_index": 1.265716552734375
      },
      "geometry": {
        "type": "Point",
        "coordinates": [
          120.172172,
          30.148412
        ]
      }
    },
    {
      "type": "Feature",
      "properties": {
        "green_view_index": 7.0888519287109375
      },
      "geometry": {
        "type": "Point",
        "coordinates": [
          120.172174,
          30.284714
        ]
      }
    },
    {
      "type": "Feature",
      "properties": {
        "green_view_index": 4.2003631591796875
      },
      "geometry": {
        "type": "Point",
        "coordinates": [
          120.172429,
          30.1672
        ]
      }
    },
    {
      "type": "Feature",
      "properties": {
        "green_view_index": 19.759750366210938
      },
      "geometry": {
        "type": "Point",
        "coordinates": [
          120.172439,
          30.23885
        ]
      }
    },
    {
      "type": "Feature",
      "properties": {
        "green_view_index": 9.108734130859375
      },
      "geometry": {
        "type": "Point",
        "coordinates": [
          120.172529,
          30.290477
        ]
      }
    },
    {
      "type": "Feature",
      "properties": {
        "green_view_index": 5.02471923828125
      },
      "geometry": {
        "type": "Point",
        "coordinates": [
          120.172672,
          30.304162
        ]
      }
    },
    {
      "type": "Feature",
      "properties": {
        "green_view_index": 13.155746459960938
      },
      "geometry": {
        "type": "Point",
        "coordinates": [
          120.172686,
          30.150616
        ]
      }
    },
    {
      "type": "Feature",
      "properties": {
        "green_view_index": 12.755584716796875
      },
      "geometry": {
        "type": "Point",
        "coordinates": [
          120.172746,
          30.339508
        ]
      }
    },
    {
      "type": "Feature",
      "properties": {
        "green_view_index": 44.21653747558594
      },
      "geometry": {
        "type": "Point",
        "coordinates": [
          120.17276,
          30.229795
        ]
      }
    },
    {
      "type": "Feature",
      "properties": {
        "green_view_index": 7.23876953125
      },
      "geometry": {
        "type": "Point",
        "coordinates": [
          120.172925,
          30.385889
        ]
      }
    },
    {
      "type": "Feature",
      "properties": {
        "green_view_index": 9.481048583984375
      },
      "geometry": {
        "type": "Point",
        "coordinates": [
          120.173095,
          30.280994
        ]
      }
    },
    {
      "type": "Feature",
      "properties": {
        "green_view_index": 5.3432464599609375
      },
      "geometry": {
        "type": "Point",
        "coordinates": [
          120.173096,
          30.336461
        ]
      }
    },
    {
      "type": "Feature",
      "properties": {
        "green_view_index": 19.217300415039062
      },
      "geometry": {
        "type": "Point",
        "coordinates": [
          120.173146,
          30.121944
        ]
      }
    },
    {
      "type": "Feature",
      "properties": {
        "green_view_index": 14.894485473632812
      },
      "geometry": {
        "type": "Point",
        "coordinates": [
          120.173464,
          30.187653
        ]
      }
    },
    {
      "type": "Feature",
      "properties": {
        "green_view_index": 3.017425537109375
      },
      "geometry": {
        "type": "Point",
        "coordinates": [
          120.17346,
          30.175682
        ]
      }
    },
    {
      "type": "Feature",
      "properties": {
        "green_view_index": 1.3645172119140625
      },
      "geometry": {
        "type": "Point",
        "coordinates": [
          120.173478,
          30.329445
        ]
      }
    },
    {
      "type": "Feature",
      "properties": {
        "green_view_index": 0.283050537109375
      },
      "geometry": {
        "type": "Point",
        "coordinates": [
          120.173767,
          30.211372
        ]
      }
    },
    {
      "type": "Feature",
      "properties": {
        "green_view_index": 5.660247802734375
      },
      "geometry": {
        "type": "Point",
        "coordinates": [
          120.173876,
          30.372867
        ]
      }
    },
    {
      "type": "Feature",
      "properties": {
        "green_view_index": 12.06512451171875
      },
      "geometry": {
        "type": "Point",
        "coordinates": [
          120.173911,
          30.183805
        ]
      }
    },
    {
      "type": "Feature",
      "properties": {
        "green_view_index": 18.66302490234375
      },
      "geometry": {
        "type": "Point",
        "coordinates": [
          120.173912,
          30.260284
        ]
      }
    },
    {
      "type": "Feature",
      "properties": {
        "green_view_index": 7.781219482421875
      },
      "geometry": {
        "type": "Point",
        "coordinates": [
          120.173953,
          30.19713
        ]
      }
    },
    {
      "type": "Feature",
      "properties": {
        "green_view_index": 7.9357147216796875
      },
      "geometry": {
        "type": "Point",
        "coordinates": [
          120.173967,
          30.17982
        ]
      }
    },
    {
      "type": "Feature",
      "properties": {
        "green_view_index": 4.3304443359375
      },
      "geometry": {
        "type": "Point",
        "coordinates": [
          120.174301,
          30.29611
        ]
      }
    },
    {
      "type": "Feature",
      "properties": {
        "green_view_index": 7.69805908203125
      },
      "geometry": {
        "type": "Point",
        "coordinates": [
          120.174392,
          30.277138
        ]
      }
    },
    {
      "type": "Feature",
      "properties": {
        "green_view_index": 13.303756713867188
      },
      "geometry": {
        "type": "Point",
        "coordinates": [
          120.174442,
          30.341813
        ]
      }
    },
    {
      "type": "Feature",
      "properties": {
        "green_view_index": 1.0837554931640625
      },
      "geometry": {
        "type": "Point",
        "coordinates": [
          120.174725,
          30.20268
        ]
      }
    },
    {
      "type": "Feature",
      "properties": {
        "green_view_index": 5.4523468017578125
      },
      "geometry": {
        "type": "Point",
        "coordinates": [
          120.174783,
          30.173112
        ]
      }
    },
    {
      "type": "Feature",
      "properties": {
        "green_view_index": 5.8284759521484375
      },
      "geometry": {
        "type": "Point",
        "coordinates": [
          120.174786,
          30.135832
        ]
      }
    },
    {
      "type": "Feature",
      "properties": {
        "green_view_index": 5.27191162109375
      },
      "geometry": {
        "type": "Point",
        "coordinates": [
          120.174859,
          30.249406
        ]
      }
    },
    {
      "type": "Feature",
      "properties": {
        "green_view_index": 10.104751586914062
      },
      "geometry": {
        "type": "Point",
        "coordinates": [
          120.17486,
          30.323502
        ]
      }
    },
    {
      "type": "Feature",
      "properties": {
        "green_view_index": 6.3594818115234375
      },
      "geometry": {
        "type": "Point",
        "coordinates": [
          120.174984,
          30.160008
        ]
      }
    },
    {
      "type": "Feature",
      "properties": {
        "green_view_index": 6.378173828125
      },
      "geometry": {
        "type": "Point",
        "coordinates": [
          120.175035,
          30.126981
        ]
      }
    },
    {
      "type": "Feature",
      "properties": {
        "green_view_index": 4.4986724853515625
      },
      "geometry": {
        "type": "Point",
        "coordinates": [
          120.175073,
          30.163602
        ]
      }
    },
    {
      "type": "Feature",
      "properties": {
        "green_view_index": 7.866668701171875
      },
      "geometry": {
        "type": "Point",
        "coordinates": [
          120.175245,
          30.216456
        ]
      }
    },
    {
      "type": "Feature",
      "properties": {
        "green_view_index": 14.107894897460938
      },
      "geometry": {
        "type": "Point",
        "coordinates": [
          120.175308,
          30.19461
        ]
      }
    },
    {
      "type": "Feature",
      "properties": {
        "green_view_index": 13.4674072265625
      },
      "geometry": {
        "type": "Point",
        "coordinates": [
          120.175411,
          30.272511
        ]
      }
    },
    {
      "type": "Feature",
      "properties": {
        "green_view_index": 8.06121826171875
      },
      "geometry": {
        "type": "Point",
        "coordinates": [
          120.175535,
          30.339381
        ]
      }
    },
    {
      "type": "Feature",
      "properties": {
        "green_view_index": 4.2583465576171875
      },
      "geometry": {
        "type": "Point",
        "coordinates": [
          120.175661,
          30.149855
        ]
      }
    },
    {
      "type": "Feature",
      "properties": {
        "green_view_index": 7.410430908203125
      },
      "geometry": {
        "type": "Point",
        "coordinates": [
          120.175702,
          30.122749
        ]
      }
    },
    {
      "type": "Feature",
      "properties": {
        "green_view_index": 8.851242065429688
      },
      "geometry": {
        "type": "Point",
        "coordinates": [
          120.175862,
          30.208317
        ]
      }
    },
    {
      "type": "Feature",
      "properties": {
        "green_view_index": 2.8961181640625
      },
      "geometry": {
        "type": "Point",
        "coordinates": [
          120.175904,
          30.25672
        ]
      }
    },
    {
      "type": "Feature",
      "properties": {
        "green_view_index": 8.82568359375
      },
      "geometry": {
        "type": "Point",
        "coordinates": [
          120.17602,
          30.260306
        ]
      }
    },
    {
      "type": "Feature",
      "properties": {
        "green_view_index": 9.787750244140625
      },
      "geometry": {
        "type": "Point",
        "coordinates": [
          120.176069,
          30.168376
        ]
      }
    },
    {
      "type": "Feature",
      "properties": {
        "green_view_index": 3.125762939453125
      },
      "geometry": {
        "type": "Point",
        "coordinates": [
          120.176137,
          30.266892
        ]
      }
    },
    {
      "type": "Feature",
      "properties": {
        "green_view_index": 29.984664916992188
      },
      "geometry": {
        "type": "Point",
        "coordinates": [
          120.176225,
          30.375779
        ]
      }
    },
    {
      "type": "Feature",
      "properties": {
        "green_view_index": 18.41888427734375
      },
      "geometry": {
        "type": "Point",
        "coordinates": [
          120.176235,
          30.175791
        ]
      }
    },
    {
      "type": "Feature",
      "properties": {
        "green_view_index": 17.58270263671875
      },
      "geometry": {
        "type": "Point",
        "coordinates": [
          120.176479,
          30.139107
        ]
      }
    },
    {
      "type": "Feature",
      "properties": {
        "green_view_index": 5.924224853515625
      },
      "geometry": {
        "type": "Point",
        "coordinates": [
          120.176495,
          30.345069
        ]
      }
    },
    {
      "type": "Feature",
      "properties": {
        "green_view_index": 6.3259124755859375
      },
      "geometry": {
        "type": "Point",
        "coordinates": [
          120.176515,
          30.285277
        ]
      }
    },
    {
      "type": "Feature",
      "properties": {
        "green_view_index": 4.92401123046875
      },
      "geometry": {
        "type": "Point",
        "coordinates": [
          120.176986,
          30.236426
        ]
      }
    },
    {
      "type": "Feature",
      "properties": {
        "green_view_index": 9.893798828125
      },
      "geometry": {
        "type": "Point",
        "coordinates": [
          120.177178,
          30.385847
        ]
      }
    },
    {
      "type": "Feature",
      "properties": {
        "green_view_index": 7.5962066650390625
      },
      "geometry": {
        "type": "Point",
        "coordinates": [
          120.177295,
          30.188325
        ]
      }
    },
    {
      "type": "Feature",
      "properties": {
        "green_view_index": 10.15777587890625
      },
      "geometry": {
        "type": "Point",
        "coordinates": [
          120.177546,
          30.352067
        ]
      }
    },
    {
      "type": "Feature",
      "properties": {
        "green_view_index": 11.914443969726562
      },
      "geometry": {
        "type": "Point",
        "coordinates": [
          120.177777,
          30.18387
        ]
      }
    },
    {
      "type": "Feature",
      "properties": {
        "green_view_index": 0.4848480224609375
      },
      "geometry": {
        "type": "Point",
        "coordinates": [
          120.17777,
          30.205077
        ]
      }
    },
    {
      "type": "Feature",
      "properties": {
        "green_view_index": 1.9542694091796875
      },
      "geometry": {
        "type": "Point",
        "coordinates": [
          120.177886,
          30.282321
        ]
      }
    },
    {
      "type": "Feature",
      "properties": {
        "green_view_index": 4.9556732177734375
      },
      "geometry": {
        "type": "Point",
        "coordinates": [
          120.177889,
          30.295853
        ]
      }
    },
    {
      "type": "Feature",
      "properties": {
        "green_view_index": 5.1090240478515625
      },
      "geometry": {
        "type": "Point",
        "coordinates": [
          120.178035,
          30.19907
        ]
      }
    },
    {
      "type": "Feature",
      "properties": {
        "green_view_index": 2.504730224609375
      },
      "geometry": {
        "type": "Point",
        "coordinates": [
          120.178072,
          30.179781
        ]
      }
    },
    {
      "type": "Feature",
      "properties": {
        "green_view_index": 11.222076416015625
      },
      "geometry": {
        "type": "Point",
        "coordinates": [
          120.178128,
          30.142401
        ]
      }
    },
    {
      "type": "Feature",
      "properties": {
        "green_view_index": 7.332611083984375
      },
      "geometry": {
        "type": "Point",
        "coordinates": [
          120.178152,
          30.147223
        ]
      }
    },
    {
      "type": "Feature",
      "properties": {
        "green_view_index": 4.546356201171875
      },
      "geometry": {
        "type": "Point",
        "coordinates": [
          120.178179,
          30.257207
        ]
      }
    },
    {
      "type": "Feature",
      "properties": {
        "green_view_index": 1.877593994140625
      },
      "geometry": {
        "type": "Point",
        "coordinates": [
          120.178205,
          30.347294
        ]
      }
    },
    {
      "type": "Feature",
      "properties": {
        "green_view_index": 10.327911376953125
      },
      "geometry": {
        "type": "Point",
        "coordinates": [
          120.17822,
          30.324747
        ]
      }
    },
    {
      "type": "Feature",
      "properties": {
        "green_view_index": 2.9815673828125
      },
      "geometry": {
        "type": "Point",
        "coordinates": [
          120.178413,
          30.318001
        ]
      }
    },
    {
      "type": "Feature",
      "properties": {
        "green_view_index": 1.0196685791015625
      },
      "geometry": {
        "type": "Point",
        "coordinates": [
          120.178426,
          30.231721
        ]
      }
    },
    {
      "type": "Feature",
      "properties": {
        "green_view_index": 11.98883056640625
      },
      "geometry": {
        "type": "Point",
        "coordinates": [
          120.178561,
          30.310727
        ]
      }
    },
    {
      "type": "Feature",
      "properties": {
        "green_view_index": 22.664260864257812
      },
      "geometry": {
        "type": "Point",
        "coordinates": [
          120.178667,
          30.194709
        ]
      }
    },
    {
      "type": "Feature",
      "properties": {
        "green_view_index": 10.580062866210938
      },
      "geometry": {
        "type": "Point",
        "coordinates": [
          120.178922,
          30.341107
        ]
      }
    },
    {
      "type": "Feature",
      "properties": {
        "green_view_index": 14.29901123046875
      },
      "geometry": {
        "type": "Point",
        "coordinates": [
          120.179081,
          30.334553
        ]
      }
    },
    {
      "type": "Feature",
      "properties": {
        "green_view_index": 9.33685302734375
      },
      "geometry": {
        "type": "Point",
        "coordinates": [
          120.179262,
          30.305864
        ]
      }
    },
    {
      "type": "Feature",
      "properties": {
        "green_view_index": 29.2327880859375
      },
      "geometry": {
        "type": "Point",
        "coordinates": [
          120.179295,
          30.16952
        ]
      }
    },
    {
      "type": "Feature",
      "properties": {
        "green_view_index": 35.5926513671875
      },
      "geometry": {
        "type": "Point",
        "coordinates": [
          120.179457,
          30.241154
        ]
      }
    },
    {
      "type": "Feature",
      "properties": {
        "green_view_index": 6.523895263671875
      },
      "geometry": {
        "type": "Point",
        "coordinates": [
          120.179627,
          30.249429
        ]
      }
    },
    {
      "type": "Feature",
      "properties": {
        "green_view_index": 8.802032470703125
      },
      "geometry": {
        "type": "Point",
        "coordinates": [
          120.179965,
          30.188484
        ]
      }
    },
    {
      "type": "Feature",
      "properties": {
        "green_view_index": 28.857421875
      },
      "geometry": {
        "type": "Point",
        "coordinates": [
          120.180209,
          30.376765
        ]
      }
    },
    {
      "type": "Feature",
      "properties": {
        "green_view_index": 13.99993896484375
      },
      "geometry": {
        "type": "Point",
        "coordinates": [
          120.180346,
          30.300551
        ]
      }
    },
    {
      "type": "Feature",
      "properties": {
        "green_view_index": 13.64593505859375
      },
      "geometry": {
        "type": "Point",
        "coordinates": [
          120.180381,
          30.175627
        ]
      }
    },
    {
      "type": "Feature",
      "properties": {
        "green_view_index": 6.9438934326171875
      },
      "geometry": {
        "type": "Point",
        "coordinates": [
          120.180575,
          30.183767
        ]
      }
    },
    {
      "type": "Feature",
      "properties": {
        "green_view_index": 6.847381591796875
      },
      "geometry": {
        "type": "Point",
        "coordinates": [
          120.180697,
          30.201213
        ]
      }
    },
    {
      "type": "Feature",
      "properties": {
        "green_view_index": 1.477813720703125
      },
      "geometry": {
        "type": "Point",
        "coordinates": [
          120.180734,
          30.285595
        ]
      }
    },
    {
      "type": "Feature",
      "properties": {
        "green_view_index": 0.0
      },
      "geometry": {
        "type": "Point",
        "coordinates": [
          120.180763,
          30.234286
        ]
      }
    },
    {
      "type": "Feature",
      "properties": {
        "green_view_index": 14.369964599609375
      },
      "geometry": {
        "type": "Point",
        "coordinates": [
          120.180829,
          30.291249
        ]
      }
    },
    {
      "type": "Feature",
      "properties": {
        "green_view_index": 6.30645751953125
      },
      "geometry": {
        "type": "Point",
        "coordinates": [
          120.180997,
          30.277797
        ]
      }
    },
    {
      "type": "Feature",
      "properties": {
        "green_view_index": 59.766387939453125
      },
      "geometry": {
        "type": "Point",
        "coordinates": [
          120.181298,
          30.321014
        ]
      }
    },
    {
      "type": "Feature",
      "properties": {
        "green_view_index": 6.6188812255859375
      },
      "geometry": {
        "type": "Point",
        "coordinates": [
          120.181336,
          30.385916
        ]
      }
    },
    {
      "type": "Feature",
      "properties": {
        "green_view_index": 11.554336547851562
      },
      "geometry": {
        "type": "Point",
        "coordinates": [
          120.181357,
          30.220199
        ]
      }
    },
    {
      "type": "Feature",
      "properties": {
        "green_view_index": 16.439437866210938
      },
      "geometry": {
        "type": "Point",
        "coordinates": [
          120.181694,
          30.333949
        ]
      }
    },
    {
      "type": "Feature",
      "properties": {
        "green_view_index": 24.840545654296875
      },
      "geometry": {
        "type": "Point",
        "coordinates": [
          120.181827,
          30.252631
        ]
      }
    },
    {
      "type": "Feature",
      "properties": {
        "green_view_index": 37.62245178222656
      },
      "geometry": {
        "type": "Point",
        "coordinates": [
          120.182048,
          30.206338
        ]
      }
    },
    {
      "type": "Feature",
      "properties": {
        "green_view_index": 15.03448486328125
      },
      "geometry": {
        "type": "Point",
        "coordinates": [
          120.182062,
          30.295583
        ]
      }
    },
    {
      "type": "Feature",
      "properties": {
        "green_view_index": 21.642684936523438
      },
      "geometry": {
        "type": "Point",
        "coordinates": [
          120.182247,
          30.192679
        ]
      }
    },
    {
      "type": "Feature",
      "properties": {
        "green_view_index": 3.0696868896484375
      },
      "geometry": {
        "type": "Point",
        "coordinates": [
          120.182256,
          30.245567
        ]
      }
    },
    {
      "type": "Feature",
      "properties": {
        "green_view_index": 14.062118530273438
      },
      "geometry": {
        "type": "Point",
        "coordinates": [
          120.182285,
          30.273149
        ]
      }
    },
    {
      "type": "Feature",
      "properties": {
        "green_view_index": 2.62908935546875
      },
      "geometry": {
        "type": "Point",
        "coordinates": [
          120.182376,
          30.317559
        ]
      }
    },
    {
      "type": "Feature",
      "properties": {
        "green_view_index": 13.74053955078125
      },
      "geometry": {
        "type": "Point",
        "coordinates": [
          120.182587,
          30.256221
        ]
      }
    },
    {
      "type": "Feature",
      "properties": {
        "green_view_index": 15.088272094726562
      },
      "geometry": {
        "type": "Point",
        "coordinates": [
          120.182767,
          30.280632
        ]
      }
    },
    {
      "type": "Feature",
      "properties": {
        "green_view_index": 0.3803253173828125
      },
      "geometry": {
        "type": "Point",
        "coordinates": [
          120.182814,
          30.260337
        ]
      }
    },
    {
      "type": "Feature",
      "properties": {
        "green_view_index": 11.582565307617188
      },
      "geometry": {
        "type": "Point",
        "coordinates": [
          120.182878,
          30.263944
        ]
      }
    },
    {
      "type": "Feature",
      "properties": {
        "green_view_index": 7.6019287109375
      },
      "geometry": {
        "type": "Point",
        "coordinates": [
          120.18289,
          30.34988
        ]
      }
    },
    {
      "type": "Feature",
      "properties": {
        "green_view_index": 5.9345245361328125
      },
      "geometry": {
        "type": "Point",
        "coordinates": [
          120.183286,
          30.266266
        ]
      }
    },
    {
      "type": "Feature",
      "properties": {
        "green_view_index": 34.88311767578125
      },
      "geometry": {
        "type": "Point",
        "coordinates": [
          120.1833,
          30.238746
        ]
      }
    },
    {
      "type": "Feature",
      "properties": {
        "green_view_index": 4.6909332275390625
      },
      "geometry": {
        "type": "Point",
        "coordinates": [
          120.18344,
          30.169446
        ]
      }
    },
    {
      "type": "Feature",
      "properties": {
        "green_view_index": 7.7190399169921875
      },
      "geometry": {
        "type": "Point",
        "coordinates": [
          120.183567,
          30.248388
        ]
      }
    },
    {
      "type": "Feature",
      "properties": {
        "green_view_index": 1.705169677734375
      },
      "geometry": {
        "type": "Point",
        "coordinates": [
          120.1835,
          30.1752
        ]
      }
    },
    {
      "type": "Feature",
      "properties": {
        "green_view_index": 22.7081298828125
      },
      "geometry": {
        "type": "Point",
        "coordinates": [
          120.183647,
          30.378621
        ]
      }
    },
    {
      "type": "Feature",
      "properties": {
        "green_view_index": 15.827560424804688
      },
      "geometry": {
        "type": "Point",
        "coordinates": [
          120.183655,
          30.286076
        ]
      }
    },
    {
      "type": "Feature",
      "properties": {
        "green_view_index": 16.234588623046875
      },
      "geometry": {
        "type": "Point",
        "coordinates": [
          120.18377,
          30.337458
        ]
      }
    },
    {
      "type": "Feature",
      "properties": {
        "green_view_index": 15.88287353515625
      },
      "geometry": {
        "type": "Point",
        "coordinates": [
          120.183796,
          30.331686
        ]
      }
    },
    {
      "type": "Feature",
      "properties": {
        "green_view_index": 8.987808227539062
      },
      "geometry": {
        "type": "Point",
        "coordinates": [
          120.18381,
          30.341057
        ]
      }
    },
    {
      "type": "Feature",
      "properties": {
        "green_view_index": 3.656768798828125
      },
      "geometry": {
        "type": "Point",
        "coordinates": [
          120.183845,
          30.183818
        ]
      }
    },
    {
      "type": "Feature",
      "properties": {
        "green_view_index": 0.24566650390625
      },
      "geometry": {
        "type": "Point",
        "coordinates": [
          120.18388,
          30.304548
        ]
      }
    },
    {
      "type": "Feature",
      "properties": {
        "green_view_index": 3.1749725341796875
      },
      "geometry": {
        "type": "Point",
        "coordinates": [
          120.183911,
          30.188786
        ]
      }
    },
    {
      "type": "Feature",
      "properties": {
        "green_view_index": 14.28985595703125
      },
      "geometry": {
        "type": "Point",
        "coordinates": [
          120.184173,
          30.307116
        ]
      }
    },
    {
      "type": "Feature",
      "properties": {
        "green_view_index": 9.756088256835938
      },
      "geometry": {
        "type": "Point",
        "coordinates": [
          120.184285,
          30.347841
        ]
      }
    },
    {
      "type": "Feature",
      "properties": {
        "green_view_index": 29.20074462890625
      },
      "geometry": {
        "type": "Point",
        "coordinates": [
          120.184658,
          30.208349
        ]
      }
    },
    {
      "type": "Feature",
      "properties": {
        "green_view_index": 21.285247802734375
      },
      "geometry": {
        "type": "Point",
        "coordinates": [
          120.184932,
          30.232683
        ]
      }
    },
    {
      "type": "Feature",
      "properties": {
        "green_view_index": 1.6399383544921875
      },
      "geometry": {
        "type": "Point",
        "coordinates": [
          120.185112,
          30.325848
        ]
      }
    },
    {
      "type": "Feature",
      "properties": {
        "green_view_index": 8.234405517578125
      },
      "geometry": {
        "type": "Point",
        "coordinates": [
          120.185125,
          30.254243
        ]
      }
    },
    {
      "type": "Feature",
      "properties": {
        "green_view_index": 7.7846527099609375
      },
      "geometry": {
        "type": "Point",
        "coordinates": [
          120.185659,
          30.222305
        ]
      }
    },
    {
      "type": "Feature",
      "properties": {
        "green_view_index": 1.1508941650390625
      },
      "geometry": {
        "type": "Point",
        "coordinates": [
          120.185788,
          30.248211
        ]
      }
    },
    {
      "type": "Feature",
      "properties": {
        "green_view_index": 17.508316040039062
      },
      "geometry": {
        "type": "Point",
        "coordinates": [
          120.185888,
          30.262064
        ]
      }
    },
    {
      "type": "Feature",
      "properties": {
        "green_view_index": 3.8440704345703125
      },
      "geometry": {
        "type": "Point",
        "coordinates": [
          120.18603,
          30.302965
        ]
      }
    },
    {
      "type": "Feature",
      "properties": {
        "green_view_index": 5.6583404541015625
      },
      "geometry": {
        "type": "Point",
        "coordinates": [
          120.186045,
          30.278175
        ]
      }
    },
    {
      "type": "Feature",
      "properties": {
        "green_view_index": 9.804534912109375
      },
      "geometry": {
        "type": "Point",
        "coordinates": [
          120.186108,
          30.3815
        ]
      }
    },
    {
      "type": "Feature",
      "properties": {
        "green_view_index": 6.4601898193359375
      },
      "geometry": {
        "type": "Point",
        "coordinates": [
          120.186192,
          30.298612
        ]
      }
    },
    {
      "type": "Feature",
      "properties": {
        "green_view_index": 18.647384643554688
      },
      "geometry": {
        "type": "Point",
        "coordinates": [
          120.186318,
          30.291196
        ]
      }
    },
    {
      "type": "Feature",
      "properties": {
        "green_view_index": 15.127944946289062
      },
      "geometry": {
        "type": "Point",
        "coordinates": [
          120.186353,
          30.250476
        ]
      }
    },
    {
      "type": "Feature",
      "properties": {
        "green_view_index": 4.50897216796875
      },
      "geometry": {
        "type": "Point",
        "coordinates": [
          120.186374,
          30.275014
        ]
      }
    },
    {
      "type": "Feature",
      "properties": {
        "green_view_index": 29.356002807617188
      },
      "geometry": {
        "type": "Point",
        "coordinates": [
          120.186448,
          30.280763
        ]
      }
    },
    {
      "type": "Feature",
      "properties": {
        "green_view_index": 7.14111328125
      },
      "geometry": {
        "type": "Point",
        "coordinates": [
          120.186479,
          30.272977
        ]
      }
    },
    {
      "type": "Feature",
      "properties": {
        "green_view_index": 14.170455932617188
      },
      "geometry": {
        "type": "Point",
        "coordinates": [
          120.186619,
          30.269195
        ]
      }
    },
    {
      "type": "Feature",
      "properties": {
        "green_view_index": 5.49163818359375
      },
      "geometry": {
        "type": "Point",
        "coordinates": [
          120.186788,
          30.20393
        ]
      }
    },
    {
      "type": "Feature",
      "properties": {
        "green_view_index": 6.9629669189453125
      },
      "geometry": {
        "type": "Point",
        "coordinates": [
          120.18693,
          30.385023
        ]
      }
    },
    {
      "type": "Feature",
      "properties": {
        "green_view_index": 2.9815673828125
      },
      "geometry": {
        "type": "Point",
        "coordinates": [
          120.186966,
          30.345801
        ]
      }
    },
    {
      "type": "Feature",
      "properties": {
        "green_view_index": 7.77587890625
      },
      "geometry": {
        "type": "Point",
        "coordinates": [
          120.187041,
          30.350076
        ]
      }
    },
    {
      "type": "Feature",
      "properties": {
        "green_view_index": 2.6767730712890625
      },
      "geometry": {
        "type": "Point",
        "coordinates": [
          120.187185,
          30.341373
        ]
      }
    },
    {
      "type": "Feature",
      "properties": {
        "green_view_index": 3.9768218994140625
      },
      "geometry": {
        "type": "Point",
        "coordinates": [
          120.187681,
          30.286912
        ]
      }
    },
    {
      "type": "Feature",
      "properties": {
        "green_view_index": 4.0988922119140625
      },
      "geometry": {
        "type": "Point",
        "coordinates": [
          120.187987,
          30.209142
        ]
      }
    },
    {
      "type": "Feature",
      "properties": {
        "green_view_index": 4.7031402587890625
      },
      "geometry": {
        "type": "Point",
        "coordinates": [
          120.188095,
          30.310796
        ]
      }
    },
    {
      "type": "Feature",
      "properties": {
        "green_view_index": 7.665252685546875
      },
      "geometry": {
        "type": "Point",
        "coordinates": [
          120.188319,
          30.307352
        ]
      }
    },
    {
      "type": "Feature",
      "properties": {
        "green_view_index": 1.6239166259765625
      },
      "geometry": {
        "type": "Point",
        "coordinates": [
          120.188456,
          30.317419
        ]
      }
    },
    {
      "type": "Feature",
      "properties": {
        "green_view_index": 9.824752807617188
      },
      "geometry": {
        "type": "Point",
        "coordinates": [
          120.188712,
          30.333251
        ]
      }
    },
    {
      "type": "Feature",
      "properties": {
        "green_view_index": 18.928146362304688
      },
      "geometry": {
        "type": "Point",
        "coordinates": [
          120.188722,
          30.303311
        ]
      }
    },
    {
      "type": "Feature",
      "properties": {
        "green_view_index": 8.612060546875
      },
      "geometry": {
        "type": "Point",
        "coordinates": [
          120.188789,
          30.204673
        ]
      }
    },
    {
      "type": "Feature",
      "properties": {
        "green_view_index": 1.3702392578125
      },
      "geometry": {
        "type": "Point",
        "coordinates": [
          120.18892,
          30.326061
        ]
      }
    },
    {
      "type": "Feature",
      "properties": {
        "green_view_index": 9.130096435546875
      },
      "geometry": {
        "type": "Point",
        "coordinates": [
          120.18894,
          30.336931
        ]
      }
    },
    {
      "type": "Feature",
      "properties": {
        "green_view_index": 15.869522094726562
      },
      "geometry": {
        "type": "Point",
        "coordinates": [
          120.189021,
          30.388968
        ]
      }
    },
    {
      "type": "Feature",
      "properties": {
        "green_view_index": 4.7931671142578125
      },
      "geometry": {
        "type": "Point",
        "coordinates": [
          120.189533,
          30.321165
        ]
      }
    },
    {
      "type": "Feature",
      "properties": {
        "green_view_index": 4.7092437744140625
      },
      "geometry": {
        "type": "Point",
        "coordinates": [
          120.189852,
          30.236007
        ]
      }
    },
    {
      "type": "Feature",
      "properties": {
        "green_view_index": 28.6651611328125
      },
      "geometry": {
        "type": "Point",
        "coordinates": [
          120.190443,
          30.275694
        ]
      }
    },
    {
      "type": "Feature",
      "properties": {
        "green_view_index": 4.4384002685546875
      },
      "geometry": {
        "type": "Point",
        "coordinates": [
          120.190519,
          30.307061
        ]
      }
    },
    {
      "type": "Feature",
      "properties": {
        "green_view_index": 8.457183837890625
      },
      "geometry": {
        "type": "Point",
        "coordinates": [
          120.191099,
          30.297794
        ]
      }
    },
    {
      "type": "Feature",
      "properties": {
        "green_view_index": 8.951187133789062
      },
      "geometry": {
        "type": "Point",
        "coordinates": [
          120.191102,
          30.25445
        ]
      }
    },
    {
      "type": "Feature",
      "properties": {
        "green_view_index": 5.069732666015625
      },
      "geometry": {
        "type": "Point",
        "coordinates": [
          120.191578,
          30.342242
        ]
      }
    },
    {
      "type": "Feature",
      "properties": {
        "green_view_index": 12.784957885742188
      },
      "geometry": {
        "type": "Point",
        "coordinates": [
          120.191596,
          30.291689
        ]
      }
    },
    {
      "type": "Feature",
      "properties": {
        "green_view_index": 9.216690063476562
      },
      "geometry": {
        "type": "Point",
        "coordinates": [
          120.19203,
          30.245459
        ]
      }
    },
    {
      "type": "Feature",
      "properties": {
        "green_view_index": 8.662796020507812
      },
      "geometry": {
        "type": "Point",
        "coordinates": [
          120.192183,
          30.210983
        ]
      }
    },
    {
      "type": "Feature",
      "properties": {
        "green_view_index": 6.8347930908203125
      },
      "geometry": {
        "type": "Point",
        "coordinates": [
          120.192196,
          30.278796
        ]
      }
    },
    {
      "type": "Feature",
      "properties": {
        "green_view_index": 9.35821533203125
      },
      "geometry": {
        "type": "Point",
        "coordinates": [
          120.192325,
          30.25076
        ]
      }
    },
    {
      "type": "Feature",
      "properties": {
        "green_view_index": 13.376998901367188
      },
      "geometry": {
        "type": "Point",
        "coordinates": [
          120.192773,
          30.349019
        ]
      }
    },
    {
      "type": "Feature",
      "properties": {
        "green_view_index": 4.2774200439453125
      },
      "geometry": {
        "type": "Point",
        "coordinates": [
          120.192845,
          30.333902
        ]
      }
    },
    {
      "type": "Feature",
      "properties": {
        "green_view_index": 9.592056274414062
      },
      "geometry": {
        "type": "Point",
        "coordinates": [
          120.192918,
          30.318649
        ]
      }
    },
    {
      "type": "Feature",
      "properties": {
        "green_view_index": 4.0943145751953125
      },
      "geometry": {
        "type": "Point",
        "coordinates": [
          120.193017,
          30.344825
        ]
      }
    },
    {
      "type": "Feature",
      "properties": {
        "green_view_index": 6.1450958251953125
      },
      "geometry": {
        "type": "Point",
        "coordinates": [
          120.193161,
          30.293908
        ]
      }
    },
    {
      "type": "Feature",
      "properties": {
        "green_view_index": 5.231475830078125
      },
      "geometry": {
        "type": "Point",
        "coordinates": [
          120.193207,
          30.238673
        ]
      }
    },
    {
      "type": "Feature",
      "properties": {
        "green_view_index": 4.815673828125
      },
      "geometry": {
        "type": "Point",
        "coordinates": [
          120.193314,
          30.330081
        ]
      }
    },
    {
      "type": "Feature",
      "properties": {
        "green_view_index": 3.105926513671875
      },
      "geometry": {
        "type": "Point",
        "coordinates": [
          120.193445,
          30.326317
        ]
      }
    },
    {
      "type": "Feature",
      "properties": {
        "green_view_index": 14.476776123046875
      },
      "geometry": {
        "type": "Point",
        "coordinates": [
          120.193495,
          30.226628
        ]
      }
    },
    {
      "type": "Feature",
      "properties": {
        "green_view_index": 6.4373016357421875
      },
      "geometry": {
        "type": "Point",
        "coordinates": [
          120.193633,
          30.30728
        ]
      }
    },
    {
      "type": "Feature",
      "properties": {
        "green_view_index": 18.373489379882812
      },
      "geometry": {
        "type": "Point",
        "coordinates": [
          120.193782,
          30.33696
        ]
      }
    },
    {
      "type": "Feature",
      "properties": {
        "green_view_index": 10.793685913085938
      },
      "geometry": {
        "type": "Point",
        "coordinates": [
          120.193782,
          30.34247
        ]
      }
    },
    {
      "type": "Feature",
      "properties": {
        "green_view_index": 4.7786712646484375
      },
      "geometry": {
        "type": "Point",
        "coordinates": [
          120.193982,
          30.288925
        ]
      }
    },
    {
      "type": "Feature",
      "properties": {
        "green_view_index": 16.53289794921875
      },
      "geometry": {
        "type": "Point",
        "coordinates": [
          120.193983,
          30.351823
        ]
      }
    },
    {
      "type": "Feature",
      "properties": {
        "green_view_index": 12.772369384765625
      },
      "geometry": {
        "type": "Point",
        "coordinates": [
          120.194095,
          30.207629
        ]
      }
    },
    {
      "type": "Feature",
      "properties": {
        "green_view_index": 7.2711944580078125
      },
      "geometry": {
        "type": "Point",
        "coordinates": [
          120.194192,
          30.299975
        ]
      }
    },
    {
      "type": "Feature",
      "properties": {
        "green_view_index": 3.021240234375
      },
      "geometry": {
        "type": "Point",
        "coordinates": [
          120.194438,
          30.285165
        ]
      }
    },
    {
      "type": "Feature",
      "properties": {
        "green_view_index": 9.09423828125
      },
      "geometry": {
        "type": "Point",
        "coordinates": [
          120.194997,
          30.282659
        ]
      }
    },
    {
      "type": "Feature",
      "properties": {
        "green_view_index": 7.6702117919921875
      },
      "geometry": {
        "type": "Point",
        "coordinates": [
          120.195354,
          30.279068
        ]
      }
    },
    {
      "type": "Feature",
      "properties": {
        "green_view_index": 10.793304443359375
      },
      "geometry": {
        "type": "Point",
        "coordinates": [
          120.195367,
          30.304319
        ]
      }
    },
    {
      "type": "Feature",
      "properties": {
        "green_view_index": 1.3946533203125
      },
      "geometry": {
        "type": "Point",
        "coordinates": [
          120.1954,
          30.272762
        ]
      }
    },
    {
      "type": "Feature",
      "properties": {
        "green_view_index": 2.3250579833984375
      },
      "geometry": {
        "type": "Point",
        "coordinates": [
          120.19569,
          30.266015
        ]
      }
    },
    {
      "type": "Feature",
      "properties": {
        "green_view_index": 1.3225555419921875
      },
      "geometry": {
        "type": "Point",
        "coordinates": [
          120.195738,
          30.212593
        ]
      }
    },
    {
      "type": "Feature",
      "properties": {
        "green_view_index": 2.4135589599609375
      },
      "geometry": {
        "type": "Point",
        "coordinates": [
          120.195856,
          30.259921
        ]
      }
    },
    {
      "type": "Feature",
      "properties": {
        "green_view_index": 1.840972900390625
      },
      "geometry": {
        "type": "Point",
        "coordinates": [
          120.19606,
          30.321019
        ]
      }
    },
    {
      "type": "Feature",
      "properties": {
        "green_view_index": 1.222991943359375
      },
      "geometry": {
        "type": "Point",
        "coordinates": [
          120.196086,
          30.307534
        ]
      }
    },
    {
      "type": "Feature",
      "properties": {
        "green_view_index": 3.3275604248046875
      },
      "geometry": {
        "type": "Point",
        "coordinates": [
          120.19621,
          30.241638
        ]
      }
    },
    {
      "type": "Feature",
      "properties": {
        "green_view_index": 36.13624572753906
      },
      "geometry": {
        "type": "Point",
        "coordinates": [
          120.196226,
          30.238358
        ]
      }
    },
    {
      "type": "Feature",
      "properties": {
        "green_view_index": 4.2327880859375
      },
      "geometry": {
        "type": "Point",
        "coordinates": [
          120.196507,
          30.20307
        ]
      }
    },
    {
      "type": "Feature",
      "properties": {
        "green_view_index": 1.850128173828125
      },
      "geometry": {
        "type": "Point",
        "coordinates": [
          120.196565,
          30.289421
        ]
      }
    },
    {
      "type": "Feature",
      "properties": {
        "green_view_index": 11.914825439453125
      },
      "geometry": {
        "type": "Point",
        "coordinates": [
          120.196631,
          30.299162
        ]
      }
    },
    {
      "type": "Feature",
      "properties": {
        "green_view_index": 1.15203857421875
      },
      "geometry": {
        "type": "Point",
        "coordinates": [
          120.196885,
          30.326331
        ]
      }
    },
    {
      "type": "Feature",
      "properties": {
        "green_view_index": 5.0670623779296875
      },
      "geometry": {
        "type": "Point",
        "coordinates": [
          120.197091,
          30.269778
        ]
      }
    },
    {
      "type": "Feature",
      "properties": {
        "green_view_index": 1.8096923828125
      },
      "geometry": {
        "type": "Point",
        "coordinates": [
          120.197355,
          30.330195
        ]
      }
    },
    {
      "type": "Feature",
      "properties": {
        "green_view_index": 4.47540283203125
      },
      "geometry": {
        "type": "Point",
        "coordinates": [
          120.197364,
          30.295782
        ]
      }
    },
    {
      "type": "Feature",
      "properties": {
        "green_view_index": 5.94482421875
      },
      "geometry": {
        "type": "Point",
        "coordinates": [
          120.197496,
          30.22979
        ]
      }
    },
    {
      "type": "Feature",
      "properties": {
        "green_view_index": 7.205963134765625
      },
      "geometry": {
        "type": "Point",
        "coordinates": [
          120.197773,
          30.209222
        ]
      }
    },
    {
      "type": "Feature",
      "properties": {
        "green_view_index": 6.0527801513671875
      },
      "geometry": {
        "type": "Point",
        "coordinates": [
          120.197779,
          30.353295
        ]
      }
    },
    {
      "type": "Feature",
      "properties": {
        "green_view_index": 5.0457000732421875
      },
      "geometry": {
        "type": "Point",
        "coordinates": [
          120.197875,
          30.335013
        ]
      }
    },
    {
      "type": "Feature",
      "properties": {
        "green_view_index": 7.8174591064453125
      },
      "geometry": {
        "type": "Point",
        "coordinates": [
          120.197876,
          30.254206
        ]
      }
    },
    {
      "type": "Feature",
      "properties": {
        "green_view_index": 2.8621673583984375
      },
      "geometry": {
        "type": "Point",
        "coordinates": [
          120.197933,
          30.337145
        ]
      }
    },
    {
      "type": "Feature",
      "properties": {
        "green_view_index": 5.40924072265625
      },
      "geometry": {
        "type": "Point",
        "coordinates": [
          120.197939,
          30.342456
        ]
      }
    },
    {
      "type": "Feature",
      "properties": {
        "green_view_index": 5.5667877197265625
      },
      "geometry": {
        "type": "Point",
        "coordinates": [
          120.197975,
          30.349725
        ]
      }
    },
    {
      "type": "Feature",
      "properties": {
        "green_view_index": 7.6812744140625
      },
      "geometry": {
        "type": "Point",
        "coordinates": [
          120.198015,
          30.344989
        ]
      }
    },
    {
      "type": "Feature",
      "properties": {
        "green_view_index": 34.85450744628906
      },
      "geometry": {
        "type": "Point",
        "coordinates": [
          120.198746,
          30.236476
        ]
      }
    },
    {
      "type": "Feature",
      "properties": {
        "green_view_index": 4.103851318359375
      },
      "geometry": {
        "type": "Point",
        "coordinates": [
          120.199458,
          30.214462
        ]
      }
    },
    {
      "type": "Feature",
      "properties": {
        "green_view_index": 7.3436737060546875
      },
      "geometry": {
        "type": "Point",
        "coordinates": [
          120.199801,
          30.239408
        ]
      }
    },
    {
      "type": "Feature",
      "properties": {
        "green_view_index": 18.367767333984375
      },
      "geometry": {
        "type": "Point",
        "coordinates": [
          120.19,
          30.278396
        ]
      }
    },
    {
      "type": "Feature",
      "properties": {
        "green_view_index": 0.6351470947265625
      },
      "geometry": {
        "type": "Point",
        "coordinates": [
          120.200163,
          30.20525
        ]
      }
    },
    {
      "type": "Feature",
      "properties": {
        "green_view_index": 18.866729736328125
      },
      "geometry": {
        "type": "Point",
        "coordinates": [
          120.200777,
          30.232563
        ]
      }
    },
    {
      "type": "Feature",
      "properties": {
        "green_view_index": 15.134811401367188
      },
      "geometry": {
        "type": "Point",
        "coordinates": [
          120.20105,
          30.307988
        ]
      }
    },
    {
      "type": "Feature",
      "properties": {
        "green_view_index": 2.7324676513671875
      },
      "geometry": {
        "type": "Point",
        "coordinates": [
          120.20138,
          30.202292
        ]
      }
    },
    {
      "type": "Feature",
      "properties": {
        "green_view_index": 3.247833251953125
      },
      "geometry": {
        "type": "Point",
        "coordinates": [
          120.201441,
          30.290983
        ]
      }
    },
    {
      "type": "Feature",
      "properties": {
        "green_view_index": 5.2677154541015625
      },
      "geometry": {
        "type": "Point",
        "coordinates": [
          120.201568,
          30.211335
        ]
      }
    },
    {
      "type": "Feature",
      "properties": {
        "green_view_index": 6.8042755126953125
      },
      "geometry": {
        "type": "Point",
        "coordinates": [
          120.201822,
          30.303965
        ]
      }
    },
    {
      "type": "Feature",
      "properties": {
        "green_view_index": 10.55908203125
      },
      "geometry": {
        "type": "Point",
        "coordinates": [
          120.202145,
          30.248182
        ]
      }
    },
    {
      "type": "Feature",
      "properties": {
        "green_view_index": 2.7477264404296875
      },
      "geometry": {
        "type": "Point",
        "coordinates": [
          120.202198,
          30.326593
        ]
      }
    },
    {
      "type": "Feature",
      "properties": {
        "green_view_index": 2.2891998291015625
      },
      "geometry": {
        "type": "Point",
        "coordinates": [
          120.202265,
          30.253594
        ]
      }
    },
    {
      "type": "Feature",
      "properties": {
        "green_view_index": 3.237152099609375
      },
      "geometry": {
        "type": "Point",
        "coordinates": [
          120.202362,
          30.297684
        ]
      }
    },
    {
      "type": "Feature",
      "properties": {
        "green_view_index": 10.394668579101562
      },
      "geometry": {
        "type": "Point",
        "coordinates": [
          120.202635,
          30.279708
        ]
      }
    },
    {
      "type": "Feature",
      "properties": {
        "green_view_index": 21.10137939453125
      },
      "geometry": {
        "type": "Point",
        "coordinates": [
          120.202769,
          30.350872
        ]
      }
    },
    {
      "type": "Feature",
      "properties": {
        "green_view_index": 10.657119750976562
      },
      "geometry": {
        "type": "Point",
        "coordinates": [
          120.203375,
          30.335979
        ]
      }
    },
    {
      "type": "Feature",
      "properties": {
        "green_view_index": 8.123779296875
      },
      "geometry": {
        "type": "Point",
        "coordinates": [
          120.203487,
          30.342523
        ]
      }
    },
    {
      "type": "Feature",
      "properties": {
        "green_view_index": 3.070831298828125
      },
      "geometry": {
        "type": "Point",
        "coordinates": [
          120.20354,
          30.259904
        ]
      }
    },
    {
      "type": "Feature",
      "properties": {
        "green_view_index": 5.345916748046875
      },
      "geometry": {
        "type": "Point",
        "coordinates": [
          120.203865,
          30.292624
        ]
      }
    },
    {
      "type": "Feature",
      "properties": {
        "green_view_index": 7.87506103515625
      },
      "geometry": {
        "type": "Point",
        "coordinates": [
          120.204096,
          30.207259
        ]
      }
    },
    {
      "type": "Feature",
      "properties": {
        "green_view_index": 1.4896392822265625
      },
      "geometry": {
        "type": "Point",
        "coordinates": [
          120.204341,
          30.322119
        ]
      }
    },
    {
      "type": "Feature",
      "properties": {
        "green_view_index": 5.4317474365234375
      },
      "geometry": {
        "type": "Point",
        "coordinates": [
          120.204478,
          30.357069
        ]
      }
    },
    {
      "type": "Feature",
      "properties": {
        "green_view_index": 4.895782470703125
      },
      "geometry": {
        "type": "Point",
        "coordinates": [
          120.204713,
          30.300687
        ]
      }
    },
    {
      "type": "Feature",
      "properties": {
        "green_view_index": 0.5802154541015625
      },
      "geometry": {
        "type": "Point",
        "coordinates": [
          120.204806,
          30.294768
        ]
      }
    },
    {
      "type": "Feature",
      "properties": {
        "green_view_index": 5.0685882568359375
      },
      "geometry": {
        "type": "Point",
        "coordinates": [
          120.204845,
          30.235788
        ]
      }
    },
    {
      "type": "Feature",
      "properties": {
        "green_view_index": 5.1120758056640625
      },
      "geometry": {
        "type": "Point",
        "coordinates": [
          120.204862,
          30.252048
        ]
      }
    },
    {
      "type": "Feature",
      "properties": {
        "green_view_index": 3.1646728515625
      },
      "geometry": {
        "type": "Point",
        "coordinates": [
          120.205355,
          30.28605
        ]
      }
    },
    {
      "type": "Feature",
      "properties": {
        "green_view_index": 3.633880615234375
      },
      "geometry": {
        "type": "Point",
        "coordinates": [
          120.205415,
          30.313736
        ]
      }
    },
    {
      "type": "Feature",
      "properties": {
        "green_view_index": 8.53118896484375
      },
      "geometry": {
        "type": "Point",
        "coordinates": [
          120.205572,
          30.204276
        ]
      }
    },
    {
      "type": "Feature",
      "properties": {
        "green_view_index": 8.805465698242188
      },
      "geometry": {
        "type": "Point",
        "coordinates": [
          120.205679,
          30.245998
        ]
      }
    },
    {
      "type": "Feature",
      "properties": {
        "green_view_index": 1.381683349609375
      },
      "geometry": {
        "type": "Point",
        "coordinates": [
          120.205806,
          30.303984
        ]
      }
    },
    {
      "type": "Feature",
      "properties": {
        "green_view_index": 10.503768920898438
      },
      "geometry": {
        "type": "Point",
        "coordinates": [
          120.205859,
          30.280918
        ]
      }
    },
    {
      "type": "Feature",
      "properties": {
        "green_view_index": 40.474700927734375
      },
      "geometry": {
        "type": "Point",
        "coordinates": [
          120.205892,
          30.248121
        ]
      }
    },
    {
      "type": "Feature",
      "properties": {
        "green_view_index": 7.4474334716796875
      },
      "geometry": {
        "type": "Point",
        "coordinates": [
          120.205984,
          30.198869
        ]
      }
    },
    {
      "type": "Feature",
      "properties": {
        "green_view_index": 3.04412841796875
      },
      "geometry": {
        "type": "Point",
        "coordinates": [
          120.20635,
          30.326751
        ]
      }
    },
    {
      "type": "Feature",
      "properties": {
        "green_view_index": 2.79998779296875
      },
      "geometry": {
        "type": "Point",
        "coordinates": [
          120.206401,
          30.278106
        ]
      }
    },
    {
      "type": "Feature",
      "properties": {
        "green_view_index": 4.013824462890625
      },
      "geometry": {
        "type": "Point",
        "coordinates": [
          120.206434,
          30.308042
        ]
      }
    },
    {
      "type": "Feature",
      "properties": {
        "green_view_index": 5.2875518798828125
      },
      "geometry": {
        "type": "Point",
        "coordinates": [
          120.206594,
          30.32307
        ]
      }
    },
    {
      "type": "Feature",
      "properties": {
        "green_view_index": 5.9192657470703125
      },
      "geometry": {
        "type": "Point",
        "coordinates": [
          120.206777,
          30.351812
        ]
      }
    },
    {
      "type": "Feature",
      "properties": {
        "green_view_index": 14.310836791992188
      },
      "geometry": {
        "type": "Point",
        "coordinates": [
          120.207032,
          30.259412
        ]
      }
    },
    {
      "type": "Feature",
      "properties": {
        "green_view_index": 5.3577423095703125
      },
      "geometry": {
        "type": "Point",
        "coordinates": [
          120.20708,
          30.288838
        ]
      }
    },
    {
      "type": "Feature",
      "properties": {
        "green_view_index": 14.0625
      },
      "geometry": {
        "type": "Point",
        "coordinates": [
          120.207135,
          30.332324
        ]
      }
    },
    {
      "type": "Feature",
      "properties": {
        "green_view_index": 8.769607543945312
      },
      "geometry": {
        "type": "Point",
        "coordinates": [
          120.207138,
          30.335928
        ]
      }
    },
    {
      "type": "Feature",
      "properties": {
        "green_view_index": 3.421783447265625
      },
      "geometry": {
        "type": "Point",
        "coordinates": [
          120.207198,
          30.34244
        ]
      }
    },
    {
      "type": "Feature",
      "properties": {
        "green_view_index": 16.147994995117188
      },
      "geometry": {
        "type": "Point",
        "coordinates": [
          120.207209,
          30.349508
        ]
      }
    },
    {
      "type": "Feature",
      "properties": {
        "green_view_index": 38.05046081542969
      },
      "geometry": {
        "type": "Point",
        "coordinates": [
          120.207349,
          30.292161
        ]
      }
    },
    {
      "type": "Feature",
      "properties": {
        "green_view_index": 2.2502899169921875
      },
      "geometry": {
        "type": "Point",
        "coordinates": [
          120.207377,
          30.345103
        ]
      }
    },
    {
      "type": "Feature",
      "properties": {
        "green_view_index": 0.5382537841796875
      },
      "geometry": {
        "type": "Point",
        "coordinates": [
          120.208021,
          30.233328
        ]
      }
    },
    {
      "type": "Feature",
      "properties": {
        "green_view_index": 23.288726806640625
      },
      "geometry": {
        "type": "Point",
        "coordinates": [
          120.208178,
          30.239667
        ]
      }
    },
    {
      "type": "Feature",
      "properties": {
        "green_view_index": 10.254287719726562
      },
      "geometry": {
        "type": "Point",
        "coordinates": [
          120.208228,
          30.359269
        ]
      }
    },
    {
      "type": "Feature",
      "properties": {
        "green_view_index": 5.4065704345703125
      },
      "geometry": {
        "type": "Point",
        "coordinates": [
          120.208435,
          30.319868
        ]
      }
    },
    {
      "type": "Feature",
      "properties": {
        "green_view_index": 5.5194854736328125
      },
      "geometry": {
        "type": "Point",
        "coordinates": [
          120.208585,
          30.24955
        ]
      }
    },
    {
      "type": "Feature",
      "properties": {
        "green_view_index": 8.8775634765625
      },
      "geometry": {
        "type": "Point",
        "coordinates": [
          120.209309,
          30.277385
        ]
      }
    },
    {
      "type": "Feature",
      "properties": {
        "green_view_index": 1.9168853759765625
      },
      "geometry": {
        "type": "Point",
        "coordinates": [
          120.209348,
          30.254028
        ]
      }
    },
    {
      "type": "Feature",
      "properties": {
        "green_view_index": 2.716064453125
      },
      "geometry": {
        "type": "Point",
        "coordinates": [
          120.209571,
          30.308022
        ]
      }
    },
    {
      "type": "Feature",
      "properties": {
        "green_view_index": 1.2935638427734375
      },
      "geometry": {
        "type": "Point",
        "coordinates": [
          120.209651,
          30.257815
        ]
      }
    },
    {
      "type": "Feature",
      "properties": {
        "green_view_index": 6.008148193359375
      },
      "geometry": {
        "type": "Point",
        "coordinates": [
          120.209769,
          30.311416
        ]
      }
    },
    {
      "type": "Feature",
      "properties": {
        "green_view_index": 1.29852294921875
      },
      "geometry": {
        "type": "Point",
        "coordinates": [
          120.209982,
          30.285982
        ]
      }
    },
    {
      "type": "Feature",
      "properties": {
        "green_view_index": 4.508209228515625
      },
      "geometry": {
        "type": "Point",
        "coordinates": [
          120.210076,
          30.297917
        ]
      }
    },
    {
      "type": "Feature",
      "properties": {
        "green_view_index": 8.799362182617188
      },
      "geometry": {
        "type": "Point",
        "coordinates": [
          120.210235,
          30.355972
        ]
      }
    },
    {
      "type": "Feature",
      "properties": {
        "green_view_index": 5.59539794921875
      },
      "geometry": {
        "type": "Point",
        "coordinates": [
          120.210274,
          30.263482
        ]
      }
    },
    {
      "type": "Feature",
      "properties": {
        "green_view_index": 7.7442169189453125
      },
      "geometry": {
        "type": "Point",
        "coordinates": [
          120.210394,
          30.350009
        ]
      }
    },
    {
      "type": "Feature",
      "properties": {
        "green_view_index": 3.5526275634765625
      },
      "geometry": {
        "type": "Point",
        "coordinates": [
          120.210426,
          30.304295
        ]
      }
    },
    {
      "type": "Feature",
      "properties": {
        "green_view_index": 16.115951538085938
      },
      "geometry": {
        "type": "Point",
        "coordinates": [
          120.210449,
          30.317583
        ]
      }
    },
    {
      "type": "Feature",
      "properties": {
        "green_view_index": 14.303207397460938
      },
      "geometry": {
        "type": "Point",
        "coordinates": [
          120.210592,
          30.282958
        ]
      }
    },
    {
      "type": "Feature",
      "properties": {
        "green_view_index": 6.667327880859375
      },
      "geometry": {
        "type": "Point",
        "coordinates": [
          120.210621,
          30.242583
        ]
      }
    },
    {
      "type": "Feature",
      "properties": {
        "green_view_index": 0.8670806884765625
      },
      "geometry": {
        "type": "Point",
        "coordinates": [
          120.211231,
          30.231042
        ]
      }
    },
    {
      "type": "Feature",
      "properties": {
        "green_view_index": 20.273971557617188
      },
      "geometry": {
        "type": "Point",
        "coordinates": [
          120.211265,
          30.337546
        ]
      }
    },
    {
      "type": "Feature",
      "properties": {
        "green_view_index": 11.234664916992188
      },
      "geometry": {
        "type": "Point",
        "coordinates": [
          120.211407,
          30.218146
        ]
      }
    },
    {
      "type": "Feature",
      "properties": {
        "green_view_index": 7.717132568359375
      },
      "geometry": {
        "type": "Point",
        "coordinates": [
          120.211543,
          30.223655
        ]
      }
    },
    {
      "type": "Feature",
      "properties": {
        "green_view_index": 5.6751251220703125
      },
      "geometry": {
        "type": "Point",
        "coordinates": [
          120.211946,
          30.211328
        ]
      }
    },
    {
      "type": "Feature",
      "properties": {
        "green_view_index": 9.820938110351562
      },
      "geometry": {
        "type": "Point",
        "coordinates": [
          120.21223,
          30.260559
        ]
      }
    },
    {
      "type": "Feature",
      "properties": {
        "green_view_index": 8.358001708984375
      },
      "geometry": {
        "type": "Point",
        "coordinates": [
          120.212513,
          30.350368
        ]
      }
    },
    {
      "type": "Feature",
      "properties": {
        "green_view_index": 1.3217926025390625
      },
      "geometry": {
        "type": "Point",
        "coordinates": [
          120.21257,
          30.295092
        ]
      }
    },
    {
      "type": "Feature",
      "properties": {
        "green_view_index": 5.475616455078125
      },
      "geometry": {
        "type": "Point",
        "coordinates": [
          120.21284,
          30.314635
        ]
      }
    },
    {
      "type": "Feature",
      "properties": {
        "green_view_index": 2.8430938720703125
      },
      "geometry": {
        "type": "Point",
        "coordinates": [
          120.213089,
          30.352793
        ]
      }
    },
    {
      "type": "Feature",
      "properties": {
        "green_view_index": 2.5264739990234375
      },
      "geometry": {
        "type": "Point",
        "coordinates": [
          120.213225,
          30.362091
        ]
      }
    },
    {
      "type": "Feature",
      "properties": {
        "green_view_index": 8.182907104492188
      },
      "geometry": {
        "type": "Point",
        "coordinates": [
          120.213244,
          30.246531
        ]
      }
    },
    {
      "type": "Feature",
      "properties": {
        "green_view_index": 7.128143310546875
      },
      "geometry": {
        "type": "Point",
        "coordinates": [
          120.213686,
          30.196961
        ]
      }
    },
    {
      "type": "Feature",
      "properties": {
        "green_view_index": 11.957931518554688
      },
      "geometry": {
        "type": "Point",
        "coordinates": [
          120.213866,
          30.279844
        ]
      }
    },
    {
      "type": "Feature",
      "properties": {
        "green_view_index": 42.10472106933594
      },
      "geometry": {
        "type": "Point",
        "coordinates": [
          120.214037,
          30.255855
        ]
      }
    },
    {
      "type": "Feature",
      "properties": {
        "green_view_index": 4.3781280517578125
      },
      "geometry": {
        "type": "Point",
        "coordinates": [
          120.214059,
          30.28458
        ]
      }
    },
    {
      "type": "Feature",
      "properties": {
        "green_view_index": 7.1971893310546875
      },
      "geometry": {
        "type": "Point",
        "coordinates": [
          120.214308,
          30.292227
        ]
      }
    },
    {
      "type": "Feature",
      "properties": {
        "green_view_index": 6.1328887939453125
      },
      "geometry": {
        "type": "Point",
        "coordinates": [
          120.214346,
          30.331769
        ]
      }
    },
    {
      "type": "Feature",
      "properties": {
        "green_view_index": 32.8857421875
      },
      "geometry": {
        "type": "Point",
        "coordinates": [
          120.214584,
          30.318164
        ]
      }
    },
    {
      "type": "Feature",
      "properties": {
        "green_view_index": 7.2788238525390625
      },
      "geometry": {
        "type": "Point",
        "coordinates": [
          120.214746,
          30.340451
        ]
      }
    },
    {
      "type": "Feature",
      "properties": {
        "green_view_index": 12.546920776367188
      },
      "geometry": {
        "type": "Point",
        "coordinates": [
          120.214823,
          30.329222
        ]
      }
    },
    {
      "type": "Feature",
      "properties": {
        "green_view_index": 2.8766632080078125
      },
      "geometry": {
        "type": "Point",
        "coordinates": [
          120.214838,
          30.359155
        ]
      }
    },
    {
      "type": "Feature",
      "properties": {
        "green_view_index": 0.901031494140625
      },
      "geometry": {
        "type": "Point",
        "coordinates": [
          120.215014,
          30.311707
        ]
      }
    },
    {
      "type": "Feature",
      "properties": {
        "green_view_index": 5.6972503662109375
      },
      "geometry": {
        "type": "Point",
        "coordinates": [
          120.21514,
          30.221023
        ]
      }
    },
    {
      "type": "Feature",
      "properties": {
        "green_view_index": 14.531707763671875
      },
      "geometry": {
        "type": "Point",
        "coordinates": [
          120.21547,
          30.26908
        ]
      }
    },
    {
      "type": "Feature",
      "properties": {
        "green_view_index": 9.740829467773438
      },
      "geometry": {
        "type": "Point",
        "coordinates": [
          120.215603,
          30.213351
        ]
      }
    },
    {
      "type": "Feature",
      "properties": {
        "green_view_index": 17.321014404296875
      },
      "geometry": {
        "type": "Point",
        "coordinates": [
          120.215734,
          30.36869
        ]
      }
    },
    {
      "type": "Feature",
      "properties": {
        "green_view_index": 3.577423095703125
      },
      "geometry": {
        "type": "Point",
        "coordinates": [
          120.215776,
          30.227913
        ]
      }
    },
    {
      "type": "Feature",
      "properties": {
        "green_view_index": 9.289932250976562
      },
      "geometry": {
        "type": "Point",
        "coordinates": [
          120.215952,
          30.258025
        ]
      }
    },
    {
      "type": "Feature",
      "properties": {
        "green_view_index": 4.4830322265625
      },
      "geometry": {
        "type": "Point",
        "coordinates": [
          120.216051,
          30.250312
        ]
      }
    },
    {
      "type": "Feature",
      "properties": {
        "green_view_index": 15.143203735351562
      },
      "geometry": {
        "type": "Point",
        "coordinates": [
          120.216268,
          30.334732
        ]
      }
    },
    {
      "type": "Feature",
      "properties": {
        "green_view_index": 3.9302825927734375
      },
      "geometry": {
        "type": "Point",
        "coordinates": [
          120.21627,
          30.346936
        ]
      }
    },
    {
      "type": "Feature",
      "properties": {
        "green_view_index": 6.5277099609375
      },
      "geometry": {
        "type": "Point",
        "coordinates": [
          120.216309,
          30.281598
        ]
      }
    },
    {
      "type": "Feature",
      "properties": {
        "green_view_index": 3.3306121826171875
      },
      "geometry": {
        "type": "Point",
        "coordinates": [
          120.216361,
          30.325877
        ]
      }
    },
    {
      "type": "Feature",
      "properties": {
        "green_view_index": 8.08868408203125
      },
      "geometry": {
        "type": "Point",
        "coordinates": [
          120.216556,
          30.285607
        ]
      }
    },
    {
      "type": "Feature",
      "properties": {
        "green_view_index": 5.7163238525390625
      },
      "geometry": {
        "type": "Point",
        "coordinates": [
          120.216562,
          30.322277
        ]
      }
    },
    {
      "type": "Feature",
      "properties": {
        "green_view_index": 9.201431274414062
      },
      "geometry": {
        "type": "Point",
        "coordinates": [
          120.216656,
          30.343419
        ]
      }
    },
    {
      "type": "Feature",
      "properties": {
        "green_view_index": 6.94580078125
      },
      "geometry": {
        "type": "Point",
        "coordinates": [
          120.216767,
          30.27651
        ]
      }
    },
    {
      "type": "Feature",
      "properties": {
        "green_view_index": 1.613616943359375
      },
      "geometry": {
        "type": "Point",
        "coordinates": [
          120.21683,
          30.263694
        ]
      }
    },
    {
      "type": "Feature",
      "properties": {
        "green_view_index": 10.805511474609375
      },
      "geometry": {
        "type": "Point",
        "coordinates": [
          120.216886,
          30.336987
        ]
      }
    },
    {
      "type": "Feature",
      "properties": {
        "green_view_index": 7.4176788330078125
      },
      "geometry": {
        "type": "Point",
        "coordinates": [
          120.217043,
          30.218812
        ]
      }
    },
    {
      "type": "Feature",
      "properties": {
        "green_view_index": 3.6792755126953125
      },
      "geometry": {
        "type": "Point",
        "coordinates": [
          120.217044,
          30.308247
        ]
      }
    },
    {
      "type": "Feature",
      "properties": {
        "green_view_index": 11.618804931640625
      },
      "geometry": {
        "type": "Point",
        "coordinates": [
          120.217431,
          30.360381
        ]
      }
    },
    {
      "type": "Feature",
      "properties": {
        "green_view_index": 3.17840576171875
      },
      "geometry": {
        "type": "Point",
        "coordinates": [
          120.217783,
          30.354131
        ]
      }
    },
    {
      "type": "Feature",
      "properties": {
        "green_view_index": 10.62469482421875
      },
      "geometry": {
        "type": "Point",
        "coordinates": [
          120.217937,
          30.364355
        ]
      }
    },
    {
      "type": "Feature",
      "properties": {
        "green_view_index": 45.25337219238281
      },
      "geometry": {
        "type": "Point",
        "coordinates": [
          120.218295,
          30.253345
        ]
      }
    },
    {
      "type": "Feature",
      "properties": {
        "green_view_index": 0.8365631103515625
      },
      "geometry": {
        "type": "Point",
        "coordinates": [
          120.218466,
          30.298236
        ]
      }
    },
    {
      "type": "Feature",
      "properties": {
        "green_view_index": 11.9903564453125
      },
      "geometry": {
        "type": "Point",
        "coordinates": [
          120.218716,
          30.304151
        ]
      }
    },
    {
      "type": "Feature",
      "properties": {
        "green_view_index": 4.62188720703125
      },
      "geometry": {
        "type": "Point",
        "coordinates": [
          120.219135,
          30.261609
        ]
      }
    },
    {
      "type": "Feature",
      "properties": {
        "green_view_index": 9.087753295898438
      },
      "geometry": {
        "type": "Point",
        "coordinates": [
          120.219271,
          30.197419
        ]
      }
    },
    {
      "type": "Feature",
      "properties": {
        "green_view_index": 3.39813232421875
      },
      "geometry": {
        "type": "Point",
        "coordinates": [
          120.219441,
          30.215738
        ]
      }
    },
    {
      "type": "Feature",
      "properties": {
        "green_view_index": 6.983184814453125
      },
      "geometry": {
        "type": "Point",
        "coordinates": [
          120.219465,
          30.23168
        ]
      }
    },
    {
      "type": "Feature",
      "properties": {
        "green_view_index": 2.030181884765625
      },
      "geometry": {
        "type": "Point",
        "coordinates": [
          120.21949,
          30.313027
        ]
      }
    },
    {
      "type": "Feature",
      "properties": {
        "green_view_index": 5.8185577392578125
      },
      "geometry": {
        "type": "Point",
        "coordinates": [
          120.219843,
          30.272051
        ]
      }
    },
    {
      "type": "Feature",
      "properties": {
        "green_view_index": 6.7653656005859375
      },
      "geometry": {
        "type": "Point",
        "coordinates": [
          120.219909,
          30.344057
        ]
      }
    },
    {
      "type": "Feature",
      "properties": {
        "green_view_index": 16.867446899414062
      },
      "geometry": {
        "type": "Point",
        "coordinates": [
          120.220024,
          30.370465
        ]
      }
    },
    {
      "type": "Feature",
      "properties": {
        "green_view_index": 5.6835174560546875
      },
      "geometry": {
        "type": "Point",
        "coordinates": [
          120.22003,
          30.340595
        ]
      }
    },
    {
      "type": "Feature",
      "properties": {
        "green_view_index": 5.77239990234375
      },
      "geometry": {
        "type": "Point",
        "coordinates": [
          120.220089,
          30.224576
        ]
      }
    },
    {
      "type": "Feature",
      "properties": {
        "green_view_index": 2.048492431640625
      },
      "geometry": {
        "type": "Point",
        "coordinates": [
          120.220109,
          30.293914
        ]
      }
    },
    {
      "type": "Feature",
      "properties": {
        "green_view_index": 13.224029541015625
      },
      "geometry": {
        "type": "Point",
        "coordinates": [
          120.220259,
          30.256234
        ]
      }
    },
    {
      "type": "Feature",
      "properties": {
        "green_view_index": 2.18963623046875
      },
      "geometry": {
        "type": "Point",
        "coordinates": [
          120.220508,
          30.27919
        ]
      }
    },
    {
      "type": "Feature",
      "properties": {
        "green_view_index": 16.889572143554688
      },
      "geometry": {
        "type": "Point",
        "coordinates": [
          120.220738,
          30.287252
        ]
      }
    },
    {
      "type": "Feature",
      "properties": {
        "green_view_index": 4.05120849609375
      },
      "geometry": {
        "type": "Point",
        "coordinates": [
          120.22116,
          30.267245
        ]
      }
    },
    {
      "type": "Feature",
      "properties": {
        "green_view_index": 8.190536499023438
      },
      "geometry": {
        "type": "Point",
        "coordinates": [
          120.221497,
          30.308091
        ]
      }
    },
    {
      "type": "Feature",
      "properties": {
        "green_view_index": 9.822463989257812
      },
      "geometry": {
        "type": "Point",
        "coordinates": [
          120.221593,
          30.348317
        ]
      }
    },
    {
      "type": "Feature",
      "properties": {
        "green_view_index": 6.7745208740234375
      },
      "geometry": {
        "type": "Point",
        "coordinates": [
          120.222128,
          30.336896
        ]
      }
    },
    {
      "type": "Feature",
      "properties": {
        "green_view_index": 30.560302734375
      },
      "geometry": {
        "type": "Point",
        "coordinates": [
          120.222185,
          30.365665
        ]
      }
    },
    {
      "type": "Feature",
      "properties": {
        "green_view_index": 6.2892913818359375
      },
      "geometry": {
        "type": "Point",
        "coordinates": [
          120.222611,
          30.299996
        ]
      }
    },
    {
      "type": "Feature",
      "properties": {
        "green_view_index": 7.05108642578125
      },
      "geometry": {
        "type": "Point",
        "coordinates": [
          120.222818,
          30.222535
        ]
      }
    },
    {
      "type": "Feature",
      "properties": {
        "green_view_index": 38.80805969238281
      },
      "geometry": {
        "type": "Point",
        "coordinates": [
          120.222883,
          30.236379
        ]
      }
    },
    {
      "type": "Feature",
      "properties": {
        "green_view_index": 0.9098052978515625
      },
      "geometry": {
        "type": "Point",
        "coordinates": [
          120.223024,
          30.305638
        ]
      }
    },
    {
      "type": "Feature",
      "properties": {
        "green_view_index": 4.6665191650390625
      },
      "geometry": {
        "type": "Point",
        "coordinates": [
          120.223098,
          30.353184
        ]
      }
    },
    {
      "type": "Feature",
      "properties": {
        "green_view_index": 10.699462890625
      },
      "geometry": {
        "type": "Point",
        "coordinates": [
          120.22345,
          30.217886
        ]
      }
    },
    {
      "type": "Feature",
      "properties": {
        "green_view_index": 7.675933837890625
      },
      "geometry": {
        "type": "Point",
        "coordinates": [
          120.223479,
          30.274454
        ]
      }
    },
    {
      "type": "Feature",
      "properties": {
        "green_view_index": 5.78460693359375
      },
      "geometry": {
        "type": "Point",
        "coordinates": [
          120.223504,
          30.311377
        ]
      }
    },
    {
      "type": "Feature",
      "properties": {
        "green_view_index": 4.76837158203125
      },
      "geometry": {
        "type": "Point",
        "coordinates": [
          120.223597,
          30.3632
        ]
      }
    },
    {
      "type": "Feature",
      "properties": {
        "green_view_index": 7.58209228515625
      },
      "geometry": {
        "type": "Point",
        "coordinates": [
          120.223819,
          30.28171
        ]
      }
    },
    {
      "type": "Feature",
      "properties": {
        "green_view_index": 10.137176513671875
      },
      "geometry": {
        "type": "Point",
        "coordinates": [
          120.22408,
          30.375106
        ]
      }
    },
    {
      "type": "Feature",
      "properties": {
        "green_view_index": 4.2736053466796875
      },
      "geometry": {
        "type": "Point",
        "coordinates": [
          120.224296,
          30.315573
        ]
      }
    },
    {
      "type": "Feature",
      "properties": {
        "green_view_index": 5.922698974609375
      },
      "geometry": {
        "type": "Point",
        "coordinates": [
          120.224429,
          30.345609
        ]
      }
    },
    {
      "type": "Feature",
      "properties": {
        "green_view_index": 8.749008178710938
      },
      "geometry": {
        "type": "Point",
        "coordinates": [
          120.224436,
          30.197549
        ]
      }
    },
    {
      "type": "Feature",
      "properties": {
        "green_view_index": 6.9255828857421875
      },
      "geometry": {
        "type": "Point",
        "coordinates": [
          120.22465,
          30.202736
        ]
      }
    },
    {
      "type": "Feature",
      "properties": {
        "green_view_index": 8.5205078125
      },
      "geometry": {
        "type": "Point",
        "coordinates": [
          120.224777,
          30.349814
        ]
      }
    },
    {
      "type": "Feature",
      "properties": {
        "green_view_index": 3.928375244140625
      },
      "geometry": {
        "type": "Point",
        "coordinates": [
          120.22485,
          30.225212
        ]
      }
    },
    {
      "type": "Feature",
      "properties": {
        "green_view_index": 9.584808349609375
      },
      "geometry": {
        "type": "Point",
        "coordinates": [
          120.224994,
          30.28855
        ]
      }
    },
    {
      "type": "Feature",
      "properties": {
        "green_view_index": 1.5537261962890625
      },
      "geometry": {
        "type": "Point",
        "coordinates": [
          120.22509,
          30.339396
        ]
      }
    },
    {
      "type": "Feature",
      "properties": {
        "green_view_index": 5.2001953125
      },
      "geometry": {
        "type": "Point",
        "coordinates": [
          120.225492,
          30.284669
        ]
      }
    },
    {
      "type": "Feature",
      "properties": {
        "green_view_index": 4.811859130859375
      },
      "geometry": {
        "type": "Point",
        "coordinates": [
          120.225517,
          30.372277
        ]
      }
    },
    {
      "type": "Feature",
      "properties": {
        "green_view_index": 8.666229248046875
      },
      "geometry": {
        "type": "Point",
        "coordinates": [
          120.225587,
          30.239113
        ]
      }
    },
    {
      "type": "Feature",
      "properties": {
        "green_view_index": 13.8092041015625
      },
      "geometry": {
        "type": "Point",
        "coordinates": [
          120.225652,
          30.308018
        ]
      }
    },
    {
      "type": "Feature",
      "properties": {
        "green_view_index": 6.43768310546875
      },
      "geometry": {
        "type": "Point",
        "coordinates": [
          120.226128,
          30.297526
        ]
      }
    },
    {
      "type": "Feature",
      "properties": {
        "green_view_index": 8.845138549804688
      },
      "geometry": {
        "type": "Point",
        "coordinates": [
          120.226908,
          30.219859
        ]
      }
    },
    {
      "type": "Feature",
      "properties": {
        "green_view_index": 6.587982177734375
      },
      "geometry": {
        "type": "Point",
        "coordinates": [
          120.227494,
          30.277455
        ]
      }
    },
    {
      "type": "Feature",
      "properties": {
        "green_view_index": 7.645416259765625
      },
      "geometry": {
        "type": "Point",
        "coordinates": [
          120.227571,
          30.367452
        ]
      }
    },
    {
      "type": "Feature",
      "properties": {
        "green_view_index": 10.52703857421875
      },
      "geometry": {
        "type": "Point",
        "coordinates": [
          120.227785,
          30.267034
        ]
      }
    },
    {
      "type": "Feature",
      "properties": {
        "green_view_index": 0.9540557861328125
      },
      "geometry": {
        "type": "Point",
        "coordinates": [
          120.22788,
          30.312893
        ]
      }
    },
    {
      "type": "Feature",
      "properties": {
        "green_view_index": 2.2838592529296875
      },
      "geometry": {
        "type": "Point",
        "coordinates": [
          120.227962,
          30.376707
        ]
      }
    },
    {
      "type": "Feature",
      "properties": {
        "green_view_index": 1.985931396484375
      },
      "geometry": {
        "type": "Point",
        "coordinates": [
          120.228048,
          30.310555
        ]
      }
    },
    {
      "type": "Feature",
      "properties": {
        "green_view_index": 1.6788482666015625
      },
      "geometry": {
        "type": "Point",
        "coordinates": [
          120.228168,
          30.289469
        ]
      }
    },
    {
      "type": "Feature",
      "properties": {
        "green_view_index": 1.5033721923828125
      },
      "geometry": {
        "type": "Point",
        "coordinates": [
          120.228236,
          30.341747
        ]
      }
    },
    {
      "type": "Feature",
      "properties": {
        "green_view_index": 9.186553955078125
      },
      "geometry": {
        "type": "Point",
        "coordinates": [
          120.228352,
          30.308068
        ]
      }
    },
    {
      "type": "Feature",
      "properties": {
        "green_view_index": 4.8583984375
      },
      "geometry": {
        "type": "Point",
        "coordinates": [
          120.228506,
          30.241986
        ]
      }
    },
    {
      "type": "Feature",
      "properties": {
        "green_view_index": 9.459304809570312
      },
      "geometry": {
        "type": "Point",
        "coordinates": [
          120.229141,
          30.237038
        ]
      }
    },
    {
      "type": "Feature",
      "properties": {
        "green_view_index": 4.6783447265625
      },
      "geometry": {
        "type": "Point",
        "coordinates": [
          120.229335,
          30.37372
        ]
      }
    },
    {
      "type": "Feature",
      "properties": {
        "green_view_index": 3.8677215576171875
      },
      "geometry": {
        "type": "Point",
        "coordinates": [
          120.229654,
          30.21633
        ]
      }
    },
    {
      "type": "Feature",
      "properties": {
        "green_view_index": 7.292938232421875
      },
      "geometry": {
        "type": "Point",
        "coordinates": [
          120.229729,
          30.19726
        ]
      }
    },
    {
      "type": "Feature",
      "properties": {
        "green_view_index": 3.383636474609375
      },
      "geometry": {
        "type": "Point",
        "coordinates": [
          120.229852,
          30.30291
        ]
      }
    },
    {
      "type": "Feature",
      "properties": {
        "green_view_index": 3.96881103515625
      },
      "geometry": {
        "type": "Point",
        "coordinates": [
          120.230001,
          30.275205
        ]
      }
    },
    {
      "type": "Feature",
      "properties": {
        "green_view_index": 5.5110931396484375
      },
      "geometry": {
        "type": "Point",
        "coordinates": [
          120.230221,
          30.29901
        ]
      }
    },
    {
      "type": "Feature",
      "properties": {
        "green_view_index": 4.0401458740234375
      },
      "geometry": {
        "type": "Point",
        "coordinates": [
          120.230299,
          30.294128
        ]
      }
    },
    {
      "type": "Feature",
      "properties": {
        "green_view_index": 15.773773193359375
      },
      "geometry": {
        "type": "Point",
        "coordinates": [
          120.230654,
          30.365098
        ]
      }
    },
    {
      "type": "Feature",
      "properties": {
        "green_view_index": 20.9747314453125
      },
      "geometry": {
        "type": "Point",
        "coordinates": [
          120.230686,
          30.28038
        ]
      }
    },
    {
      "type": "Feature",
      "properties": {
        "green_view_index": 5.8467864990234375
      },
      "geometry": {
        "type": "Point",
        "coordinates": [
          120.231262,
          30.27242
        ]
      }
    },
    {
      "type": "Feature",
      "properties": {
        "green_view_index": 19.028472900390625
      },
      "geometry": {
        "type": "Point",
        "coordinates": [
          120.231578,
          30.222311
        ]
      }
    },
    {
      "type": "Feature",
      "properties": {
        "green_view_index": 8.129119873046875
      },
      "geometry": {
        "type": "Point",
        "coordinates": [
          120.231657,
          30.245122
        ]
      }
    },
    {
      "type": "Feature",
      "properties": {
        "green_view_index": 7.940673828125
      },
      "geometry": {
        "type": "Point",
        "coordinates": [
          120.231733,
          30.370467
        ]
      }
    },
    {
      "type": "Feature",
      "properties": {
        "green_view_index": 5.3852081298828125
      },
      "geometry": {
        "type": "Point",
        "coordinates": [
          120.231963,
          30.367956
        ]
      }
    },
    {
      "type": "Feature",
      "properties": {
        "green_view_index": 6.085968017578125
      },
      "geometry": {
        "type": "Point",
        "coordinates": [
          120.232266,
          30.312795
        ]
      }
    },
    {
      "type": "Feature",
      "properties": {
        "green_view_index": 3.745269775390625
      },
      "geometry": {
        "type": "Point",
        "coordinates": [
          120.232298,
          30.316465
        ]
      }
    },
    {
      "type": "Feature",
      "properties": {
        "green_view_index": 13.757705688476562
      },
      "geometry": {
        "type": "Point",
        "coordinates": [
          120.232303,
          30.285897
        ]
      }
    },
    {
      "type": "Feature",
      "properties": {
        "green_view_index": 6.5032958984375
      },
      "geometry": {
        "type": "Point",
        "coordinates": [
          120.232391,
          30.225292
        ]
      }
    },
    {
      "type": "Feature",
      "properties": {
        "green_view_index": 11.058425903320312
      },
      "geometry": {
        "type": "Point",
        "coordinates": [
          120.232505,
          30.307947
        ]
      }
    },
    {
      "type": "Feature",
      "properties": {
        "green_view_index": 4.61883544921875
      },
      "geometry": {
        "type": "Point",
        "coordinates": [
          120.23257,
          30.235006
        ]
      }
    },
    {
      "type": "Feature",
      "properties": {
        "green_view_index": 4.8137664794921875
      },
      "geometry": {
        "type": "Point",
        "coordinates": [
          120.232635,
          30.239553
        ]
      }
    },
    {
      "type": "Feature",
      "properties": {
        "green_view_index": 22.504425048828125
      },
      "geometry": {
        "type": "Point",
        "coordinates": [
          120.232755,
          30.364501
        ]
      }
    },
    {
      "type": "Feature",
      "properties": {
        "green_view_index": 5.1975250244140625
      },
      "geometry": {
        "type": "Point",
        "coordinates": [
          120.233441,
          30.373175
        ]
      }
    },
    {
      "type": "Feature",
      "properties": {
        "green_view_index": 2.79083251953125
      },
      "geometry": {
        "type": "Point",
        "coordinates": [
          120.233466,
          30.273217
        ]
      }
    },
    {
      "type": "Feature",
      "properties": {
        "green_view_index": 2.6264190673828125
      },
      "geometry": {
        "type": "Point",
        "coordinates": [
          120.234353,
          30.295951
        ]
      }
    },
    {
      "type": "Feature",
      "properties": {
        "green_view_index": 6.3060760498046875
      },
      "geometry": {
        "type": "Point",
        "coordinates": [
          120.234364,
          30.248808
        ]
      }
    },
    {
      "type": "Feature",
      "properties": {
        "green_view_index": 2.916717529296875
      },
      "geometry": {
        "type": "Point",
        "coordinates": [
          120.23447,
          30.345199
        ]
      }
    },
    {
      "type": "Feature",
      "properties": {
        "green_view_index": 6.301116943359375
      },
      "geometry": {
        "type": "Point",
        "coordinates": [
          120.234578,
          30.283858
        ]
      }
    },
    {
      "type": "Feature",
      "properties": {
        "green_view_index": 10.1470947265625
      },
      "geometry": {
        "type": "Point",
        "coordinates": [
          120.234703,
          30.219822
        ]
      }
    },
    {
      "type": "Feature",
      "properties": {
        "green_view_index": 27.965927124023438
      },
      "geometry": {
        "type": "Point",
        "coordinates": [
          120.234733,
          30.290301
        ]
      }
    },
    {
      "type": "Feature",
      "properties": {
        "green_view_index": 5.6365966796875
      },
      "geometry": {
        "type": "Point",
        "coordinates": [
          120.234792,
          30.307766
        ]
      }
    },
    {
      "type": "Feature",
      "properties": {
        "green_view_index": 6.0001373291015625
      },
      "geometry": {
        "type": "Point",
        "coordinates": [
          120.234811,
          30.238091
        ]
      }
    },
    {
      "type": "Feature",
      "properties": {
        "green_view_index": 20.348739624023438
      },
      "geometry": {
        "type": "Point",
        "coordinates": [
          120.234923,
          30.311955
        ]
      }
    },
    {
      "type": "Feature",
      "properties": {
        "green_view_index": 13.166427612304688
      },
      "geometry": {
        "type": "Point",
        "coordinates": [
          120.23536,
          30.228926
        ]
      }
    },
    {
      "type": "Feature",
      "properties": {
        "green_view_index": 6.8378448486328125
      },
      "geometry": {
        "type": "Point",
        "coordinates": [
          120.235982,
          30.242983
        ]
      }
    },
    {
      "type": "Feature",
      "properties": {
        "green_view_index": 7.3390960693359375
      },
      "geometry": {
        "type": "Point",
        "coordinates": [
          120.235991,
          30.25139
        ]
      }
    },
    {
      "type": "Feature",
      "properties": {
        "green_view_index": 15.236663818359375
      },
      "geometry": {
        "type": "Point",
        "coordinates": [
          120.235998,
          30.376027
        ]
      }
    },
    {
      "type": "Feature",
      "properties": {
        "green_view_index": 5.1334381103515625
      },
      "geometry": {
        "type": "Point",
        "coordinates": [
          120.236199,
          30.350618
        ]
      }
    },
    {
      "type": "Feature",
      "properties": {
        "green_view_index": 11.048126220703125
      },
      "geometry": {
        "type": "Point",
        "coordinates": [
          120.236348,
          30.356057
        ]
      }
    },
    {
      "type": "Feature",
      "properties": {
        "green_view_index": 10.540390014648438
      },
      "geometry": {
        "type": "Point",
        "coordinates": [
          120.236362,
          30.3686
        ]
      }
    },
    {
      "type": "Feature",
      "properties": {
        "green_view_index": 5.0140380859375
      },
      "geometry": {
        "type": "Point",
        "coordinates": [
          120.236535,
          30.297247
        ]
      }
    },
    {
      "type": "Feature",
      "properties": {
        "green_view_index": 13.444137573242188
      },
      "geometry": {
        "type": "Point",
        "coordinates": [
          120.236627,
          30.363187
        ]
      }
    },
    {
      "type": "Feature",
      "properties": {
        "green_view_index": 0.341033935546875
      },
      "geometry": {
        "type": "Point",
        "coordinates": [
          120.236923,
          30.271218
        ]
      }
    },
    {
      "type": "Feature",
      "properties": {
        "green_view_index": 5.0373077392578125
      },
      "geometry": {
        "type": "Point",
        "coordinates": [
          120.237036,
          30.387989
        ]
      }
    },
    {
      "type": "Feature",
      "properties": {
        "green_view_index": 1.607513427734375
      },
      "geometry": {
        "type": "Point",
        "coordinates": [
          120.237104,
          30.32048
        ]
      }
    },
    {
      "type": "Feature",
      "properties": {
        "green_view_index": 23.967742919921875
      },
      "geometry": {
        "type": "Point",
        "coordinates": [
          120.2373,
          30.315417
        ]
      }
    },
    {
      "type": "Feature",
      "properties": {
        "green_view_index": 8.556365966796875
      },
      "geometry": {
        "type": "Point",
        "coordinates": [
          120.237894,
          30.231961
        ]
      }
    },
    {
      "type": "Feature",
      "properties": {
        "green_view_index": 0.83770751953125
      },
      "geometry": {
        "type": "Point",
        "coordinates": [
          120.237927,
          30.286513
        ]
      }
    },
    {
      "type": "Feature",
      "properties": {
        "green_view_index": 2.9506683349609375
      },
      "geometry": {
        "type": "Point",
        "coordinates": [
          120.237986,
          30.241854
        ]
      }
    },
    {
      "type": "Feature",
      "properties": {
        "green_view_index": 1.564788818359375
      },
      "geometry": {
        "type": "Point",
        "coordinates": [
          120.237991,
          30.347114
        ]
      }
    },
    {
      "type": "Feature",
      "properties": {
        "green_view_index": 9.579086303710938
      },
      "geometry": {
        "type": "Point",
        "coordinates": [
          120.238154,
          30.378796
        ]
      }
    },
    {
      "type": "Feature",
      "properties": {
        "green_view_index": 8.06427001953125
      },
      "geometry": {
        "type": "Point",
        "coordinates": [
          120.238264,
          30.228577
        ]
      }
    },
    {
      "type": "Feature",
      "properties": {
        "green_view_index": 15.871810913085938
      },
      "geometry": {
        "type": "Point",
        "coordinates": [
          120.238588,
          30.307353
        ]
      }
    },
    {
      "type": "Feature",
      "properties": {
        "green_view_index": 9.668731689453125
      },
      "geometry": {
        "type": "Point",
        "coordinates": [
          120.238771,
          30.365129
        ]
      }
    },
    {
      "type": "Feature",
      "properties": {
        "green_view_index": 9.624481201171875
      },
      "geometry": {
        "type": "Point",
        "coordinates": [
          120.23881,
          30.350798
        ]
      }
    },
    {
      "type": "Feature",
      "properties": {
        "green_view_index": 1.8390655517578125
      },
      "geometry": {
        "type": "Point",
        "coordinates": [
          120.238979,
          30.323676
        ]
      }
    },
    {
      "type": "Feature",
      "properties": {
        "green_view_index": 34.96665954589844
      },
      "geometry": {
        "type": "Point",
        "coordinates": [
          120.239152,
          30.354566
        ]
      }
    },
    {
      "type": "Feature",
      "properties": {
        "green_view_index": 9.935760498046875
      },
      "geometry": {
        "type": "Point",
        "coordinates": [
          120.239171,
          30.220207
        ]
      }
    },
    {
      "type": "Feature",
      "properties": {
        "green_view_index": 3.743743896484375
      },
      "geometry": {
        "type": "Point",
        "coordinates": [
          120.239465,
          30.222758
        ]
      }
    },
    {
      "type": "Feature",
      "properties": {
        "green_view_index": 8.700942993164062
      },
      "geometry": {
        "type": "Point",
        "coordinates": [
          120.239573,
          30.225207
        ]
      }
    },
    {
      "type": "Feature",
      "properties": {
        "green_view_index": 14.517593383789062
      },
      "geometry": {
        "type": "Point",
        "coordinates": [
          120.239737,
          30.318688
        ]
      }
    },
    {
      "type": "Feature",
      "properties": {
        "green_view_index": 1.3458251953125
      },
      "geometry": {
        "type": "Point",
        "coordinates": [
          120.239802,
          30.291364
        ]
      }
    },
    {
      "type": "Feature",
      "properties": {
        "green_view_index": 0.36163330078125
      },
      "geometry": {
        "type": "Point",
        "coordinates": [
          120.240176,
          30.243314
        ]
      }
    },
    {
      "type": "Feature",
      "properties": {
        "green_view_index": 14.497756958007812
      },
      "geometry": {
        "type": "Point",
        "coordinates": [
          120.240193,
          30.358056
        ]
      }
    },
    {
      "type": "Feature",
      "properties": {
        "green_view_index": 0.212860107421875
      },
      "geometry": {
        "type": "Point",
        "coordinates": [
          120.24038,
          30.26922
        ]
      }
    },
    {
      "type": "Feature",
      "properties": {
        "green_view_index": 27.629470825195312
      },
      "geometry": {
        "type": "Point",
        "coordinates": [
          120.240396,
          30.370671
        ]
      }
    },
    {
      "type": "Feature",
      "properties": {
        "green_view_index": 8.895492553710938
      },
      "geometry": {
        "type": "Point",
        "coordinates": [
          120.240503,
          30.300208
        ]
      }
    },
    {
      "type": "Feature",
      "properties": {
        "green_view_index": 8.657073974609375
      },
      "geometry": {
        "type": "Point",
        "coordinates": [
          120.240563,
          30.381735
        ]
      }
    },
    {
      "type": "Feature",
      "properties": {
        "green_view_index": 24.47967529296875
      },
      "geometry": {
        "type": "Point",
        "coordinates": [
          120.240597,
          30.392469
        ]
      }
    },
    {
      "type": "Feature",
      "properties": {
        "green_view_index": 5.1212310791015625
      },
      "geometry": {
        "type": "Point",
        "coordinates": [
          120.240652,
          30.245791
        ]
      }
    },
    {
      "type": "Feature",
      "properties": {
        "green_view_index": 8.443832397460938
      },
      "geometry": {
        "type": "Point",
        "coordinates": [
          120.240791,
          30.235606
        ]
      }
    },
    {
      "type": "Feature",
      "properties": {
        "green_view_index": 2.7736663818359375
      },
      "geometry": {
        "type": "Point",
        "coordinates": [
          120.241468,
          30.296403
        ]
      }
    },
    {
      "type": "Feature",
      "properties": {
        "green_view_index": 12.575149536132812
      },
      "geometry": {
        "type": "Point",
        "coordinates": [
          120.241525,
          30.348994
        ]
      }
    },
    {
      "type": "Feature",
      "properties": {
        "green_view_index": 6.020355224609375
      },
      "geometry": {
        "type": "Point",
        "coordinates": [
          120.241611,
          30.361431
        ]
      }
    },
    {
      "type": "Feature",
      "properties": {
        "green_view_index": 17.895889282226562
      },
      "geometry": {
        "type": "Point",
        "coordinates": [
          120.241685,
          30.354774
        ]
      }
    },
    {
      "type": "Feature",
      "properties": {
        "green_view_index": 6.8790435791015625
      },
      "geometry": {
        "type": "Point",
        "coordinates": [
          120.242002,
          30.32171
        ]
      }
    },
    {
      "type": "Feature",
      "properties": {
        "green_view_index": 17.062759399414062
      },
      "geometry": {
        "type": "Point",
        "coordinates": [
          120.242354,
          30.288987
        ]
      }
    },
    {
      "type": "Feature",
      "properties": {
        "green_view_index": 10.908889770507812
      },
      "geometry": {
        "type": "Point",
        "coordinates": [
          120.242427,
          30.383797
        ]
      }
    },
    {
      "type": "Feature",
      "properties": {
        "green_view_index": 8.345794677734375
      },
      "geometry": {
        "type": "Point",
        "coordinates": [
          120.242816,
          30.329312
        ]
      }
    },
    {
      "type": "Feature",
      "properties": {
        "green_view_index": 13.004302978515625
      },
      "geometry": {
        "type": "Point",
        "coordinates": [
          120.242903,
          30.308671
        ]
      }
    },
    {
      "type": "Feature",
      "properties": {
        "green_view_index": 8.597183227539062
      },
      "geometry": {
        "type": "Point",
        "coordinates": [
          120.243034,
          30.249725
        ]
      }
    },
    {
      "type": "Feature",
      "properties": {
        "green_view_index": 12.91046142578125
      },
      "geometry": {
        "type": "Point",
        "coordinates": [
          120.243143,
          30.239387
        ]
      }
    },
    {
      "type": "Feature",
      "properties": {
        "green_view_index": 8.5205078125
      },
      "geometry": {
        "type": "Point",
        "coordinates": [
          120.243226,
          30.373305
        ]
      }
    },
    {
      "type": "Feature",
      "properties": {
        "green_view_index": 0.3238677978515625
      },
      "geometry": {
        "type": "Point",
        "coordinates": [
          120.243763,
          30.264853
        ]
      }
    },
    {
      "type": "Feature",
      "properties": {
        "green_view_index": 0.1873016357421875
      },
      "geometry": {
        "type": "Point",
        "coordinates": [
          120.243839,
          30.267225
        ]
      }
    },
    {
      "type": "Feature",
      "properties": {
        "green_view_index": 11.309814453125
      },
      "geometry": {
        "type": "Point",
        "coordinates": [
          120.244029,
          30.387012
        ]
      }
    },
    {
      "type": "Feature",
      "properties": {
        "green_view_index": 16.56036376953125
      },
      "geometry": {
        "type": "Point",
        "coordinates": [
          120.244104,
          30.357702
        ]
      }
    },
    {
      "type": "Feature",
      "properties": {
        "green_view_index": 7.29827880859375
      },
      "geometry": {
        "type": "Point",
        "coordinates": [
          120.244128,
          30.226077
        ]
      }
    },
    {
      "type": "Feature",
      "properties": {
        "green_view_index": 9.228134155273438
      },
      "geometry": {
        "type": "Point",
        "coordinates": [
          120.24442,
          30.223638
        ]
      }
    },
    {
      "type": "Feature",
      "properties": {
        "green_view_index": 18.99261474609375
      },
      "geometry": {
        "type": "Point",
        "coordinates": [
          120.244451,
          30.221108
        ]
      }
    },
    {
      "type": "Feature",
      "properties": {
        "green_view_index": 3.2947540283203125
      },
      "geometry": {
        "type": "Point",
        "coordinates": [
          120.244644,
          30.38098
        ]
      }
    },
    {
      "type": "Feature",
      "properties": {
        "green_view_index": 1.1348724365234375
      },
      "geometry": {
        "type": "Point",
        "coordinates": [
          120.244681,
          30.293608
        ]
      }
    },
    {
      "type": "Feature",
      "properties": {
        "green_view_index": 34.37232971191406
      },
      "geometry": {
        "type": "Point",
        "coordinates": [
          120.24491,
          30.324989
        ]
      }
    },
    {
      "type": "Feature",
      "properties": {
        "green_view_index": 10.23712158203125
      },
      "geometry": {
        "type": "Point",
        "coordinates": [
          120.245451,
          30.350177
        ]
      }
    },
    {
      "type": "Feature",
      "properties": {
        "green_view_index": 0.9944915771484375
      },
      "geometry": {
        "type": "Point",
        "coordinates": [
          120.245503,
          30.243346
        ]
      }
    },
    {
      "type": "Feature",
      "properties": {
        "green_view_index": 7.135009765625
      },
      "geometry": {
        "type": "Point",
        "coordinates": [
          120.24566,
          30.306665
        ]
      }
    },
    {
      "type": "Feature",
      "properties": {
        "green_view_index": 2.7172088623046875
      },
      "geometry": {
        "type": "Point",
        "coordinates": [
          120.245712,
          30.331892
        ]
      }
    },
    {
      "type": "Feature",
      "properties": {
        "green_view_index": 6.5845489501953125
      },
      "geometry": {
        "type": "Point",
        "coordinates": [
          120.245916,
          30.3153
        ]
      }
    },
    {
      "type": "Feature",
      "properties": {
        "green_view_index": 10.430526733398438
      },
      "geometry": {
        "type": "Point",
        "coordinates": [
          120.245942,
          30.376034
        ]
      }
    },
    {
      "type": "Feature",
      "properties": {
        "green_view_index": 26.972198486328125
      },
      "geometry": {
        "type": "Point",
        "coordinates": [
          120.246051,
          30.36088
        ]
      }
    },
    {
      "type": "Feature",
      "properties": {
        "green_view_index": 9.68780517578125
      },
      "geometry": {
        "type": "Point",
        "coordinates": [
          120.246063,
          30.232848
        ]
      }
    },
    {
      "type": "Feature",
      "properties": {
        "green_view_index": 3.2619476318359375
      },
      "geometry": {
        "type": "Point",
        "coordinates": [
          120.246356,
          30.300859
        ]
      }
    },
    {
      "type": "Feature",
      "properties": {
        "green_view_index": 8.688735961914062
      },
      "geometry": {
        "type": "Point",
        "coordinates": [
          120.246499,
          30.39483
        ]
      }
    },
    {
      "type": "Feature",
      "properties": {
        "green_view_index": 4.0008544921875
      },
      "geometry": {
        "type": "Point",
        "coordinates": [
          120.246585,
          30.237407
        ]
      }
    },
    {
      "type": "Feature",
      "properties": {
        "green_view_index": 3.3355712890625
      },
      "geometry": {
        "type": "Point",
        "coordinates": [
          120.246592,
          30.310314
        ]
      }
    },
    {
      "type": "Feature",
      "properties": {
        "green_view_index": 2.11944580078125
      },
      "geometry": {
        "type": "Point",
        "coordinates": [
          120.246636,
          30.346724
        ]
      }
    },
    {
      "type": "Feature",
      "properties": {
        "green_view_index": 2.6317596435546875
      },
      "geometry": {
        "type": "Point",
        "coordinates": [
          120.246876,
          30.291544
        ]
      }
    },
    {
      "type": "Feature",
      "properties": {
        "green_view_index": 7.4695587158203125
      },
      "geometry": {
        "type": "Point",
        "coordinates": [
          120.247072,
          30.323968
        ]
      }
    },
    {
      "type": "Feature",
      "properties": {
        "green_view_index": 6.89544677734375
      },
      "geometry": {
        "type": "Point",
        "coordinates": [
          120.24737,
          30.265326
        ]
      }
    },
    {
      "type": "Feature",
      "properties": {
        "green_view_index": 10.845947265625
      },
      "geometry": {
        "type": "Point",
        "coordinates": [
          120.247589,
          30.391827
        ]
      }
    },
    {
      "type": "Feature",
      "properties": {
        "green_view_index": 14.307785034179688
      },
      "geometry": {
        "type": "Point",
        "coordinates": [
          120.248008,
          30.327545
        ]
      }
    },
    {
      "type": "Feature",
      "properties": {
        "green_view_index": 1.4537811279296875
      },
      "geometry": {
        "type": "Point",
        "coordinates": [
          120.248399,
          30.305307
        ]
      }
    },
    {
      "type": "Feature",
      "properties": {
        "green_view_index": 27.944564819335938
      },
      "geometry": {
        "type": "Point",
        "coordinates": [
          120.248625,
          30.363706
        ]
      }
    },
    {
      "type": "Feature",
      "properties": {
        "green_view_index": 18.773651123046875
      },
      "geometry": {
        "type": "Point",
        "coordinates": [
          120.248684,
          30.378745
        ]
      }
    },
    {
      "type": "Feature",
      "properties": {
        "green_view_index": 23.931884765625
      },
      "geometry": {
        "type": "Point",
        "coordinates": [
          120.248811,
          30.334287
        ]
      }
    },
    {
      "type": "Feature",
      "properties": {
        "green_view_index": 9.479904174804688
      },
      "geometry": {
        "type": "Point",
        "coordinates": [
          120.249177,
          30.241312
        ]
      }
    },
    {
      "type": "Feature",
      "properties": {
        "green_view_index": 1.6269683837890625
      },
      "geometry": {
        "type": "Point",
        "coordinates": [
          120.249188,
          30.302909
        ]
      }
    },
    {
      "type": "Feature",
      "properties": {
        "green_view_index": 20.308303833007812
      },
      "geometry": {
        "type": "Point",
        "coordinates": [
          120.249529,
          30.322097
        ]
      }
    },
    {
      "type": "Feature",
      "properties": {
        "green_view_index": 12.055587768554688
      },
      "geometry": {
        "type": "Point",
        "coordinates": [
          120.249584,
          30.388507
        ]
      }
    },
    {
      "type": "Feature",
      "properties": {
        "green_view_index": 8.058547973632812
      },
      "geometry": {
        "type": "Point",
        "coordinates": [
          120.249667,
          30.227351
        ]
      }
    },
    {
      "type": "Feature",
      "properties": {
        "green_view_index": 6.0619354248046875
      },
      "geometry": {
        "type": "Point",
        "coordinates": [
          120.249785,
          30.222569
        ]
      }
    },
    {
      "type": "Feature",
      "properties": {
        "green_view_index": 8.739471435546875
      },
      "geometry": {
        "type": "Point",
        "coordinates": [
          120.249989,
          30.225021
        ]
      }
    },
    {
      "type": "Feature",
      "properties": {
        "green_view_index": 4.607391357421875
      },
      "geometry": {
        "type": "Point",
        "coordinates": [
          120.250023,
          30.234642
        ]
      }
    },
    {
      "type": "Feature",
      "properties": {
        "green_view_index": 31.251144409179688
      },
      "geometry": {
        "type": "Point",
        "coordinates": [
          120.250089,
          30.329913
        ]
      }
    },
    {
      "type": "Feature",
      "properties": {
        "green_view_index": 10.57891845703125
      },
      "geometry": {
        "type": "Point",
        "coordinates": [
          120.250213,
          30.297672
        ]
      }
    },
    {
      "type": "Feature",
      "properties": {
        "green_view_index": 42.54608154296875
      },
      "geometry": {
        "type": "Point",
        "coordinates": [
          120.250434,
          30.259478
        ]
      }
    },
    {
      "type": "Feature",
      "properties": {
        "green_view_index": 28.350067138671875
      },
      "geometry": {
        "type": "Point",
        "coordinates": [
          120.250733,
          30.250155
        ]
      }
    },
    {
      "type": "Feature",
      "properties": {
        "green_view_index": 4.5513153076171875
      },
      "geometry": {
        "type": "Point",
        "coordinates": [
          120.251096,
          30.354404
        ]
      }
    },
    {
      "type": "Feature",
      "properties": {
        "green_view_index": 3.881072998046875
      },
      "geometry": {
        "type": "Point",
        "coordinates": [
          120.251182,
          30.312766
        ]
      }
    },
    {
      "type": "Feature",
      "properties": {
        "green_view_index": 5.68695068359375
      },
      "geometry": {
        "type": "Point",
        "coordinates": [
          120.251283,
          30.366477
        ]
      }
    },
    {
      "type": "Feature",
      "properties": {
        "green_view_index": 51.29661560058594
      },
      "geometry": {
        "type": "Point",
        "coordinates": [
          120.251307,
          30.294456
        ]
      }
    },
    {
      "type": "Feature",
      "properties": {
        "green_view_index": 5.667877197265625
      },
      "geometry": {
        "type": "Point",
        "coordinates": [
          120.251404,
          30.381472
        ]
      }
    },
    {
      "type": "Feature",
      "properties": {
        "green_view_index": 2.8591156005859375
      },
      "geometry": {
        "type": "Point",
        "coordinates": [
          120.25197,
          30.309436
        ]
      }
    },
    {
      "type": "Feature",
      "properties": {
        "green_view_index": 3.0300140380859375
      },
      "geometry": {
        "type": "Point",
        "coordinates": [
          120.252168,
          30.336388
        ]
      }
    },
    {
      "type": "Feature",
      "properties": {
        "green_view_index": 7.3726654052734375
      },
      "geometry": {
        "type": "Point",
        "coordinates": [
          120.252421,
          30.397453
        ]
      }
    },
    {
      "type": "Feature",
      "properties": {
        "green_view_index": 5.780029296875
      },
      "geometry": {
        "type": "Point",
        "coordinates": [
          120.252443,
          30.23726
        ]
      }
    },
    {
      "type": "Feature",
      "properties": {
        "green_view_index": 9.185791015625
      },
      "geometry": {
        "type": "Point",
        "coordinates": [
          120.252631,
          30.30698
        ]
      }
    },
    {
      "type": "Feature",
      "properties": {
        "green_view_index": 2.964019775390625
      },
      "geometry": {
        "type": "Point",
        "coordinates": [
          120.252643,
          30.300249
        ]
      }
    },
    {
      "type": "Feature",
      "properties": {
        "green_view_index": 33.83522033691406
      },
      "geometry": {
        "type": "Point",
        "coordinates": [
          120.252816,
          30.256144
        ]
      }
    },
    {
      "type": "Feature",
      "properties": {
        "green_view_index": 14.941024780273438
      },
      "geometry": {
        "type": "Point",
        "coordinates": [
          120.253054,
          30.263021
        ]
      }
    },
    {
      "type": "Feature",
      "properties": {
        "green_view_index": 6.6135406494140625
      },
      "geometry": {
        "type": "Point",
        "coordinates": [
          120.253061,
          30.23954
        ]
      }
    },
    {
      "type": "Feature",
      "properties": {
        "green_view_index": 2.471160888671875
      },
      "geometry": {
        "type": "Point",
        "coordinates": [
          120.253202,
          30.352279
        ]
      }
    },
    {
      "type": "Feature",
      "properties": {
        "green_view_index": 28.192520141601562
      },
      "geometry": {
        "type": "Point",
        "coordinates": [
          120.253223,
          30.332278
        ]
      }
    },
    {
      "type": "Feature",
      "properties": {
        "green_view_index": 5.5072784423828125
      },
      "geometry": {
        "type": "Point",
        "coordinates": [
          120.253328,
          30.325202
        ]
      }
    },
    {
      "type": "Feature",
      "properties": {
        "green_view_index": 10.976028442382812
      },
      "geometry": {
        "type": "Point",
        "coordinates": [
          120.253502,
          30.318843
        ]
      }
    },
    {
      "type": "Feature",
      "properties": {
        "green_view_index": 7.3394775390625
      },
      "geometry": {
        "type": "Point",
        "coordinates": [
          120.253741,
          30.228872
        ]
      }
    },
    {
      "type": "Feature",
      "properties": {
        "green_view_index": 43.657684326171875
      },
      "geometry": {
        "type": "Point",
        "coordinates": [
          120.253741,
          30.253664
        ]
      }
    },
    {
      "type": "Feature",
      "properties": {
        "green_view_index": 8.855819702148438
      },
      "geometry": {
        "type": "Point",
        "coordinates": [
          120.253905,
          30.393504
        ]
      }
    },
    {
      "type": "Feature",
      "properties": {
        "green_view_index": 6.420135498046875
      },
      "geometry": {
        "type": "Point",
        "coordinates": [
          120.254234,
          30.24331
        ]
      }
    },
    {
      "type": "Feature",
      "properties": {
        "green_view_index": 22.141265869140625
      },
      "geometry": {
        "type": "Point",
        "coordinates": [
          120.254271,
          30.368982
        ]
      }
    },
    {
      "type": "Feature",
      "properties": {
        "green_view_index": 3.4725189208984375
      },
      "geometry": {
        "type": "Point",
        "coordinates": [
          120.254517,
          30.356446
        ]
      }
    },
    {
      "type": "Feature",
      "properties": {
        "green_view_index": 5.731964111328125
      },
      "geometry": {
        "type": "Point",
        "coordinates": [
          120.254637,
          30.39051
        ]
      }
    },
    {
      "type": "Feature",
      "properties": {
        "green_view_index": 24.89471435546875
      },
      "geometry": {
        "type": "Point",
        "coordinates": [
          120.254658,
          30.250907
        ]
      }
    },
    {
      "type": "Feature",
      "properties": {
        "green_view_index": 6.2694549560546875
      },
      "geometry": {
        "type": "Point",
        "coordinates": [
          120.254825,
          30.384901
        ]
      }
    },
    {
      "type": "Feature",
      "properties": {
        "green_view_index": 5.4302215576171875
      },
      "geometry": {
        "type": "Point",
        "coordinates": [
          120.255029,
          30.304261
        ]
      }
    },
    {
      "type": "Feature",
      "properties": {
        "green_view_index": 5.72662353515625
      },
      "geometry": {
        "type": "Point",
        "coordinates": [
          120.255073,
          30.314744
        ]
      }
    },
    {
      "type": "Feature",
      "properties": {
        "green_view_index": 12.357711791992188
      },
      "geometry": {
        "type": "Point",
        "coordinates": [
          120.255183,
          30.224392
        ]
      }
    },
    {
      "type": "Feature",
      "properties": {
        "green_view_index": 3.3355712890625
      },
      "geometry": {
        "type": "Point",
        "coordinates": [
          120.255189,
          30.323083
        ]
      }
    },
    {
      "type": "Feature",
      "properties": {
        "green_view_index": 25.669479370117188
      },
      "geometry": {
        "type": "Point",
        "coordinates": [
          120.255434,
          30.247577
        ]
      }
    },
    {
      "type": "Feature",
      "properties": {
        "green_view_index": 6.06842041015625
      },
      "geometry": {
        "type": "Point",
        "coordinates": [
          120.255658,
          30.297964
        ]
      }
    },
    {
      "type": "Feature",
      "properties": {
        "green_view_index": 2.3853302001953125
      },
      "geometry": {
        "type": "Point",
        "coordinates": [
          120.255846,
          30.337881
        ]
      }
    },
    {
      "type": "Feature",
      "properties": {
        "green_view_index": 28.141021728515625
      },
      "geometry": {
        "type": "Point",
        "coordinates": [
          120.256381,
          30.334622
        ]
      }
    },
    {
      "type": "Feature",
      "properties": {
        "green_view_index": 0.716400146484375
      },
      "geometry": {
        "type": "Point",
        "coordinates": [
          120.256408,
          30.293917
        ]
      }
    },
    {
      "type": "Feature",
      "properties": {
        "green_view_index": 32.32231140136719
      },
      "geometry": {
        "type": "Point",
        "coordinates": [
          120.256526,
          30.327499
        ]
      }
    },
    {
      "type": "Feature",
      "properties": {
        "green_view_index": 33.13713073730469
      },
      "geometry": {
        "type": "Point",
        "coordinates": [
          120.256791,
          30.257629
        ]
      }
    },
    {
      "type": "Feature",
      "properties": {
        "green_view_index": 55.98602294921875
      },
      "geometry": {
        "type": "Point",
        "coordinates": [
          120.257118,
          30.242884
        ]
      }
    },
    {
      "type": "Feature",
      "properties": {
        "green_view_index": 3.0834197998046875
      },
      "geometry": {
        "type": "Point",
        "coordinates": [
          120.257129,
          30.307748
        ]
      }
    },
    {
      "type": "Feature",
      "properties": {
        "green_view_index": 5.8238983154296875
      },
      "geometry": {
        "type": "Point",
        "coordinates": [
          120.257274,
          30.371599
        ]
      }
    },
    {
      "type": "Feature",
      "properties": {
        "green_view_index": 11.16943359375
      },
      "geometry": {
        "type": "Point",
        "coordinates": [
          120.25733,
          30.231068
        ]
      }
    },
    {
      "type": "Feature",
      "properties": {
        "green_view_index": 2.2769927978515625
      },
      "geometry": {
        "type": "Point",
        "coordinates": [
          120.257354,
          30.352227
        ]
      }
    },
    {
      "type": "Feature",
      "properties": {
        "green_view_index": 4.2858123779296875
      },
      "geometry": {
        "type": "Point",
        "coordinates": [
          120.257478,
          30.366363
        ]
      }
    },
    {
      "type": "Feature",
      "properties": {
        "green_view_index": 3.6441802978515625
      },
      "geometry": {
        "type": "Point",
        "coordinates": [
          120.257558,
          30.300172
        ]
      }
    },
    {
      "type": "Feature",
      "properties": {
        "green_view_index": 22.439193725585938
      },
      "geometry": {
        "type": "Point",
        "coordinates": [
          120.257586,
          30.358873
        ]
      }
    },
    {
      "type": "Feature",
      "properties": {
        "green_view_index": 20.702743530273438
      },
      "geometry": {
        "type": "Point",
        "coordinates": [
          120.258173,
          30.381772
        ]
      }
    },
    {
      "type": "Feature",
      "properties": {
        "green_view_index": 10.094070434570312
      },
      "geometry": {
        "type": "Point",
        "coordinates": [
          120.258297,
          30.317987
        ]
      }
    },
    {
      "type": "Feature",
      "properties": {
        "green_view_index": 2.909088134765625
      },
      "geometry": {
        "type": "Point",
        "coordinates": [
          120.258298,
          30.239183
        ]
      }
    },
    {
      "type": "Feature",
      "properties": {
        "green_view_index": 4.2331695556640625
      },
      "geometry": {
        "type": "Point",
        "coordinates": [
          120.258522,
          30.385512
        ]
      }
    },
    {
      "type": "Feature",
      "properties": {
        "green_view_index": 14.8101806640625
      },
      "geometry": {
        "type": "Point",
        "coordinates": [
          120.258846,
          30.373649
        ]
      }
    },
    {
      "type": "Feature",
      "properties": {
        "green_view_index": 6.33544921875
      },
      "geometry": {
        "type": "Point",
        "coordinates": [
          120.258854,
          30.233562
        ]
      }
    },
    {
      "type": "Feature",
      "properties": {
        "green_view_index": 45.78514099121094
      },
      "geometry": {
        "type": "Point",
        "coordinates": [
          120.258893,
          30.329521
        ]
      }
    },
    {
      "type": "Feature",
      "properties": {
        "green_view_index": 5.08880615234375
      },
      "geometry": {
        "type": "Point",
        "coordinates": [
          120.259117,
          30.302427
        ]
      }
    },
    {
      "type": "Feature",
      "properties": {
        "green_view_index": 34.91630554199219
      },
      "geometry": {
        "type": "Point",
        "coordinates": [
          120.259532,
          30.251583
        ]
      }
    },
    {
      "type": "Feature",
      "properties": {
        "green_view_index": 7.84454345703125
      },
      "geometry": {
        "type": "Point",
        "coordinates": [
          120.259831,
          30.338679
        ]
      }
    },
    {
      "type": "Feature",
      "properties": {
        "green_view_index": 0.165557861328125
      },
      "geometry": {
        "type": "Point",
        "coordinates": [
          120.260197,
          30.361673
        ]
      }
    },
    {
      "type": "Feature",
      "properties": {
        "green_view_index": 8.99200439453125
      },
      "geometry": {
        "type": "Point",
        "coordinates": [
          120.260483,
          30.259953
        ]
      }
    },
    {
      "type": "Feature",
      "properties": {
        "green_view_index": 2.4326324462890625
      },
      "geometry": {
        "type": "Point",
        "coordinates": [
          120.260731,
          30.297665
        ]
      }
    },
    {
      "type": "Feature",
      "properties": {
        "green_view_index": 11.07635498046875
      },
      "geometry": {
        "type": "Point",
        "coordinates": [
          120.261073,
          30.38836
        ]
      }
    },
    {
      "type": "Feature",
      "properties": {
        "green_view_index": 10.578536987304688
      },
      "geometry": {
        "type": "Point",
        "coordinates": [
          120.261078,
          30.226159
        ]
      }
    },
    {
      "type": "Feature",
      "properties": {
        "green_view_index": 1.953887939453125
      },
      "geometry": {
        "type": "Point",
        "coordinates": [
          120.2611,
          30.306151
        ]
      }
    },
    {
      "type": "Feature",
      "properties": {
        "green_view_index": 21.696090698242188
      },
      "geometry": {
        "type": "Point",
        "coordinates": [
          120.261425,
          30.376476
        ]
      }
    },
    {
      "type": "Feature",
      "properties": {
        "green_view_index": 28.267288208007812
      },
      "geometry": {
        "type": "Point",
        "coordinates": [
          120.261485,
          30.352242
        ]
      }
    },
    {
      "type": "Feature",
      "properties": {
        "green_view_index": 9.70306396484375
      },
      "geometry": {
        "type": "Point",
        "coordinates": [
          120.261596,
          30.318368
        ]
      }
    },
    {
      "type": "Feature",
      "properties": {
        "green_view_index": 2.7740478515625
      },
      "geometry": {
        "type": "Point",
        "coordinates": [
          120.261669,
          30.316195
        ]
      }
    },
    {
      "type": "Feature",
      "properties": {
        "green_view_index": 3.16619873046875
      },
      "geometry": {
        "type": "Point",
        "coordinates": [
          120.261908,
          30.310267
        ]
      }
    },
    {
      "type": "Feature",
      "properties": {
        "green_view_index": 16.460800170898438
      },
      "geometry": {
        "type": "Point",
        "coordinates": [
          120.261945,
          30.401573
        ]
      }
    },
    {
      "type": "Feature",
      "properties": {
        "green_view_index": 4.09088134765625
      },
      "geometry": {
        "type": "Point",
        "coordinates": [
          120.262139,
          30.312874
        ]
      }
    },
    {
      "type": "Feature",
      "properties": {
        "green_view_index": 5.1586151123046875
      },
      "geometry": {
        "type": "Point",
        "coordinates": [
          120.262544,
          30.3919
        ]
      }
    },
    {
      "type": "Feature",
      "properties": {
        "green_view_index": 12.996673583984375
      },
      "geometry": {
        "type": "Point",
        "coordinates": [
          120.26261,
          30.364608
        ]
      }
    },
    {
      "type": "Feature",
      "properties": {
        "green_view_index": 9.9945068359375
      },
      "geometry": {
        "type": "Point",
        "coordinates": [
          120.262747,
          30.246122
        ]
      }
    },
    {
      "type": "Feature",
      "properties": {
        "green_view_index": 9.828948974609375
      },
      "geometry": {
        "type": "Point",
        "coordinates": [
          120.26323,
          30.230056
        ]
      }
    },
    {
      "type": "Feature",
      "properties": {
        "green_view_index": 10.4736328125
      },
      "geometry": {
        "type": "Point",
        "coordinates": [
          120.263397,
          30.34046
        ]
      }
    },
    {
      "type": "Feature",
      "properties": {
        "green_view_index": 19.019699096679688
      },
      "geometry": {
        "type": "Point",
        "coordinates": [
          120.263405,
          30.301444
        ]
      }
    },
    {
      "type": "Feature",
      "properties": {
        "green_view_index": 7.756805419921875
      },
      "geometry": {
        "type": "Point",
        "coordinates": [
          120.263815,
          30.239237
        ]
      }
    },
    {
      "type": "Feature",
      "properties": {
        "green_view_index": 20.152664184570312
      },
      "geometry": {
        "type": "Point",
        "coordinates": [
          120.263897,
          30.379364
        ]
      }
    },
    {
      "type": "Feature",
      "properties": {
        "green_view_index": 6.83746337890625
      },
      "geometry": {
        "type": "Point",
        "coordinates": [
          120.264195,
          30.226585
        ]
      }
    },
    {
      "type": "Feature",
      "properties": {
        "green_view_index": 6.6680908203125
      },
      "geometry": {
        "type": "Point",
        "coordinates": [
          120.264224,
          30.2563
        ]
      }
    },
    {
      "type": "Feature",
      "properties": {
        "green_view_index": 1.24053955078125
      },
      "geometry": {
        "type": "Point",
        "coordinates": [
          120.264402,
          30.333781
        ]
      }
    },
    {
      "type": "Feature",
      "properties": {
        "green_view_index": 1.00860595703125
      },
      "geometry": {
        "type": "Point",
        "coordinates": [
          120.264774,
          30.260775
        ]
      }
    },
    {
      "type": "Feature",
      "properties": {
        "green_view_index": 7.6313018798828125
      },
      "geometry": {
        "type": "Point",
        "coordinates": [
          120.264921,
          30.324572
        ]
      }
    },
    {
      "type": "Feature",
      "properties": {
        "green_view_index": 18.359375
      },
      "geometry": {
        "type": "Point",
        "coordinates": [
          120.265045,
          30.321638
        ]
      }
    },
    {
      "type": "Feature",
      "properties": {
        "green_view_index": 8.98284912109375
      },
      "geometry": {
        "type": "Point",
        "coordinates": [
          120.265066,
          30.397143
        ]
      }
    },
    {
      "type": "Feature",
      "properties": {
        "green_view_index": 6.7142486572265625
      },
      "geometry": {
        "type": "Point",
        "coordinates": [
          120.265526,
          30.35199
        ]
      }
    },
    {
      "type": "Feature",
      "properties": {
        "green_view_index": 26.863861083984375
      },
      "geometry": {
        "type": "Point",
        "coordinates": [
          120.265595,
          30.341909
        ]
      }
    },
    {
      "type": "Feature",
      "properties": {
        "green_view_index": 2.7904510498046875
      },
      "geometry": {
        "type": "Point",
        "coordinates": [
          120.265649,
          30.301214
        ]
      }
    },
    {
      "type": "Feature",
      "properties": {
        "green_view_index": 11.530303955078125
      },
      "geometry": {
        "type": "Point",
        "coordinates": [
          120.265785,
          30.382574
        ]
      }
    },
    {
      "type": "Feature",
      "properties": {
        "green_view_index": 1.667022705078125
      },
      "geometry": {
        "type": "Point",
        "coordinates": [
          120.266316,
          30.305333
        ]
      }
    },
    {
      "type": "Feature",
      "properties": {
        "green_view_index": 3.8059234619140625
      },
      "geometry": {
        "type": "Point",
        "coordinates": [
          120.266317,
          30.403731
        ]
      }
    },
    {
      "type": "Feature",
      "properties": {
        "green_view_index": 16.123580932617188
      },
      "geometry": {
        "type": "Point",
        "coordinates": [
          120.266451,
          30.312979
        ]
      }
    },
    {
      "type": "Feature",
      "properties": {
        "green_view_index": 15.571975708007812
      },
      "geometry": {
        "type": "Point",
        "coordinates": [
          120.266488,
          30.251124
        ]
      }
    },
    {
      "type": "Feature",
      "properties": {
        "green_view_index": 5.712127685546875
      },
      "geometry": {
        "type": "Point",
        "coordinates": [
          120.266646,
          30.335313
        ]
      }
    },
    {
      "type": "Feature",
      "properties": {
        "green_view_index": 0.824737548828125
      },
      "geometry": {
        "type": "Point",
        "coordinates": [
          120.266661,
          30.369392
        ]
      }
    },
    {
      "type": "Feature",
      "properties": {
        "green_view_index": 6.80389404296875
      },
      "geometry": {
        "type": "Point",
        "coordinates": [
          120.266899,
          30.246039
        ]
      }
    },
    {
      "type": "Feature",
      "properties": {
        "green_view_index": 9.2071533203125
      },
      "geometry": {
        "type": "Point",
        "coordinates": [
          120.2668,
          30.309413
        ]
      }
    },
    {
      "type": "Feature",
      "properties": {
        "green_view_index": 8.6151123046875
      },
      "geometry": {
        "type": "Point",
        "coordinates": [
          120.267178,
          30.294544
        ]
      }
    },
    {
      "type": "Feature",
      "properties": {
        "green_view_index": 19.052886962890625
      },
      "geometry": {
        "type": "Point",
        "coordinates": [
          120.267289,
          30.400168
        ]
      }
    },
    {
      "type": "Feature",
      "properties": {
        "green_view_index": 15.042877197265625
      },
      "geometry": {
        "type": "Point",
        "coordinates": [
          120.267545,
          30.38584
        ]
      }
    },
    {
      "type": "Feature",
      "properties": {
        "green_view_index": 4.962158203125
      },
      "geometry": {
        "type": "Point",
        "coordinates": [
          120.267599,
          30.316919
        ]
      }
    },
    {
      "type": "Feature",
      "properties": {
        "green_view_index": 49.74212646484375
      },
      "geometry": {
        "type": "Point",
        "coordinates": [
          120.267819,
          30.366005
        ]
      }
    },
    {
      "type": "Feature",
      "properties": {
        "green_view_index": 14.90325927734375
      },
      "geometry": {
        "type": "Point",
        "coordinates": [
          120.267839,
          30.254533
        ]
      }
    },
    {
      "type": "Feature",
      "properties": {
        "green_view_index": 10.28289794921875
      },
      "geometry": {
        "type": "Point",
        "coordinates": [
          120.267937,
          30.256708
        ]
      }
    },
    {
      "type": "Feature",
      "properties": {
        "green_view_index": 6.031036376953125
      },
      "geometry": {
        "type": "Point",
        "coordinates": [
          120.267967,
          30.239269
        ]
      }
    },
    {
      "type": "Feature",
      "properties": {
        "green_view_index": 1.42822265625
      },
      "geometry": {
        "type": "Point",
        "coordinates": [
          120.268009,
          30.332301
        ]
      }
    },
    {
      "type": "Feature",
      "properties": {
        "green_view_index": 10.0616455078125
      },
      "geometry": {
        "type": "Point",
        "coordinates": [
          120.268546,
          30.323684
        ]
      }
    },
    {
      "type": "Feature",
      "properties": {
        "green_view_index": 11.337661743164062
      },
      "geometry": {
        "type": "Point",
        "coordinates": [
          120.268637,
          30.344365
        ]
      }
    },
    {
      "type": "Feature",
      "properties": {
        "green_view_index": 1.83258056640625
      },
      "geometry": {
        "type": "Point",
        "coordinates": [
          120.26954,
          30.351274
        ]
      }
    },
    {
      "type": "Feature",
      "properties": {
        "green_view_index": 14.2059326171875
      },
      "geometry": {
        "type": "Point",
        "coordinates": [
          120.269595,
          30.405944
        ]
      }
    },
    {
      "type": "Feature",
      "properties": {
        "green_view_index": 10.120010375976562
      },
      "geometry": {
        "type": "Point",
        "coordinates": [
          120.269701,
          30.371841
        ]
      }
    },
    {
      "type": "Feature",
      "properties": {
        "green_view_index": 2.57415771484375
      },
      "geometry": {
        "type": "Point",
        "coordinates": [
          120.269726,
          30.361662
        ]
      }
    },
    {
      "type": "Feature",
      "properties": {
        "green_view_index": 20.494461059570312
      },
      "geometry": {
        "type": "Point",
        "coordinates": [
          120.269907,
          30.338116
        ]
      }
    },
    {
      "type": "Feature",
      "properties": {
        "green_view_index": 4.8015594482421875
      },
      "geometry": {
        "type": "Point",
        "coordinates": [
          120.26993,
          30.300781
        ]
      }
    },
    {
      "type": "Feature",
      "properties": {
        "green_view_index": 17.24853515625
      },
      "geometry": {
        "type": "Point",
        "coordinates": [
          120.270569,
          30.402352
        ]
      }
    },
    {
      "type": "Feature",
      "properties": {
        "green_view_index": 2.202606201171875
      },
      "geometry": {
        "type": "Point",
        "coordinates": [
          120.270599,
          30.304653
        ]
      }
    },
    {
      "type": "Feature",
      "properties": {
        "green_view_index": 10.95123291015625
      },
      "geometry": {
        "type": "Point",
        "coordinates": [
          120.270745,
          30.390183
        ]
      }
    },
    {
      "type": "Feature",
      "properties": {
        "green_view_index": 7.9753875732421875
      },
      "geometry": {
        "type": "Point",
        "coordinates": [
          120.27103,
          30.307212
        ]
      }
    },
    {
      "type": "Feature",
      "properties": {
        "green_view_index": 13.407135009765625
      },
      "geometry": {
        "type": "Point",
        "coordinates": [
          120.271057,
          30.322798
        ]
      }
    },
    {
      "type": "Feature",
      "properties": {
        "green_view_index": 5.0785064697265625
      },
      "geometry": {
        "type": "Point",
        "coordinates": [
          120.271278,
          30.295741
        ]
      }
    },
    {
      "type": "Feature",
      "properties": {
        "green_view_index": 24.642181396484375
      },
      "geometry": {
        "type": "Point",
        "coordinates": [
          120.271331,
          30.347102
        ]
      }
    },
    {
      "type": "Feature",
      "properties": {
        "green_view_index": 29.337310791015625
      },
      "geometry": {
        "type": "Point",
        "coordinates": [
          120.271372,
          30.226086
        ]
      }
    },
    {
      "type": "Feature",
      "properties": {
        "green_view_index": 4.404449462890625
      },
      "geometry": {
        "type": "Point",
        "coordinates": [
          120.271673,
          30.310699
        ]
      }
    },
    {
      "type": "Feature",
      "properties": {
        "green_view_index": 6.7890167236328125
      },
      "geometry": {
        "type": "Point",
        "coordinates": [
          120.271716,
          30.255214
        ]
      }
    },
    {
      "type": "Feature",
      "properties": {
        "green_view_index": 9.31854248046875
      },
      "geometry": {
        "type": "Point",
        "coordinates": [
          120.271795,
          30.406788
        ]
      }
    },
    {
      "type": "Feature",
      "properties": {
        "green_view_index": 5.3371429443359375
      },
      "geometry": {
        "type": "Point",
        "coordinates": [
          120.271915,
          30.312934
        ]
      }
    },
    {
      "type": "Feature",
      "properties": {
        "green_view_index": 4.0618896484375
      },
      "geometry": {
        "type": "Point",
        "coordinates": [
          120.272022,
          30.367015
        ]
      }
    },
    {
      "type": "Feature",
      "properties": {
        "green_view_index": 2.6386260986328125
      },
      "geometry": {
        "type": "Point",
        "coordinates": [
          120.272222,
          30.336491
        ]
      }
    },
    {
      "type": "Feature",
      "properties": {
        "green_view_index": 1.102447509765625
      },
      "geometry": {
        "type": "Point",
        "coordinates": [
          120.272407,
          30.317449
        ]
      }
    },
    {
      "type": "Feature",
      "properties": {
        "green_view_index": 27.73895263671875
      },
      "geometry": {
        "type": "Point",
        "coordinates": [
          120.272624,
          30.239291
        ]
      }
    },
    {
      "type": "Feature",
      "properties": {
        "green_view_index": 2.9521942138671875
      },
      "geometry": {
        "type": "Point",
        "coordinates": [
          120.272987,
          30.33157
        ]
      }
    },
    {
      "type": "Feature",
      "properties": {
        "green_view_index": 65.65742492675781
      },
      "geometry": {
        "type": "Point",
        "coordinates": [
          120.273159,
          30.252347
        ]
      }
    },
    {
      "type": "Feature",
      "properties": {
        "green_view_index": 4.5825958251953125
      },
      "geometry": {
        "type": "Point",
        "coordinates": [
          120.27322,
          30.393081
        ]
      }
    },
    {
      "type": "Feature",
      "properties": {
        "green_view_index": 11.205673217773438
      },
      "geometry": {
        "type": "Point",
        "coordinates": [
          120.273236,
          30.373728
        ]
      }
    },
    {
      "type": "Feature",
      "properties": {
        "green_view_index": 9.762954711914062
      },
      "geometry": {
        "type": "Point",
        "coordinates": [
          120.273494,
          30.350174
        ]
      }
    },
    {
      "type": "Feature",
      "properties": {
        "green_view_index": 31.296157836914062
      },
      "geometry": {
        "type": "Point",
        "coordinates": [
          120.273718,
          30.326601
        ]
      }
    },
    {
      "type": "Feature",
      "properties": {
        "green_view_index": 7.837677001953125
      },
      "geometry": {
        "type": "Point",
        "coordinates": [
          120.274264,
          30.300341
        ]
      }
    },
    {
      "type": "Feature",
      "properties": {
        "green_view_index": 5.9173583984375
      },
      "geometry": {
        "type": "Point",
        "coordinates": [
          120.274346,
          30.40386
        ]
      }
    },
    {
      "type": "Feature",
      "properties": {
        "green_view_index": 1.409912109375
      },
      "geometry": {
        "type": "Point",
        "coordinates": [
          120.274631,
          30.383741
        ]
      }
    },
    {
      "type": "Feature",
      "properties": {
        "green_view_index": 5.1239013671875
      },
      "geometry": {
        "type": "Point",
        "coordinates": [
          120.274635,
          30.296675
        ]
      }
    },
    {
      "type": "Feature",
      "properties": {
        "green_view_index": 2.5737762451171875
      },
      "geometry": {
        "type": "Point",
        "coordinates": [
          120.274784,
          30.303981
        ]
      }
    },
    {
      "type": "Feature",
      "properties": {
        "green_view_index": 5.91583251953125
      },
      "geometry": {
        "type": "Point",
        "coordinates": [
          120.275147,
          30.306573
        ]
      }
    },
    {
      "type": "Feature",
      "properties": {
        "green_view_index": 10.265350341796875
      },
      "geometry": {
        "type": "Point",
        "coordinates": [
          120.27516,
          30.353487
        ]
      }
    },
    {
      "type": "Feature",
      "properties": {
        "green_view_index": 5.8292388916015625
      },
      "geometry": {
        "type": "Point",
        "coordinates": [
          120.275465,
          30.225479
        ]
      }
    },
    {
      "type": "Feature",
      "properties": {
        "green_view_index": 6.4929962158203125
      },
      "geometry": {
        "type": "Point",
        "coordinates": [
          120.275467,
          30.253666
        ]
      }
    },
    {
      "type": "Feature",
      "properties": {
        "green_view_index": 5.4157257080078125
      },
      "geometry": {
        "type": "Point",
        "coordinates": [
          120.275534,
          30.371513
        ]
      }
    },
    {
      "type": "Feature",
      "properties": {
        "green_view_index": 11.16485595703125
      },
      "geometry": {
        "type": "Point",
        "coordinates": [
          120.275743,
          30.355581
        ]
      }
    },
    {
      "type": "Feature",
      "properties": {
        "green_view_index": 4.4708251953125
      },
      "geometry": {
        "type": "Point",
        "coordinates": [
          120.275775,
          30.311158
        ]
      }
    },
    {
      "type": "Feature",
      "properties": {
        "green_view_index": 11.827850341796875
      },
      "geometry": {
        "type": "Point",
        "coordinates": [
          120.276302,
          30.396377
        ]
      }
    },
    {
      "type": "Feature",
      "properties": {
        "green_view_index": 10.08148193359375
      },
      "geometry": {
        "type": "Point",
        "coordinates": [
          120.27644,
          30.22995
        ]
      }
    },
    {
      "type": "Feature",
      "properties": {
        "green_view_index": 4.2156219482421875
      },
      "geometry": {
        "type": "Point",
        "coordinates": [
          120.276651,
          30.317978
        ]
      }
    },
    {
      "type": "Feature",
      "properties": {
        "green_view_index": 26.035690307617188
      },
      "geometry": {
        "type": "Point",
        "coordinates": [
          120.276749,
          30.250622
        ]
      }
    },
    {
      "type": "Feature",
      "properties": {
        "green_view_index": 6.4403533935546875
      },
      "geometry": {
        "type": "Point",
        "coordinates": [
          120.276776,
          30.23929
        ]
      }
    },
    {
      "type": "Feature",
      "properties": {
        "green_view_index": 13.454055786132812
      },
      "geometry": {
        "type": "Point",
        "coordinates": [
          120.276858,
          30.408636
        ]
      }
    },
    {
      "type": "Feature",
      "properties": {
        "green_view_index": 10.338973999023438
      },
      "geometry": {
        "type": "Point",
        "coordinates": [
          120.276944,
          30.359138
        ]
      }
    },
    {
      "type": "Feature",
      "properties": {
        "green_view_index": 7.4695587158203125
      },
      "geometry": {
        "type": "Point",
        "coordinates": [
          120.277137,
          30.374958
        ]
      }
    },
    {
      "type": "Feature",
      "properties": {
        "green_view_index": 9.355926513671875
      },
      "geometry": {
        "type": "Point",
        "coordinates": [
          120.277295,
          30.233303
        ]
      }
    },
    {
      "type": "Feature",
      "properties": {
        "green_view_index": 3.3435821533203125
      },
      "geometry": {
        "type": "Point",
        "coordinates": [
          120.27745,
          30.338393
        ]
      }
    },
    {
      "type": "Feature",
      "properties": {
        "green_view_index": 5.472564697265625
      },
      "geometry": {
        "type": "Point",
        "coordinates": [
          120.277662,
          30.387595
        ]
      }
    },
    {
      "type": "Feature",
      "properties": {
        "green_view_index": 4.8587799072265625
      },
      "geometry": {
        "type": "Point",
        "coordinates": [
          120.277871,
          30.330014
        ]
      }
    },
    {
      "type": "Feature",
      "properties": {
        "green_view_index": 16.340255737304688
      },
      "geometry": {
        "type": "Point",
        "coordinates": [
          120.278204,
          30.321573
        ]
      }
    },
    {
      "type": "Feature",
      "properties": {
        "green_view_index": 2.5177001953125
      },
      "geometry": {
        "type": "Point",
        "coordinates": [
          120.278282,
          30.350268
        ]
      }
    },
    {
      "type": "Feature",
      "properties": {
        "green_view_index": 2.3571014404296875
      },
      "geometry": {
        "type": "Point",
        "coordinates": [
          120.278571,
          30.347001
        ]
      }
    },
    {
      "type": "Feature",
      "properties": {
        "green_view_index": 26.820755004882812
      },
      "geometry": {
        "type": "Point",
        "coordinates": [
          120.278678,
          30.297508
        ]
      }
    },
    {
      "type": "Feature",
      "properties": {
        "green_view_index": 11.557388305664062
      },
      "geometry": {
        "type": "Point",
        "coordinates": [
          120.279045,
          30.365477
        ]
      }
    },
    {
      "type": "Feature",
      "properties": {
        "green_view_index": 4.40521240234375
      },
      "geometry": {
        "type": "Point",
        "coordinates": [
          120.279143,
          30.303312
        ]
      }
    },
    {
      "type": "Feature",
      "properties": {
        "green_view_index": 7.7777862548828125
      },
      "geometry": {
        "type": "Point",
        "coordinates": [
          120.279162,
          30.252023
        ]
      }
    },
    {
      "type": "Feature",
      "properties": {
        "green_view_index": 5.9230804443359375
      },
      "geometry": {
        "type": "Point",
        "coordinates": [
          120.279284,
          30.242892
        ]
      }
    },
    {
      "type": "Feature",
      "properties": {
        "green_view_index": 4.73785400390625
      },
      "geometry": {
        "type": "Point",
        "coordinates": [
          120.279324,
          30.333442
        ]
      }
    },
    {
      "type": "Feature",
      "properties": {
        "green_view_index": 0.7419586181640625
      },
      "geometry": {
        "type": "Point",
        "coordinates": [
          120.279385,
          30.398785
        ]
      }
    },
    {
      "type": "Feature",
      "properties": {
        "green_view_index": 25.4608154296875
      },
      "geometry": {
        "type": "Point",
        "coordinates": [
          120.279638,
          30.259032
        ]
      }
    },
    {
      "type": "Feature",
      "properties": {
        "green_view_index": 3.269195556640625
      },
      "geometry": {
        "type": "Point",
        "coordinates": [
          120.279776,
          30.245653
        ]
      }
    },
    {
      "type": "Feature",
      "properties": {
        "green_view_index": 6.03485107421875
      },
      "geometry": {
        "type": "Point",
        "coordinates": [
          120.279867,
          30.308131
        ]
      }
    },
    {
      "type": "Feature",
      "properties": {
        "green_view_index": 3.458404541015625
      },
      "geometry": {
        "type": "Point",
        "coordinates": [
          120.280005,
          30.310691
        ]
      }
    },
    {
      "type": "Feature",
      "properties": {
        "green_view_index": 1.287078857421875
      },
      "geometry": {
        "type": "Point",
        "coordinates": [
          120.280092,
          30.312727
        ]
      }
    },
    {
      "type": "Feature",
      "properties": {
        "green_view_index": 33.050537109375
      },
      "geometry": {
        "type": "Point",
        "coordinates": [
          120.280562,
          30.229184
        ]
      }
    },
    {
      "type": "Feature",
      "properties": {
        "green_view_index": 2.0877838134765625
      },
      "geometry": {
        "type": "Point",
        "coordinates": [
          120.280676,
          30.346817
        ]
      }
    },
    {
      "type": "Feature",
      "properties": {
        "green_view_index": 14.6392822265625
      },
      "geometry": {
        "type": "Point",
        "coordinates": [
          120.280811,
          30.369357
        ]
      }
    },
    {
      "type": "Feature",
      "properties": {
        "green_view_index": 8.664321899414062
      },
      "geometry": {
        "type": "Point",
        "coordinates": [
          120.280845,
          30.40997
        ]
      }
    },
    {
      "type": "Feature",
      "properties": {
        "green_view_index": 34.87739562988281
      },
      "geometry": {
        "type": "Point",
        "coordinates": [
          120.28092,
          30.254427
        ]
      }
    },
    {
      "type": "Feature",
      "properties": {
        "green_view_index": 4.4055938720703125
      },
      "geometry": {
        "type": "Point",
        "coordinates": [
          120.281013,
          30.350174
        ]
      }
    },
    {
      "type": "Feature",
      "properties": {
        "green_view_index": 10.741043090820312
      },
      "geometry": {
        "type": "Point",
        "coordinates": [
          120.281281,
          30.232293
        ]
      }
    },
    {
      "type": "Feature",
      "properties": {
        "green_view_index": 2.825164794921875
      },
      "geometry": {
        "type": "Point",
        "coordinates": [
          120.281389,
          30.375374
        ]
      }
    },
    {
      "type": "Feature",
      "properties": {
        "green_view_index": 3.420257568359375
      },
      "geometry": {
        "type": "Point",
        "coordinates": [
          120.281406,
          30.352619
        ]
      }
    },
    {
      "type": "Feature",
      "properties": {
        "green_view_index": 5.474853515625
      },
      "geometry": {
        "type": "Point",
        "coordinates": [
          120.281518,
          30.336534
        ]
      }
    },
    {
      "type": "Feature",
      "properties": {
        "green_view_index": 4.3247222900390625
      },
      "geometry": {
        "type": "Point",
        "coordinates": [
          120.281839,
          30.354917
        ]
      }
    },
    {
      "type": "Feature",
      "properties": {
        "green_view_index": 8.020782470703125
      },
      "geometry": {
        "type": "Point",
        "coordinates": [
          120.282036,
          30.224487
        ]
      }
    },
    {
      "type": "Feature",
      "properties": {
        "green_view_index": 10.911941528320312
      },
      "geometry": {
        "type": "Point",
        "coordinates": [
          120.28241,
          30.250814
        ]
      }
    },
    {
      "type": "Feature",
      "properties": {
        "green_view_index": 9.969711303710938
      },
      "geometry": {
        "type": "Point",
        "coordinates": [
          120.282722,
          30.329359
        ]
      }
    },
    {
      "type": "Feature",
      "properties": {
        "green_view_index": 4.1034698486328125
      },
      "geometry": {
        "type": "Point",
        "coordinates": [
          120.282778,
          30.239052
        ]
      }
    },
    {
      "type": "Feature",
      "properties": {
        "green_view_index": 5.21697998046875
      },
      "geometry": {
        "type": "Point",
        "coordinates": [
          120.282834,
          30.400964
        ]
      }
    },
    {
      "type": "Feature",
      "properties": {
        "green_view_index": 8.47015380859375
      },
      "geometry": {
        "type": "Point",
        "coordinates": [
          120.282944,
          30.372447
        ]
      }
    },
    {
      "type": "Feature",
      "properties": {
        "green_view_index": 2.5066375732421875
      },
      "geometry": {
        "type": "Point",
        "coordinates": [
          120.282995,
          30.315341
        ]
      }
    },
    {
      "type": "Feature",
      "properties": {
        "green_view_index": 1.7425537109375
      },
      "geometry": {
        "type": "Point",
        "coordinates": [
          120.282995,
          30.341569
        ]
      }
    },
    {
      "type": "Feature",
      "properties": {
        "green_view_index": 1.4125823974609375
      },
      "geometry": {
        "type": "Point",
        "coordinates": [
          120.283244,
          30.318831
        ]
      }
    },
    {
      "type": "Feature",
      "properties": {
        "green_view_index": 4.3338775634765625
      },
      "geometry": {
        "type": "Point",
        "coordinates": [
          120.283735,
          30.406267
        ]
      }
    },
    {
      "type": "Feature",
      "properties": {
        "green_view_index": 1.081085205078125
      },
      "geometry": {
        "type": "Point",
        "coordinates": [
          120.283777,
          30.363925
        ]
      }
    },
    {
      "type": "Feature",
      "properties": {
        "green_view_index": 6.4525604248046875
      },
      "geometry": {
        "type": "Point",
        "coordinates": [
          120.283868,
          30.358117
        ]
      }
    },
    {
      "type": "Feature",
      "properties": {
        "green_view_index": 0.092315673828125
      },
      "geometry": {
        "type": "Point",
        "coordinates": [
          120.283914,
          30.33221
        ]
      }
    },
    {
      "type": "Feature",
      "properties": {
        "green_view_index": 5.11016845703125
      },
      "geometry": {
        "type": "Point",
        "coordinates": [
          120.284051,
          30.394794
        ]
      }
    },
    {
      "type": "Feature",
      "properties": {
        "green_view_index": 1.4926910400390625
      },
      "geometry": {
        "type": "Point",
        "coordinates": [
          120.284518,
          30.298899
        ]
      }
    },
    {
      "type": "Feature",
      "properties": {
        "green_view_index": 4.7542572021484375
      },
      "geometry": {
        "type": "Point",
        "coordinates": [
          120.284602,
          30.346687
        ]
      }
    },
    {
      "type": "Feature",
      "properties": {
        "green_view_index": 6.2412261962890625
      },
      "geometry": {
        "type": "Point",
        "coordinates": [
          120.284627,
          30.302466
        ]
      }
    },
    {
      "type": "Feature",
      "properties": {
        "green_view_index": 1.970672607421875
      },
      "geometry": {
        "type": "Point",
        "coordinates": [
          120.284755,
          30.295007
        ]
      }
    },
    {
      "type": "Feature",
      "properties": {
        "green_view_index": 0.51727294921875
      },
      "geometry": {
        "type": "Point",
        "coordinates": [
          120.284847,
          30.291402
        ]
      }
    },
    {
      "type": "Feature",
      "properties": {
        "green_view_index": 0.20904541015625
      },
      "geometry": {
        "type": "Point",
        "coordinates": [
          120.284916,
          30.287797
        ]
      }
    },
    {
      "type": "Feature",
      "properties": {
        "green_view_index": 0.13275146484375
      },
      "geometry": {
        "type": "Point",
        "coordinates": [
          120.285072,
          30.285475
        ]
      }
    },
    {
      "type": "Feature",
      "properties": {
        "green_view_index": 3.7937164306640625
      },
      "geometry": {
        "type": "Point",
        "coordinates": [
          120.28507,
          30.275214
        ]
      }
    },
    {
      "type": "Feature",
      "properties": {
        "green_view_index": 0.527191162109375
      },
      "geometry": {
        "type": "Point",
        "coordinates": [
          120.285131,
          30.28187
        ]
      }
    },
    {
      "type": "Feature",
      "properties": {
        "green_view_index": 12.1429443359375
      },
      "geometry": {
        "type": "Point",
        "coordinates": [
          120.285147,
          30.271609
        ]
      }
    },
    {
      "type": "Feature",
      "properties": {
        "green_view_index": 8.803176879882812
      },
      "geometry": {
        "type": "Point",
        "coordinates": [
          120.285231,
          30.268005
        ]
      }
    },
    {
      "type": "Feature",
      "properties": {
        "green_view_index": 25.706863403320312
      },
      "geometry": {
        "type": "Point",
        "coordinates": [
          120.28529,
          30.413691
        ]
      }
    },
    {
      "type": "Feature",
      "properties": {
        "green_view_index": 11.551284790039062
      },
      "geometry": {
        "type": "Point",
        "coordinates": [
          120.285301,
          30.2644
        ]
      }
    },
    {
      "type": "Feature",
      "properties": {
        "green_view_index": 2.4135589599609375
      },
      "geometry": {
        "type": "Point",
        "coordinates": [
          120.285396,
          30.253973
        ]
      }
    },
    {
      "type": "Feature",
      "properties": {
        "green_view_index": 6.1614990234375
      },
      "geometry": {
        "type": "Point",
        "coordinates": [
          120.285455,
          30.307606
        ]
      }
    },
    {
      "type": "Feature",
      "properties": {
        "green_view_index": 6.0688018798828125
      },
      "geometry": {
        "type": "Point",
        "coordinates": [
          120.285614,
          30.350476
        ]
      }
    },
    {
      "type": "Feature",
      "properties": {
        "green_view_index": 5.237579345703125
      },
      "geometry": {
        "type": "Point",
        "coordinates": [
          120.285722,
          30.258894
        ]
      }
    },
    {
      "type": "Feature",
      "properties": {
        "green_view_index": 19.280624389648438
      },
      "geometry": {
        "type": "Point",
        "coordinates": [
          120.285746,
          30.375329
        ]
      }
    },
    {
      "type": "Feature",
      "properties": {
        "green_view_index": 2.603912353515625
      },
      "geometry": {
        "type": "Point",
        "coordinates": [
          120.285931,
          30.248908
        ]
      }
    },
    {
      "type": "Feature",
      "properties": {
        "green_view_index": 5.709075927734375
      },
      "geometry": {
        "type": "Point",
        "coordinates": [
          120.286126,
          30.223868
        ]
      }
    },
    {
      "type": "Feature",
      "properties": {
        "green_view_index": 9.403610229492188
      },
      "geometry": {
        "type": "Point",
        "coordinates": [
          120.286329,
          30.382475
        ]
      }
    },
    {
      "type": "Feature",
      "properties": {
        "green_view_index": 5.1990509033203125
      },
      "geometry": {
        "type": "Point",
        "coordinates": [
          120.28646,
          30.387137
        ]
      }
    },
    {
      "type": "Feature",
      "properties": {
        "green_view_index": 2.8438568115234375
      },
      "geometry": {
        "type": "Point",
        "coordinates": [
          120.286619,
          30.243805
        ]
      }
    },
    {
      "type": "Feature",
      "properties": {
        "green_view_index": 1.2577056884765625
      },
      "geometry": {
        "type": "Point",
        "coordinates": [
          120.28671,
          30.312732
        ]
      }
    },
    {
      "type": "Feature",
      "properties": {
        "green_view_index": 7.1380615234375
      },
      "geometry": {
        "type": "Point",
        "coordinates": [
          120.286795,
          30.231031
        ]
      }
    },
    {
      "type": "Feature",
      "properties": {
        "green_view_index": 1.37481689453125
      },
      "geometry": {
        "type": "Point",
        "coordinates": [
          120.286855,
          30.22807
        ]
      }
    },
    {
      "type": "Feature",
      "properties": {
        "green_view_index": 9.515380859375
      },
      "geometry": {
        "type": "Point",
        "coordinates": [
          120.286915,
          30.235003
        ]
      }
    },
    {
      "type": "Feature",
      "properties": {
        "green_view_index": 12.049102783203125
      },
      "geometry": {
        "type": "Point",
        "coordinates": [
          120.287143,
          30.403711
        ]
      }
    },
    {
      "type": "Feature",
      "properties": {
        "green_view_index": 5.94482421875
      },
      "geometry": {
        "type": "Point",
        "coordinates": [
          120.287161,
          30.334614
        ]
      }
    },
    {
      "type": "Feature",
      "properties": {
        "green_view_index": 3.0719757080078125
      },
      "geometry": {
        "type": "Point",
        "coordinates": [
          120.287223,
          30.238709
        ]
      }
    },
    {
      "type": "Feature",
      "properties": {
        "green_view_index": 6.969451904296875
      },
      "geometry": {
        "type": "Point",
        "coordinates": [
          120.287697,
          30.362724
        ]
      }
    },
    {
      "type": "Feature",
      "properties": {
        "green_view_index": 4.343414306640625
      },
      "geometry": {
        "type": "Point",
        "coordinates": [
          120.287974,
          30.399787
        ]
      }
    },
    {
      "type": "Feature",
      "properties": {
        "green_view_index": 15.4632568359375
      },
      "geometry": {
        "type": "Point",
        "coordinates": [
          120.288115,
          30.358405
        ]
      }
    },
    {
      "type": "Feature",
      "properties": {
        "green_view_index": 9.614181518554688
      },
      "geometry": {
        "type": "Point",
        "coordinates": [
          120.288197,
          30.408545
        ]
      }
    },
    {
      "type": "Feature",
      "properties": {
        "green_view_index": 14.614486694335938
      },
      "geometry": {
        "type": "Point",
        "coordinates": [
          120.288549,
          30.319553
        ]
      }
    },
    {
      "type": "Feature",
      "properties": {
        "green_view_index": 8.307266235351562
      },
      "geometry": {
        "type": "Point",
        "coordinates": [
          120.288573,
          30.327998
        ]
      }
    },
    {
      "type": "Feature",
      "properties": {
        "green_view_index": 34.894561767578125
      },
      "geometry": {
        "type": "Point",
        "coordinates": [
          120.288616,
          30.415855
        ]
      }
    },
    {
      "type": "Feature",
      "properties": {
        "green_view_index": 9.586715698242188
      },
      "geometry": {
        "type": "Point",
        "coordinates": [
          120.288672,
          30.395892
        ]
      }
    },
    {
      "type": "Feature",
      "properties": {
        "green_view_index": 5.646514892578125
      },
      "geometry": {
        "type": "Point",
        "coordinates": [
          120.288813,
          30.3832
        ]
      }
    },
    {
      "type": "Feature",
      "properties": {
        "green_view_index": 0.860595703125
      },
      "geometry": {
        "type": "Point",
        "coordinates": [
          120.289391,
          30.246547
        ]
      }
    },
    {
      "type": "Feature",
      "properties": {
        "green_view_index": 11.092758178710938
      },
      "geometry": {
        "type": "Point",
        "coordinates": [
          120.289691,
          30.378155
        ]
      }
    },
    {
      "type": "Feature",
      "properties": {
        "green_view_index": 19.760513305664062
      },
      "geometry": {
        "type": "Point",
        "coordinates": [
          120.289861,
          30.404925
        ]
      }
    },
    {
      "type": "Feature",
      "properties": {
        "green_view_index": 1.0593414306640625
      },
      "geometry": {
        "type": "Point",
        "coordinates": [
          120.290179,
          30.351387
        ]
      }
    },
    {
      "type": "Feature",
      "properties": {
        "green_view_index": 7.4375152587890625
      },
      "geometry": {
        "type": "Point",
        "coordinates": [
          120.29034,
          30.298879
        ]
      }
    },
    {
      "type": "Feature",
      "properties": {
        "green_view_index": 2.545166015625
      },
      "geometry": {
        "type": "Point",
        "coordinates": [
          120.290364,
          30.301486
        ]
      }
    },
    {
      "type": "Feature",
      "properties": {
        "green_view_index": 1.963043212890625
      },
      "geometry": {
        "type": "Point",
        "coordinates": [
          120.290417,
          30.367171
        ]
      }
    },
    {
      "type": "Feature",
      "properties": {
        "green_view_index": 19.37408447265625
      },
      "geometry": {
        "type": "Point",
        "coordinates": [
          120.290491,
          30.409772
        ]
      }
    },
    {
      "type": "Feature",
      "properties": {
        "green_view_index": 2.77099609375
      },
      "geometry": {
        "type": "Point",
        "coordinates": [
          120.2904,
          30.34905
        ]
      }
    },
    {
      "type": "Feature",
      "properties": {
        "green_view_index": 4.28924560546875
      },
      "geometry": {
        "type": "Point",
        "coordinates": [
          120.290707,
          30.3075
        ]
      }
    },
    {
      "type": "Feature",
      "properties": {
        "green_view_index": 22.068023681640625
      },
      "geometry": {
        "type": "Point",
        "coordinates": [
          120.290749,
          30.266246
        ]
      }
    },
    {
      "type": "Feature",
      "properties": {
        "green_view_index": 4.2705535888671875
      },
      "geometry": {
        "type": "Point",
        "coordinates": [
          120.290976,
          30.228438
        ]
      }
    },
    {
      "type": "Feature",
      "properties": {
        "green_view_index": 3.1036376953125
      },
      "geometry": {
        "type": "Point",
        "coordinates": [
          120.290995,
          30.312804
        ]
      }
    },
    {
      "type": "Feature",
      "properties": {
        "green_view_index": 16.632080078125
      },
      "geometry": {
        "type": "Point",
        "coordinates": [
          120.291252,
          30.223038
        ]
      }
    },
    {
      "type": "Feature",
      "properties": {
        "green_view_index": 17.449188232421875
      },
      "geometry": {
        "type": "Point",
        "coordinates": [
          120.291279,
          30.262678
        ]
      }
    },
    {
      "type": "Feature",
      "properties": {
        "green_view_index": 25.34637451171875
      },
      "geometry": {
        "type": "Point",
        "coordinates": [
          120.291389,
          30.339449
        ]
      }
    },
    {
      "type": "Feature",
      "properties": {
        "green_view_index": 6.41632080078125
      },
      "geometry": {
        "type": "Point",
        "coordinates": [
          120.291469,
          30.370658
        ]
      }
    },
    {
      "type": "Feature",
      "properties": {
        "green_view_index": 3.8311004638671875
      },
      "geometry": {
        "type": "Point",
        "coordinates": [
          120.291621,
          30.237938
        ]
      }
    },
    {
      "type": "Feature",
      "properties": {
        "green_view_index": 16.95556640625
      },
      "geometry": {
        "type": "Point",
        "coordinates": [
          120.29163,
          30.259086
        ]
      }
    },
    {
      "type": "Feature",
      "properties": {
        "green_view_index": 4.03900146484375
      },
      "geometry": {
        "type": "Point",
        "coordinates": [
          120.291883,
          30.389854
        ]
      }
    },
    {
      "type": "Feature",
      "properties": {
        "green_view_index": 35.89019775390625
      },
      "geometry": {
        "type": "Point",
        "coordinates": [
          120.292121,
          30.417764
        ]
      }
    },
    {
      "type": "Feature",
      "properties": {
        "green_view_index": 7.4909210205078125
      },
      "geometry": {
        "type": "Point",
        "coordinates": [
          120.292222,
          30.253641
        ]
      }
    },
    {
      "type": "Feature",
      "properties": {
        "green_view_index": 7.5897216796875
      },
      "geometry": {
        "type": "Point",
        "coordinates": [
          120.292881,
          30.244593
        ]
      }
    },
    {
      "type": "Feature",
      "properties": {
        "green_view_index": 0.98724365234375
      },
      "geometry": {
        "type": "Point",
        "coordinates": [
          120.292899,
          30.319972
        ]
      }
    },
    {
      "type": "Feature",
      "properties": {
        "green_view_index": 7.7251434326171875
      },
      "geometry": {
        "type": "Point",
        "coordinates": [
          120.29305,
          30.38028
        ]
      }
    },
    {
      "type": "Feature",
      "properties": {
        "green_view_index": 8.016586303710938
      },
      "geometry": {
        "type": "Point",
        "coordinates": [
          120.293201,
          30.396773
        ]
      }
    },
    {
      "type": "Feature",
      "properties": {
        "green_view_index": 6.82830810546875
      },
      "geometry": {
        "type": "Point",
        "coordinates": [
          120.293525,
          30.373956
        ]
      }
    },
    {
      "type": "Feature",
      "properties": {
        "green_view_index": 2.63671875
      },
      "geometry": {
        "type": "Point",
        "coordinates": [
          120.293641,
          30.313035
        ]
      }
    },
    {
      "type": "Feature",
      "properties": {
        "green_view_index": 32.39898681640625
      },
      "geometry": {
        "type": "Point",
        "coordinates": [
          120.293648,
          30.267549
        ]
      }
    },
    {
      "type": "Feature",
      "properties": {
        "green_view_index": 2.87322998046875
      },
      "geometry": {
        "type": "Point",
        "coordinates": [
          120.293662,
          30.385782
        ]
      }
    },
    {
      "type": "Feature",
      "properties": {
        "green_view_index": 20.928573608398438
      },
      "geometry": {
        "type": "Point",
        "coordinates": [
          120.293945,
          30.349516
        ]
      }
    },
    {
      "type": "Feature",
      "properties": {
        "green_view_index": 7.1258544921875
      },
      "geometry": {
        "type": "Point",
        "coordinates": [
          120.2939,
          30.40184
        ]
      }
    },
    {
      "type": "Feature",
      "properties": {
        "green_view_index": 32.883453369140625
      },
      "geometry": {
        "type": "Point",
        "coordinates": [
          120.294092,
          30.411577
        ]
      }
    },
    {
      "type": "Feature",
      "properties": {
        "green_view_index": 44.754791259765625
      },
      "geometry": {
        "type": "Point",
        "coordinates": [
          120.29415,
          30.271537
        ]
      }
    },
    {
      "type": "Feature",
      "properties": {
        "green_view_index": 6.8904876708984375
      },
      "geometry": {
        "type": "Point",
        "coordinates": [
          120.294235,
          30.406878
        ]
      }
    },
    {
      "type": "Feature",
      "properties": {
        "green_view_index": 3.277587890625
      },
      "geometry": {
        "type": "Point",
        "coordinates": [
          120.294276,
          30.297727
        ]
      }
    },
    {
      "type": "Feature",
      "properties": {
        "green_view_index": 6.805419921875
      },
      "geometry": {
        "type": "Point",
        "coordinates": [
          120.294291,
          30.232297
        ]
      }
    },
    {
      "type": "Feature",
      "properties": {
        "green_view_index": 4.43572998046875
      },
      "geometry": {
        "type": "Point",
        "coordinates": [
          120.294308,
          30.36996
        ]
      }
    },
    {
      "type": "Feature",
      "properties": {
        "green_view_index": 39.565277099609375
      },
      "geometry": {
        "type": "Point",
        "coordinates": [
          120.295081,
          30.24441
        ]
      }
    },
    {
      "type": "Feature",
      "properties": {
        "green_view_index": 28.129959106445312
      },
      "geometry": {
        "type": "Point",
        "coordinates": [
          120.295342,
          30.222425
        ]
      }
    },
    {
      "type": "Feature",
      "properties": {
        "green_view_index": 1.11083984375
      },
      "geometry": {
        "type": "Point",
        "coordinates": [
          120.295807,
          30.361771
        ]
      }
    },
    {
      "type": "Feature",
      "properties": {
        "green_view_index": 36.269378662109375
      },
      "geometry": {
        "type": "Point",
        "coordinates": [
          120.295865,
          30.267171
        ]
      }
    },
    {
      "type": "Feature",
      "properties": {
        "green_view_index": 4.8370361328125
      },
      "geometry": {
        "type": "Point",
        "coordinates": [
          120.295931,
          30.379515
        ]
      }
    },
    {
      "type": "Feature",
      "properties": {
        "green_view_index": 2.761077880859375
      },
      "geometry": {
        "type": "Point",
        "coordinates": [
          120.296335,
          30.373307
        ]
      }
    },
    {
      "type": "Feature",
      "properties": {
        "green_view_index": 4.65545654296875
      },
      "geometry": {
        "type": "Point",
        "coordinates": [
          120.296414,
          30.382399
        ]
      }
    },
    {
      "type": "Feature",
      "properties": {
        "green_view_index": 5.7025909423828125
      },
      "geometry": {
        "type": "Point",
        "coordinates": [
          120.296431,
          30.407724
        ]
      }
    },
    {
      "type": "Feature",
      "properties": {
        "green_view_index": 6.3129425048828125
      },
      "geometry": {
        "type": "Point",
        "coordinates": [
          120.29644,
          30.386546
        ]
      }
    },
    {
      "type": "Feature",
      "properties": {
        "green_view_index": 7.0621490478515625
      },
      "geometry": {
        "type": "Point",
        "coordinates": [
          120.296541,
          30.388645
        ]
      }
    },
    {
      "type": "Feature",
      "properties": {
        "green_view_index": 1.77764892578125
      },
      "geometry": {
        "type": "Point",
        "coordinates": [
          120.296821,
          30.30126
        ]
      }
    },
    {
      "type": "Feature",
      "properties": {
        "green_view_index": 12.535858154296875
      },
      "geometry": {
        "type": "Point",
        "coordinates": [
          120.297269,
          30.393847
        ]
      }
    },
    {
      "type": "Feature",
      "properties": {
        "green_view_index": 2.8430938720703125
      },
      "geometry": {
        "type": "Point",
        "coordinates": [
          120.297352,
          30.307305
        ]
      }
    },
    {
      "type": "Feature",
      "properties": {
        "green_view_index": 5.2276611328125
      },
      "geometry": {
        "type": "Point",
        "coordinates": [
          120.297366,
          30.237158
        ]
      }
    },
    {
      "type": "Feature",
      "properties": {
        "green_view_index": 21.422958374023438
      },
      "geometry": {
        "type": "Point",
        "coordinates": [
          120.29737,
          30.261424
        ]
      }
    },
    {
      "type": "Feature",
      "properties": {
        "green_view_index": 25.593185424804688
      },
      "geometry": {
        "type": "Point",
        "coordinates": [
          120.297537,
          30.35488
        ]
      }
    },
    {
      "type": "Feature",
      "properties": {
        "green_view_index": 22.489166259765625
      },
      "geometry": {
        "type": "Point",
        "coordinates": [
          120.297646,
          30.364637
        ]
      }
    },
    {
      "type": "Feature",
      "properties": {
        "green_view_index": 3.070831298828125
      },
      "geometry": {
        "type": "Point",
        "coordinates": [
          120.297736,
          30.413315
        ]
      }
    },
    {
      "type": "Feature",
      "properties": {
        "green_view_index": 4.0435791015625
      },
      "geometry": {
        "type": "Point",
        "coordinates": [
          120.297761,
          30.239371
        ]
      }
    },
    {
      "type": "Feature",
      "properties": {
        "green_view_index": 2.45513916015625
      },
      "geometry": {
        "type": "Point",
        "coordinates": [
          120.297796,
          30.313067
        ]
      }
    },
    {
      "type": "Feature",
      "properties": {
        "green_view_index": 5.278778076171875
      },
      "geometry": {
        "type": "Point",
        "coordinates": [
          120.297886,
          30.397411
        ]
      }
    },
    {
      "type": "Feature",
      "properties": {
        "green_view_index": 0.7843017578125
      },
      "geometry": {
        "type": "Point",
        "coordinates": [
          120.29811,
          30.296352
        ]
      }
    },
    {
      "type": "Feature",
      "properties": {
        "green_view_index": 7.01751708984375
      },
      "geometry": {
        "type": "Point",
        "coordinates": [
          120.298219,
          30.316518
        ]
      }
    },
    {
      "type": "Feature",
      "properties": {
        "green_view_index": 1.04522705078125
      },
      "geometry": {
        "type": "Point",
        "coordinates": [
          120.298285,
          30.320785
        ]
      }
    },
    {
      "type": "Feature",
      "properties": {
        "green_view_index": 11.812210083007812
      },
      "geometry": {
        "type": "Point",
        "coordinates": [
          120.298431,
          30.242169
        ]
      }
    },
    {
      "type": "Feature",
      "properties": {
        "green_view_index": 25.963211059570312
      },
      "geometry": {
        "type": "Point",
        "coordinates": [
          120.298432,
          30.372809
        ]
      }
    },
    {
      "type": "Feature",
      "properties": {
        "green_view_index": 18.819808959960938
      },
      "geometry": {
        "type": "Point",
        "coordinates": [
          120.298506,
          30.248906
        ]
      }
    },
    {
      "type": "Feature",
      "properties": {
        "green_view_index": 26.171875
      },
      "geometry": {
        "type": "Point",
        "coordinates": [
          120.298669,
          30.272711
        ]
      }
    },
    {
      "type": "Feature",
      "properties": {
        "green_view_index": 19.111251831054688
      },
      "geometry": {
        "type": "Point",
        "coordinates": [
          120.298729,
          30.330658
        ]
      }
    },
    {
      "type": "Feature",
      "properties": {
        "green_view_index": 18.137741088867188
      },
      "geometry": {
        "type": "Point",
        "coordinates": [
          120.298736,
          30.337868
        ]
      }
    },
    {
      "type": "Feature",
      "properties": {
        "green_view_index": 6.4105987548828125
      },
      "geometry": {
        "type": "Point",
        "coordinates": [
          120.298738,
          30.327053
        ]
      }
    },
    {
      "type": "Feature",
      "properties": {
        "green_view_index": 4.843902587890625
      },
      "geometry": {
        "type": "Point",
        "coordinates": [
          120.298764,
          30.334263
        ]
      }
    },
    {
      "type": "Feature",
      "properties": {
        "green_view_index": 14.788055419921875
      },
      "geometry": {
        "type": "Point",
        "coordinates": [
          120.299282,
          30.22392
        ]
      }
    },
    {
      "type": "Feature",
      "properties": {
        "green_view_index": 7.491302490234375
      },
      "geometry": {
        "type": "Point",
        "coordinates": [
          120.299294,
          30.40358
        ]
      }
    },
    {
      "type": "Feature",
      "properties": {
        "green_view_index": 7.3810577392578125
      },
      "geometry": {
        "type": "Point",
        "coordinates": [
          120.299433,
          30.221814
        ]
      }
    },
    {
      "type": "Feature",
      "properties": {
        "green_view_index": 3.839111328125
      },
      "geometry": {
        "type": "Point",
        "coordinates": [
          120.299468,
          30.409063
        ]
      }
    },
    {
      "type": "Feature",
      "properties": {
        "green_view_index": 30.767059326171875
      },
      "geometry": {
        "type": "Point",
        "coordinates": [
          120.299936,
          30.384474
        ]
      }
    },
    {
      "type": "Feature",
      "properties": {
        "green_view_index": 9.071731567382812
      },
      "geometry": {
        "type": "Point",
        "coordinates": [
          120.299943,
          30.368781
        ]
      }
    },
    {
      "type": "Feature",
      "properties": {
        "green_view_index": 4.721832275390625
      },
      "geometry": {
        "type": "Point",
        "coordinates": [
          120.300095,
          30.225948
        ]
      }
    },
    {
      "type": "Feature",
      "properties": {
        "green_view_index": 26.08795166015625
      },
      "geometry": {
        "type": "Point",
        "coordinates": [
          120.300211,
          30.357636
        ]
      }
    },
    {
      "type": "Feature",
      "properties": {
        "green_view_index": 2.0961761474609375
      },
      "geometry": {
        "type": "Point",
        "coordinates": [
          120.300713,
          30.372667
        ]
      }
    },
    {
      "type": "Feature",
      "properties": {
        "green_view_index": 4.7824859619140625
      },
      "geometry": {
        "type": "Point",
        "coordinates": [
          120.300926,
          30.245976
        ]
      }
    },
    {
      "type": "Feature",
      "properties": {
        "green_view_index": 10.421371459960938
      },
      "geometry": {
        "type": "Point",
        "coordinates": [
          120.30106,
          30.316679
        ]
      }
    },
    {
      "type": "Feature",
      "properties": {
        "green_view_index": 30.72357177734375
      },
      "geometry": {
        "type": "Point",
        "coordinates": [
          120.301345,
          30.229087
        ]
      }
    },
    {
      "type": "Feature",
      "properties": {
        "green_view_index": 6.894683837890625
      },
      "geometry": {
        "type": "Point",
        "coordinates": [
          120.301347,
          30.23581
        ]
      }
    },
    {
      "type": "Feature",
      "properties": {
        "green_view_index": 5.53131103515625
      },
      "geometry": {
        "type": "Point",
        "coordinates": [
          120.301825,
          30.294738
        ]
      }
    },
    {
      "type": "Feature",
      "properties": {
        "green_view_index": 29.662322998046875
      },
      "geometry": {
        "type": "Point",
        "coordinates": [
          120.302034,
          30.267105
        ]
      }
    },
    {
      "type": "Feature",
      "properties": {
        "green_view_index": 4.71649169921875
      },
      "geometry": {
        "type": "Point",
        "coordinates": [
          120.302324,
          30.337918
        ]
      }
    },
    {
      "type": "Feature",
      "properties": {
        "green_view_index": 7.9097747802734375
      },
      "geometry": {
        "type": "Point",
        "coordinates": [
          120.302334,
          30.334313
        ]
      }
    },
    {
      "type": "Feature",
      "properties": {
        "green_view_index": 13.817977905273438
      },
      "geometry": {
        "type": "Point",
        "coordinates": [
          120.302345,
          30.330707
        ]
      }
    },
    {
      "type": "Feature",
      "properties": {
        "green_view_index": 33.14094543457031
      },
      "geometry": {
        "type": "Point",
        "coordinates": [
          120.302497,
          30.327111
        ]
      }
    },
    {
      "type": "Feature",
      "properties": {
        "green_view_index": 6.60247802734375
      },
      "geometry": {
        "type": "Point",
        "coordinates": [
          120.302676,
          30.421367
        ]
      }
    },
    {
      "type": "Feature",
      "properties": {
        "green_view_index": 5.1544189453125
      },
      "geometry": {
        "type": "Point",
        "coordinates": [
          120.303025,
          30.301679
        ]
      }
    },
    {
      "type": "Feature",
      "properties": {
        "green_view_index": 8.632659912109375
      },
      "geometry": {
        "type": "Point",
        "coordinates": [
          120.30334,
          30.386545
        ]
      }
    },
    {
      "type": "Feature",
      "properties": {
        "green_view_index": 31.260299682617188
      },
      "geometry": {
        "type": "Point",
        "coordinates": [
          120.303351,
          30.239839
        ]
      }
    },
    {
      "type": "Feature",
      "properties": {
        "green_view_index": 9.347152709960938
      },
      "geometry": {
        "type": "Point",
        "coordinates": [
          120.303521,
          30.221184
        ]
      }
    },
    {
      "type": "Feature",
      "properties": {
        "green_view_index": 8.76312255859375
      },
      "geometry": {
        "type": "Point",
        "coordinates": [
          120.303873,
          30.249955
        ]
      }
    },
    {
      "type": "Feature",
      "properties": {
        "green_view_index": 27.013015747070312
      },
      "geometry": {
        "type": "Point",
        "coordinates": [
          120.30387,
          30.263871
        ]
      }
    },
    {
      "type": "Feature",
      "properties": {
        "green_view_index": 4.8114776611328125
      },
      "geometry": {
        "type": "Point",
        "coordinates": [
          120.303984,
          30.321625
        ]
      }
    },
    {
      "type": "Feature",
      "properties": {
        "green_view_index": 9.26055908203125
      },
      "geometry": {
        "type": "Point",
        "coordinates": [
          120.304249,
          30.234777
        ]
      }
    },
    {
      "type": "Feature",
      "properties": {
        "green_view_index": 5.6468963623046875
      },
      "geometry": {
        "type": "Point",
        "coordinates": [
          120.304416,
          30.224655
        ]
      }
    },
    {
      "type": "Feature",
      "properties": {
        "green_view_index": 2.3426055908203125
      },
      "geometry": {
        "type": "Point",
        "coordinates": [
          120.304895,
          30.371776
        ]
      }
    },
    {
      "type": "Feature",
      "properties": {
        "green_view_index": 4.4036865234375
      },
      "geometry": {
        "type": "Point",
        "coordinates": [
          120.304956,
          30.311292
        ]
      }
    },
    {
      "type": "Feature",
      "properties": {
        "green_view_index": 4.335784912109375
      },
      "geometry": {
        "type": "Point",
        "coordinates": [
          120.305006,
          30.416645
        ]
      }
    },
    {
      "type": "Feature",
      "properties": {
        "green_view_index": 35.66093444824219
      },
      "geometry": {
        "type": "Point",
        "coordinates": [
          120.305177,
          30.361363
        ]
      }
    },
    {
      "type": "Feature",
      "properties": {
        "green_view_index": 7.366180419921875
      },
      "geometry": {
        "type": "Point",
        "coordinates": [
          120.305288,
          30.227956
        ]
      }
    },
    {
      "type": "Feature",
      "properties": {
        "green_view_index": 8.485031127929688
      },
      "geometry": {
        "type": "Point",
        "coordinates": [
          120.305385,
          30.241412
        ]
      }
    },
    {
      "type": "Feature",
      "properties": {
        "green_view_index": 34.41123962402344
      },
      "geometry": {
        "type": "Point",
        "coordinates": [
          120.305565,
          30.293167
        ]
      }
    },
    {
      "type": "Feature",
      "properties": {
        "green_view_index": 11.996078491210938
      },
      "geometry": {
        "type": "Point",
        "coordinates": [
          120.305679,
          30.260626
        ]
      }
    },
    {
      "type": "Feature",
      "properties": {
        "green_view_index": 5.0815582275390625
      },
      "geometry": {
        "type": "Point",
        "coordinates": [
          120.306093,
          30.307092
        ]
      }
    },
    {
      "type": "Feature",
      "properties": {
        "green_view_index": 14.497756958007812
      },
      "geometry": {
        "type": "Point",
        "coordinates": [
          120.306244,
          30.392116
        ]
      }
    },
    {
      "type": "Feature",
      "properties": {
        "green_view_index": 4.7451019287109375
      },
      "geometry": {
        "type": "Point",
        "coordinates": [
          120.306502,
          30.413375
        ]
      }
    },
    {
      "type": "Feature",
      "properties": {
        "green_view_index": 8.095932006835938
      },
      "geometry": {
        "type": "Point",
        "coordinates": [
          120.306737,
          30.233709
        ]
      }
    },
    {
      "type": "Feature",
      "properties": {
        "green_view_index": 12.116622924804688
      },
      "geometry": {
        "type": "Point",
        "coordinates": [
          120.306914,
          30.238038
        ]
      }
    },
    {
      "type": "Feature",
      "properties": {
        "green_view_index": 6.6745758056640625
      },
      "geometry": {
        "type": "Point",
        "coordinates": [
          120.307014,
          30.423199
        ]
      }
    },
    {
      "type": "Feature",
      "properties": {
        "green_view_index": 19.430923461914062
      },
      "geometry": {
        "type": "Point",
        "coordinates": [
          120.307423,
          30.302241
        ]
      }
    },
    {
      "type": "Feature",
      "properties": {
        "green_view_index": 23.089218139648438
      },
      "geometry": {
        "type": "Point",
        "coordinates": [
          120.307552,
          30.257409
        ]
      }
    },
    {
      "type": "Feature",
      "properties": {
        "green_view_index": 3.1795501708984375
      },
      "geometry": {
        "type": "Point",
        "coordinates": [
          120.307952,
          30.312376
        ]
      }
    },
    {
      "type": "Feature",
      "properties": {
        "green_view_index": 7.3833465576171875
      },
      "geometry": {
        "type": "Point",
        "coordinates": [
          120.308297,
          30.40927
        ]
      }
    },
    {
      "type": "Feature",
      "properties": {
        "green_view_index": 29.720306396484375
      },
      "geometry": {
        "type": "Point",
        "coordinates": [
          120.308412,
          30.363627
        ]
      }
    },
    {
      "type": "Feature",
      "properties": {
        "green_view_index": 7.1987152099609375
      },
      "geometry": {
        "type": "Point",
        "coordinates": [
          120.308449,
          30.371325
        ]
      }
    },
    {
      "type": "Feature",
      "properties": {
        "green_view_index": 6.5395355224609375
      },
      "geometry": {
        "type": "Point",
        "coordinates": [
          120.308501,
          30.220435
        ]
      }
    },
    {
      "type": "Feature",
      "properties": {
        "green_view_index": 13.198471069335938
      },
      "geometry": {
        "type": "Point",
        "coordinates": [
          120.308536,
          30.304478
        ]
      }
    },
    {
      "type": "Feature",
      "properties": {
        "green_view_index": 6.130218505859375
      },
      "geometry": {
        "type": "Point",
        "coordinates": [
          120.308566,
          30.317065
        ]
      }
    },
    {
      "type": "Feature",
      "properties": {
        "green_view_index": 32.43827819824219
      },
      "geometry": {
        "type": "Point",
        "coordinates": [
          120.308709,
          30.290826
        ]
      }
    },
    {
      "type": "Feature",
      "properties": {
        "green_view_index": 25.411224365234375
      },
      "geometry": {
        "type": "Point",
        "coordinates": [
          120.308792,
          30.245942
        ]
      }
    },
    {
      "type": "Feature",
      "properties": {
        "green_view_index": 13.42620849609375
      },
      "geometry": {
        "type": "Point",
        "coordinates": [
          120.30918,
          30.418612
        ]
      }
    },
    {
      "type": "Feature",
      "properties": {
        "green_view_index": 10.554885864257812
      },
      "geometry": {
        "type": "Point",
        "coordinates": [
          120.30947,
          30.223534
        ]
      }
    },
    {
      "type": "Feature",
      "properties": {
        "green_view_index": 22.5006103515625
      },
      "geometry": {
        "type": "Point",
        "coordinates": [
          120.309565,
          30.322387
        ]
      }
    },
    {
      "type": "Feature",
      "properties": {
        "green_view_index": 25.276565551757812
      },
      "geometry": {
        "type": "Point",
        "coordinates": [
          120.309703,
          30.325098
        ]
      }
    },
    {
      "type": "Feature",
      "properties": {
        "green_view_index": 7.764434814453125
      },
      "geometry": {
        "type": "Point",
        "coordinates": [
          120.309872,
          30.302199
        ]
      }
    },
    {
      "type": "Feature",
      "properties": {
        "green_view_index": 8.5968017578125
      },
      "geometry": {
        "type": "Point",
        "coordinates": [
          120.309925,
          30.254453
        ]
      }
    },
    {
      "type": "Feature",
      "properties": {
        "green_view_index": 12.047958374023438
      },
      "geometry": {
        "type": "Point",
        "coordinates": [
          120.31021,
          30.306961
        ]
      }
    },
    {
      "type": "Feature",
      "properties": {
        "green_view_index": 4.6630859375
      },
      "geometry": {
        "type": "Point",
        "coordinates": [
          120.310255,
          30.426865
        ]
      }
    },
    {
      "type": "Feature",
      "properties": {
        "green_view_index": 8.537673950195312
      },
      "geometry": {
        "type": "Point",
        "coordinates": [
          120.31036,
          30.226463
        ]
      }
    },
    {
      "type": "Feature",
      "properties": {
        "green_view_index": 14.209747314453125
      },
      "geometry": {
        "type": "Point",
        "coordinates": [
          120.310761,
          30.236682
        ]
      }
    },
    {
      "type": "Feature",
      "properties": {
        "green_view_index": 22.589874267578125
      },
      "geometry": {
        "type": "Point",
        "coordinates": [
          120.31105,
          30.228891
        ]
      }
    },
    {
      "type": "Feature",
      "properties": {
        "green_view_index": 10.796737670898438
      },
      "geometry": {
        "type": "Point",
        "coordinates": [
          120.311175,
          30.29841
        ]
      }
    },
    {
      "type": "Feature",
      "properties": {
        "green_view_index": 5.5316925048828125
      },
      "geometry": {
        "type": "Point",
        "coordinates": [
          120.311498,
          30.413607
        ]
      }
    },
    {
      "type": "Feature",
      "properties": {
        "green_view_index": 4.66766357421875
      },
      "geometry": {
        "type": "Point",
        "coordinates": [
          120.311594,
          30.38154
        ]
      }
    },
    {
      "type": "Feature",
      "properties": {
        "green_view_index": 23.040771484375
      },
      "geometry": {
        "type": "Point",
        "coordinates": [
          120.311788,
          30.394548
        ]
      }
    },
    {
      "type": "Feature",
      "properties": {
        "green_view_index": 15.142822265625
      },
      "geometry": {
        "type": "Point",
        "coordinates": [
          120.311864,
          30.367268
        ]
      }
    },
    {
      "type": "Feature",
      "properties": {
        "green_view_index": 9.024810791015625
      },
      "geometry": {
        "type": "Point",
        "coordinates": [
          120.311945,
          30.377948
        ]
      }
    },
    {
      "type": "Feature",
      "properties": {
        "green_view_index": 13.596725463867188
      },
      "geometry": {
        "type": "Point",
        "coordinates": [
          120.311962,
          30.231822
        ]
      }
    },
    {
      "type": "Feature",
      "properties": {
        "green_view_index": 3.84674072265625
      },
      "geometry": {
        "type": "Point",
        "coordinates": [
          120.311989,
          30.239127
        ]
      }
    },
    {
      "type": "Feature",
      "properties": {
        "green_view_index": 23.163604736328125
      },
      "geometry": {
        "type": "Point",
        "coordinates": [
          120.312118,
          30.421888
        ]
      }
    },
    {
      "type": "Feature",
      "properties": {
        "green_view_index": 42.108917236328125
      },
      "geometry": {
        "type": "Point",
        "coordinates": [
          120.312153,
          30.257749
        ]
      }
    },
    {
      "type": "Feature",
      "properties": {
        "green_view_index": 2.214813232421875
      },
      "geometry": {
        "type": "Point",
        "coordinates": [
          120.312232,
          30.390836
        ]
      }
    },
    {
      "type": "Feature",
      "properties": {
        "green_view_index": 17.879486083984375
      },
      "geometry": {
        "type": "Point",
        "coordinates": [
          120.312519,
          30.411566
        ]
      }
    },
    {
      "type": "Feature",
      "properties": {
        "green_view_index": 8.422470092773438
      },
      "geometry": {
        "type": "Point",
        "coordinates": [
          120.312577,
          30.370923
        ]
      }
    },
    {
      "type": "Feature",
      "properties": {
        "green_view_index": 13.43841552734375
      },
      "geometry": {
        "type": "Point",
        "coordinates": [
          120.312969,
          30.295173
        ]
      }
    },
    {
      "type": "Feature",
      "properties": {
        "green_view_index": 2.712249755859375
      },
      "geometry": {
        "type": "Point",
        "coordinates": [
          120.313719,
          30.322475
        ]
      }
    },
    {
      "type": "Feature",
      "properties": {
        "green_view_index": 7.9639434814453125
      },
      "geometry": {
        "type": "Point",
        "coordinates": [
          120.31384,
          30.289477
        ]
      }
    },
    {
      "type": "Feature",
      "properties": {
        "green_view_index": 6.380462646484375
      },
      "geometry": {
        "type": "Point",
        "coordinates": [
          120.314135,
          30.219591
        ]
      }
    },
    {
      "type": "Feature",
      "properties": {
        "green_view_index": 13.525390625
      },
      "geometry": {
        "type": "Point",
        "coordinates": [
          120.314294,
          30.311727
        ]
      }
    },
    {
      "type": "Feature",
      "properties": {
        "green_view_index": 2.9300689697265625
      },
      "geometry": {
        "type": "Point",
        "coordinates": [
          120.314438,
          30.31476
        ]
      }
    },
    {
      "type": "Feature",
      "properties": {
        "green_view_index": 42.618560791015625
      },
      "geometry": {
        "type": "Point",
        "coordinates": [
          120.31447,
          30.260741
        ]
      }
    },
    {
      "type": "Feature",
      "properties": {
        "green_view_index": 18.628311157226562
      },
      "geometry": {
        "type": "Point",
        "coordinates": [
          120.314624,
          30.23536
        ]
      }
    },
    {
      "type": "Feature",
      "properties": {
        "green_view_index": 5.8757781982421875
      },
      "geometry": {
        "type": "Point",
        "coordinates": [
          120.314809,
          30.302055
        ]
      }
    },
    {
      "type": "Feature",
      "properties": {
        "green_view_index": 8.974838256835938
      },
      "geometry": {
        "type": "Point",
        "coordinates": [
          120.315695,
          30.224895
        ]
      }
    },
    {
      "type": "Feature",
      "properties": {
        "green_view_index": 12.498092651367188
      },
      "geometry": {
        "type": "Point",
        "coordinates": [
          120.315865,
          30.418855
        ]
      }
    },
    {
      "type": "Feature",
      "properties": {
        "green_view_index": 28.22723388671875
      },
      "geometry": {
        "type": "Point",
        "coordinates": [
          120.316056,
          30.2384
        ]
      }
    },
    {
      "type": "Feature",
      "properties": {
        "green_view_index": 11.000442504882812
      },
      "geometry": {
        "type": "Point",
        "coordinates": [
          120.31634,
          30.227074
        ]
      }
    },
    {
      "type": "Feature",
      "properties": {
        "green_view_index": 10.06927490234375
      },
      "geometry": {
        "type": "Point",
        "coordinates": [
          120.316592,
          30.426893
        ]
      }
    },
    {
      "type": "Feature",
      "properties": {
        "green_view_index": 8.40606689453125
      },
      "geometry": {
        "type": "Point",
        "coordinates": [
          120.316752,
          30.430494
        ]
      }
    },
    {
      "type": "Feature",
      "properties": {
        "green_view_index": 37.51564025878906
      },
      "geometry": {
        "type": "Point",
        "coordinates": [
          120.316787,
          30.263732
        ]
      }
    },
    {
      "type": "Feature",
      "properties": {
        "green_view_index": 10.886001586914062
      },
      "geometry": {
        "type": "Point",
        "coordinates": [
          120.316839,
          30.293866
        ]
      }
    },
    {
      "type": "Feature",
      "properties": {
        "green_view_index": 11.180496215820312
      },
      "geometry": {
        "type": "Point",
        "coordinates": [
          120.317183,
          30.229773
        ]
      }
    },
    {
      "type": "Feature",
      "properties": {
        "green_view_index": 22.698211669921875
      },
      "geometry": {
        "type": "Point",
        "coordinates": [
          120.317433,
          30.287645
        ]
      }
    },
    {
      "type": "Feature",
      "properties": {
        "green_view_index": 2.458953857421875
      },
      "geometry": {
        "type": "Point",
        "coordinates": [
          120.318046,
          30.296711
        ]
      }
    },
    {
      "type": "Feature",
      "properties": {
        "green_view_index": 17.377853393554688
      },
      "geometry": {
        "type": "Point",
        "coordinates": [
          120.318269,
          30.302452
        ]
      }
    },
    {
      "type": "Feature",
      "properties": {
        "green_view_index": 11.700439453125
      },
      "geometry": {
        "type": "Point",
        "coordinates": [
          120.318484,
          30.234034
        ]
      }
    },
    {
      "type": "Feature",
      "properties": {
        "green_view_index": 0.4276275634765625
      },
      "geometry": {
        "type": "Point",
        "coordinates": [
          120.319371,
          30.331773
        ]
      }
    },
    {
      "type": "Feature",
      "properties": {
        "green_view_index": 7.9151153564453125
      },
      "geometry": {
        "type": "Point",
        "coordinates": [
          120.319922,
          30.322672
        ]
      }
    },
    {
      "type": "Feature",
      "properties": {
        "green_view_index": 31.231689453125
      },
      "geometry": {
        "type": "Point",
        "coordinates": [
          120.320137,
          30.237739
        ]
      }
    },
    {
      "type": "Feature",
      "properties": {
        "green_view_index": 3.974151611328125
      },
      "geometry": {
        "type": "Point",
        "coordinates": [
          120.320437,
          30.21863
        ]
      }
    },
    {
      "type": "Feature",
      "properties": {
        "green_view_index": 24.411392211914062
      },
      "geometry": {
        "type": "Point",
        "coordinates": [
          120.320778,
          30.242668
        ]
      }
    },
    {
      "type": "Feature",
      "properties": {
        "green_view_index": 3.783416748046875
      },
      "geometry": {
        "type": "Point",
        "coordinates": [
          120.320973,
          30.311718
        ]
      }
    },
    {
      "type": "Feature",
      "properties": {
        "green_view_index": 3.0914306640625
      },
      "geometry": {
        "type": "Point",
        "coordinates": [
          120.321429,
          30.29506
        ]
      }
    },
    {
      "type": "Feature",
      "properties": {
        "green_view_index": 3.5411834716796875
      },
      "geometry": {
        "type": "Point",
        "coordinates": [
          120.321572,
          30.307426
        ]
      }
    },
    {
      "type": "Feature",
      "properties": {
        "green_view_index": 9.731292724609375
      },
      "geometry": {
        "type": "Point",
        "coordinates": [
          120.321878,
          30.22345
        ]
      }
    },
    {
      "type": "Feature",
      "properties": {
        "green_view_index": 3.8852691650390625
      },
      "geometry": {
        "type": "Point",
        "coordinates": [
          120.321996,
          30.302284
        ]
      }
    },
    {
      "type": "Feature",
      "properties": {
        "green_view_index": 9.337997436523438
      },
      "geometry": {
        "type": "Point",
        "coordinates": [
          120.322194,
          30.28563
        ]
      }
    },
    {
      "type": "Feature",
      "properties": {
        "green_view_index": 6.600189208984375
      },
      "geometry": {
        "type": "Point",
        "coordinates": [
          120.323022,
          30.227896
        ]
      }
    },
    {
      "type": "Feature",
      "properties": {
        "green_view_index": 10.174560546875
      },
      "geometry": {
        "type": "Point",
        "coordinates": [
          120.323764,
          30.282378
        ]
      }
    },
    {
      "type": "Feature",
      "properties": {
        "green_view_index": 7.215118408203125
      },
      "geometry": {
        "type": "Point",
        "coordinates": [
          120.32403,
          30.232465
        ]
      }
    },
    {
      "type": "Feature",
      "properties": {
        "green_view_index": 0.5809783935546875
      },
      "geometry": {
        "type": "Point",
        "coordinates": [
          120.324272,
          30.332363
        ]
      }
    },
    {
      "type": "Feature",
      "properties": {
        "green_view_index": 15.970230102539062
      },
      "geometry": {
        "type": "Point",
        "coordinates": [
          120.324282,
          30.299552
        ]
      }
    },
    {
      "type": "Feature",
      "properties": {
        "green_view_index": 4.75311279296875
      },
      "geometry": {
        "type": "Point",
        "coordinates": [
          120.324285,
          30.311647
        ]
      }
    },
    {
      "type": "Feature",
      "properties": {
        "green_view_index": 4.1416168212890625
      },
      "geometry": {
        "type": "Point",
        "coordinates": [
          120.324764,
          30.307562
        ]
      }
    },
    {
      "type": "Feature",
      "properties": {
        "green_view_index": 7.064056396484375
      },
      "geometry": {
        "type": "Point",
        "coordinates": [
          120.325015,
          30.290115
        ]
      }
    },
    {
      "type": "Feature",
      "properties": {
        "green_view_index": 7.7678680419921875
      },
      "geometry": {
        "type": "Point",
        "coordinates": [
          120.325039,
          30.236869
        ]
      }
    },
    {
      "type": "Feature",
      "properties": {
        "green_view_index": 11.882781982421875
      },
      "geometry": {
        "type": "Point",
        "coordinates": [
          120.325946,
          30.222749
        ]
      }
    },
    {
      "type": "Feature",
      "properties": {
        "green_view_index": 6.061553955078125
      },
      "geometry": {
        "type": "Point",
        "coordinates": [
          120.326377,
          30.283763
        ]
      }
    },
    {
      "type": "Feature",
      "properties": {
        "green_view_index": 7.87200927734375
      },
      "geometry": {
        "type": "Point",
        "coordinates": [
          120.326589,
          30.292763
        ]
      }
    },
    {
      "type": "Feature",
      "properties": {
        "green_view_index": 39.24674987792969
      },
      "geometry": {
        "type": "Point",
        "coordinates": [
          120.326646,
          30.217685
        ]
      }
    },
    {
      "type": "Feature",
      "properties": {
        "green_view_index": 19.0765380859375
      },
      "geometry": {
        "type": "Point",
        "coordinates": [
          120.326929,
          30.280098
        ]
      }
    },
    {
      "type": "Feature",
      "properties": {
        "green_view_index": 7.4588775634765625
      },
      "geometry": {
        "type": "Point",
        "coordinates": [
          120.327051,
          30.323672
        ]
      }
    },
    {
      "type": "Feature",
      "properties": {
        "green_view_index": 6.03790283203125
      },
      "geometry": {
        "type": "Point",
        "coordinates": [
          120.327062,
          30.227067
        ]
      }
    },
    {
      "type": "Feature",
      "properties": {
        "green_view_index": 4.6680450439453125
      },
      "geometry": {
        "type": "Point",
        "coordinates": [
          120.327701,
          30.311634
        ]
      }
    },
    {
      "type": "Feature",
      "properties": {
        "green_view_index": 23.395919799804688
      },
      "geometry": {
        "type": "Point",
        "coordinates": [
          120.32776,
          30.230476
        ]
      }
    },
    {
      "type": "Feature",
      "properties": {
        "green_view_index": 31.595611572265625
      },
      "geometry": {
        "type": "Point",
        "coordinates": [
          120.327826,
          30.302953
        ]
      }
    },
    {
      "type": "Feature",
      "properties": {
        "green_view_index": 9.504318237304688
      },
      "geometry": {
        "type": "Point",
        "coordinates": [
          120.328028,
          30.305215
        ]
      }
    },
    {
      "type": "Feature",
      "properties": {
        "green_view_index": 6.368255615234375
      },
      "geometry": {
        "type": "Point",
        "coordinates": [
          120.328134,
          30.295271
        ]
      }
    },
    {
      "type": "Feature",
      "properties": {
        "green_view_index": 5.193328857421875
      },
      "geometry": {
        "type": "Point",
        "coordinates": [
          120.329089,
          30.288276
        ]
      }
    },
    {
      "type": "Feature",
      "properties": {
        "green_view_index": 1.517486572265625
      },
      "geometry": {
        "type": "Point",
        "coordinates": [
          120.329366,
          30.332936
        ]
      }
    },
    {
      "type": "Feature",
      "properties": {
        "green_view_index": 41.30973815917969
      },
      "geometry": {
        "type": "Point",
        "coordinates": [
          120.329821,
          30.277516
        ]
      }
    },
    {
      "type": "Feature",
      "properties": {
        "green_view_index": 5.6529998779296875
      },
      "geometry": {
        "type": "Point",
        "coordinates": [
          120.329875,
          30.236017
        ]
      }
    },
    {
      "type": "Feature",
      "properties": {
        "green_view_index": 7.2986602783203125
      },
      "geometry": {
        "type": "Point",
        "coordinates": [
          120.330505,
          30.282083
        ]
      }
    },
    {
      "type": "Feature",
      "properties": {
        "green_view_index": 3.5186767578125
      },
      "geometry": {
        "type": "Point",
        "coordinates": [
          120.33064,
          30.290892
        ]
      }
    },
    {
      "type": "Feature",
      "properties": {
        "green_view_index": 3.742218017578125
      },
      "geometry": {
        "type": "Point",
        "coordinates": [
          120.330735,
          30.217063
        ]
      }
    },
    {
      "type": "Feature",
      "properties": {
        "green_view_index": 10.92529296875
      },
      "geometry": {
        "type": "Point",
        "coordinates": [
          120.331541,
          30.222219
        ]
      }
    },
    {
      "type": "Feature",
      "properties": {
        "green_view_index": 24.3682861328125
      },
      "geometry": {
        "type": "Point",
        "coordinates": [
          120.331753,
          30.299933
        ]
      }
    },
    {
      "type": "Feature",
      "properties": {
        "green_view_index": 4.4002532958984375
      },
      "geometry": {
        "type": "Point",
        "coordinates": [
          120.332113,
          30.226594
        ]
      }
    },
    {
      "type": "Feature",
      "properties": {
        "green_view_index": 8.264923095703125
      },
      "geometry": {
        "type": "Point",
        "coordinates": [
          120.332182,
          30.293466
        ]
      }
    },
    {
      "type": "Feature",
      "properties": {
        "green_view_index": 5.40924072265625
      },
      "geometry": {
        "type": "Point",
        "coordinates": [
          120.332588,
          30.229888
        ]
      }
    },
    {
      "type": "Feature",
      "properties": {
        "green_view_index": 3.6220550537109375
      },
      "geometry": {
        "type": "Point",
        "coordinates": [
          120.332897,
          30.302798
        ]
      }
    },
    {
      "type": "Feature",
      "properties": {
        "green_view_index": 6.9118499755859375
      },
      "geometry": {
        "type": "Point",
        "coordinates": [
          120.332966,
          30.329112
        ]
      }
    },
    {
      "type": "Feature",
      "properties": {
        "green_view_index": 5.5599212646484375
      },
      "geometry": {
        "type": "Point",
        "coordinates": [
          120.332974,
          30.29551
        ]
      }
    },
    {
      "type": "Feature",
      "properties": {
        "green_view_index": 7.736968994140625
      },
      "geometry": {
        "type": "Point",
        "coordinates": [
          120.333103,
          30.286464
        ]
      }
    },
    {
      "type": "Feature",
      "properties": {
        "green_view_index": 5.2173614501953125
      },
      "geometry": {
        "type": "Point",
        "coordinates": [
          120.33316,
          30.333156
        ]
      }
    },
    {
      "type": "Feature",
      "properties": {
        "green_view_index": 8.58306884765625
      },
      "geometry": {
        "type": "Point",
        "coordinates": [
          120.333259,
          30.324569
        ]
      }
    },
    {
      "type": "Feature",
      "properties": {
        "green_view_index": 2.980804443359375
      },
      "geometry": {
        "type": "Point",
        "coordinates": [
          120.33343,
          30.307754
        ]
      }
    },
    {
      "type": "Feature",
      "properties": {
        "green_view_index": 2.4768829345703125
      },
      "geometry": {
        "type": "Point",
        "coordinates": [
          120.333763,
          30.234295
        ]
      }
    },
    {
      "type": "Feature",
      "properties": {
        "green_view_index": 6.2549591064453125
      },
      "geometry": {
        "type": "Point",
        "coordinates": [
          120.333982,
          30.320912
        ]
      }
    },
    {
      "type": "Feature",
      "properties": {
        "green_view_index": 2.325439453125
      },
      "geometry": {
        "type": "Point",
        "coordinates": [
          120.334051,
          30.311744
        ]
      }
    },
    {
      "type": "Feature",
      "properties": {
        "green_view_index": 5.475616455078125
      },
      "geometry": {
        "type": "Point",
        "coordinates": [
          120.334202,
          30.337959
        ]
      }
    },
    {
      "type": "Feature",
      "properties": {
        "green_view_index": 12.146377563476562
      },
      "geometry": {
        "type": "Point",
        "coordinates": [
          120.334625,
          30.280545
        ]
      }
    },
    {
      "type": "Feature",
      "properties": {
        "green_view_index": 6.2740325927734375
      },
      "geometry": {
        "type": "Point",
        "coordinates": [
          120.334661,
          30.28909
        ]
      }
    },
    {
      "type": "Feature",
      "properties": {
        "green_view_index": 6.05316162109375
      },
      "geometry": {
        "type": "Point",
        "coordinates": [
          120.33472,
          30.273229
        ]
      }
    },
    {
      "type": "Feature",
      "properties": {
        "green_view_index": 4.0462493896484375
      },
      "geometry": {
        "type": "Point",
        "coordinates": [
          120.334904,
          30.326654
        ]
      }
    },
    {
      "type": "Feature",
      "properties": {
        "green_view_index": 6.7195892333984375
      },
      "geometry": {
        "type": "Point",
        "coordinates": [
          120.335334,
          30.216363
        ]
      }
    },
    {
      "type": "Feature",
      "properties": {
        "green_view_index": 5.80291748046875
      },
      "geometry": {
        "type": "Point",
        "coordinates": [
          120.335785,
          30.241046
        ]
      }
    },
    {
      "type": "Feature",
      "properties": {
        "green_view_index": 9.0087890625
      },
      "geometry": {
        "type": "Point",
        "coordinates": [
          120.336164,
          30.221781
        ]
      }
    },
    {
      "type": "Feature",
      "properties": {
        "green_view_index": 7.14111328125
      },
      "geometry": {
        "type": "Point",
        "coordinates": [
          120.336178,
          30.291638
        ]
      }
    },
    {
      "type": "Feature",
      "properties": {
        "green_view_index": 13.451004028320312
      },
      "geometry": {
        "type": "Point",
        "coordinates": [
          120.336323,
          30.33791
        ]
      }
    },
    {
      "type": "Feature",
      "properties": {
        "green_view_index": 15.737533569335938
      },
      "geometry": {
        "type": "Point",
        "coordinates": [
          120.336535,
          30.317306
        ]
      }
    },
    {
      "type": "Feature",
      "properties": {
        "green_view_index": 11.873245239257812
      },
      "geometry": {
        "type": "Point",
        "coordinates": [
          120.336605,
          30.228635
        ]
      }
    },
    {
      "type": "Feature",
      "properties": {
        "green_view_index": 10.642623901367188
      },
      "geometry": {
        "type": "Point",
        "coordinates": [
          120.336815,
          30.226098
        ]
      }
    },
    {
      "type": "Feature",
      "properties": {
        "green_view_index": 12.657928466796875
      },
      "geometry": {
        "type": "Point",
        "coordinates": [
          120.337114,
          30.28464
        ]
      }
    },
    {
      "type": "Feature",
      "properties": {
        "green_view_index": 6.3526153564453125
      },
      "geometry": {
        "type": "Point",
        "coordinates": [
          120.337397,
          30.23227
        ]
      }
    },
    {
      "type": "Feature",
      "properties": {
        "green_view_index": 13.402175903320312
      },
      "geometry": {
        "type": "Point",
        "coordinates": [
          120.337559,
          30.325042
        ]
      }
    },
    {
      "type": "Feature",
      "properties": {
        "green_view_index": 4.6283721923828125
      },
      "geometry": {
        "type": "Point",
        "coordinates": [
          120.337742,
          30.294241
        ]
      }
    },
    {
      "type": "Feature",
      "properties": {
        "green_view_index": 25.011825561523438
      },
      "geometry": {
        "type": "Point",
        "coordinates": [
          120.338309,
          30.270763
        ]
      }
    },
    {
      "type": "Feature",
      "properties": {
        "green_view_index": 4.74853515625
      },
      "geometry": {
        "type": "Point",
        "coordinates": [
          120.338601,
          30.312003
        ]
      }
    },
    {
      "type": "Feature",
      "properties": {
        "green_view_index": 1.5594482421875
      },
      "geometry": {
        "type": "Point",
        "coordinates": [
          120.338688,
          30.298445
        ]
      }
    },
    {
      "type": "Feature",
      "properties": {
        "green_view_index": 11.871337890625
      },
      "geometry": {
        "type": "Point",
        "coordinates": [
          120.338701,
          30.287365
        ]
      }
    },
    {
      "type": "Feature",
      "properties": {
        "green_view_index": 8.87908935546875
      },
      "geometry": {
        "type": "Point",
        "coordinates": [
          120.338727,
          30.338152
        ]
      }
    },
    {
      "type": "Feature",
      "properties": {
        "green_view_index": 13.177871704101562
      },
      "geometry": {
        "type": "Point",
        "coordinates": [
          120.338869,
          30.279036
        ]
      }
    },
    {
      "type": "Feature",
      "properties": {
        "green_view_index": 41.70379638671875
      },
      "geometry": {
        "type": "Point",
        "coordinates": [
          120.33886,
          30.320983
        ]
      }
    },
    {
      "type": "Feature",
      "properties": {
        "green_view_index": 10.216903686523438
      },
      "geometry": {
        "type": "Point",
        "coordinates": [
          120.338877,
          30.308099
        ]
      }
    },
    {
      "type": "Feature",
      "properties": {
        "green_view_index": 0.566864013671875
      },
      "geometry": {
        "type": "Point",
        "coordinates": [
          120.338925,
          30.215828
        ]
      }
    },
    {
      "type": "Feature",
      "properties": {
        "green_view_index": 8.367919921875
      },
      "geometry": {
        "type": "Point",
        "coordinates": [
          120.339132,
          30.333385
        ]
      }
    },
    {
      "type": "Feature",
      "properties": {
        "green_view_index": 12.537384033203125
      },
      "geometry": {
        "type": "Point",
        "coordinates": [
          120.339246,
          30.303454
        ]
      }
    },
    {
      "type": "Feature",
      "properties": {
        "green_view_index": 11.8499755859375
      },
      "geometry": {
        "type": "Point",
        "coordinates": [
          120.339778,
          30.325466
        ]
      }
    },
    {
      "type": "Feature",
      "properties": {
        "green_view_index": 20.352935791015625
      },
      "geometry": {
        "type": "Point",
        "coordinates": [
          120.340034,
          30.240759
        ]
      }
    },
    {
      "type": "Feature",
      "properties": {
        "green_view_index": 20.76568603515625
      },
      "geometry": {
        "type": "Point",
        "coordinates": [
          120.340064,
          30.22134
        ]
      }
    },
    {
      "type": "Feature",
      "properties": {
        "green_view_index": 24.188613891601562
      },
      "geometry": {
        "type": "Point",
        "coordinates": [
          120.340626,
          30.316243
        ]
      }
    },
    {
      "type": "Feature",
      "properties": {
        "green_view_index": 11.488723754882812
      },
      "geometry": {
        "type": "Point",
        "coordinates": [
          120.340848,
          30.290884
        ]
      }
    },
    {
      "type": "Feature",
      "properties": {
        "green_view_index": 9.016036987304688
      },
      "geometry": {
        "type": "Point",
        "coordinates": [
          120.34103,
          30.278943
        ]
      }
    },
    {
      "type": "Feature",
      "properties": {
        "green_view_index": 5.382537841796875
      },
      "geometry": {
        "type": "Point",
        "coordinates": [
          120.341292,
          30.225573
        ]
      }
    },
    {
      "type": "Feature",
      "properties": {
        "green_view_index": 11.11907958984375
      },
      "geometry": {
        "type": "Point",
        "coordinates": [
          120.341586,
          30.282615
        ]
      }
    },
    {
      "type": "Feature",
      "properties": {
        "green_view_index": 2.11181640625
      },
      "geometry": {
        "type": "Point",
        "coordinates": [
          120.341897,
          30.227712
        ]
      }
    },
    {
      "type": "Feature",
      "properties": {
        "green_view_index": 7.5237274169921875
      },
      "geometry": {
        "type": "Point",
        "coordinates": [
          120.342913,
          30.231213
        ]
      }
    },
    {
      "type": "Feature",
      "properties": {
        "green_view_index": 5.8376312255859375
      },
      "geometry": {
        "type": "Point",
        "coordinates": [
          120.343062,
          30.294571
        ]
      }
    },
    {
      "type": "Feature",
      "properties": {
        "green_view_index": 7.405853271484375
      },
      "geometry": {
        "type": "Point",
        "coordinates": [
          120.343447,
          30.338354
        ]
      }
    },
    {
      "type": "Feature",
      "properties": {
        "green_view_index": 8.06427001953125
      },
      "geometry": {
        "type": "Point",
        "coordinates": [
          120.343721,
          30.333768
        ]
      }
    },
    {
      "type": "Feature",
      "properties": {
        "green_view_index": 10.866546630859375
      },
      "geometry": {
        "type": "Point",
        "coordinates": [
          120.343767,
          30.28515
        ]
      }
    },
    {
      "type": "Feature",
      "properties": {
        "green_view_index": 3.3802032470703125
      },
      "geometry": {
        "type": "Point",
        "coordinates": [
          120.343814,
          30.233522
        ]
      }
    },
    {
      "type": "Feature",
      "properties": {
        "green_view_index": 30.7373046875
      },
      "geometry": {
        "type": "Point",
        "coordinates": [
          120.343835,
          30.325483
        ]
      }
    },
    {
      "type": "Feature",
      "properties": {
        "green_view_index": 8.968734741210938
      },
      "geometry": {
        "type": "Point",
        "coordinates": [
          120.343871,
          30.320908
        ]
      }
    },
    {
      "type": "Feature",
      "properties": {
        "green_view_index": 6.02569580078125
      },
      "geometry": {
        "type": "Point",
        "coordinates": [
          120.343959,
          30.298777
        ]
      }
    },
    {
      "type": "Feature",
      "properties": {
        "green_view_index": 14.378738403320312
      },
      "geometry": {
        "type": "Point",
        "coordinates": [
          120.344089,
          30.240138
        ]
      }
    },
    {
      "type": "Feature",
      "properties": {
        "green_view_index": 5.40313720703125
      },
      "geometry": {
        "type": "Point",
        "coordinates": [
          120.344165,
          30.26763
        ]
      }
    },
    {
      "type": "Feature",
      "properties": {
        "green_view_index": 26.233673095703125
      },
      "geometry": {
        "type": "Point",
        "coordinates": [
          120.344181,
          30.31525
        ]
      }
    },
    {
      "type": "Feature",
      "properties": {
        "green_view_index": 14.112472534179688
      },
      "geometry": {
        "type": "Point",
        "coordinates": [
          120.344228,
          30.327673
        ]
      }
    },
    {
      "type": "Feature",
      "properties": {
        "green_view_index": 23.433685302734375
      },
      "geometry": {
        "type": "Point",
        "coordinates": [
          120.344296,
          30.30389
        ]
      }
    },
    {
      "type": "Feature",
      "properties": {
        "green_view_index": 10.8642578125
      },
      "geometry": {
        "type": "Point",
        "coordinates": [
          120.345011,
          30.214906
        ]
      }
    },
    {
      "type": "Feature",
      "properties": {
        "green_view_index": 5.255889892578125
      },
      "geometry": {
        "type": "Point",
        "coordinates": [
          120.345676,
          30.279096
        ]
      }
    },
    {
      "type": "Feature",
      "properties": {
        "green_view_index": 22.722625732421875
      },
      "geometry": {
        "type": "Point",
        "coordinates": [
          120.345694,
          30.274406
        ]
      }
    },
    {
      "type": "Feature",
      "properties": {
        "green_view_index": 15.5548095703125
      },
      "geometry": {
        "type": "Point",
        "coordinates": [
          120.345791,
          30.237568
        ]
      }
    },
    {
      "type": "Feature",
      "properties": {
        "green_view_index": 5.078125
      },
      "geometry": {
        "type": "Point",
        "coordinates": [
          120.345853,
          30.333549
        ]
      }
    },
    {
      "type": "Feature",
      "properties": {
        "green_view_index": 11.840438842773438
      },
      "geometry": {
        "type": "Point",
        "coordinates": [
          120.346386,
          30.220377
        ]
      }
    },
    {
      "type": "Feature",
      "properties": {
        "green_view_index": 12.433242797851562
      },
      "geometry": {
        "type": "Point",
        "coordinates": [
          120.346708,
          30.338363
        ]
      }
    },
    {
      "type": "Feature",
      "properties": {
        "green_view_index": 13.821029663085938
      },
      "geometry": {
        "type": "Point",
        "coordinates": [
          120.347115,
          30.289888
        ]
      }
    },
    {
      "type": "Feature",
      "properties": {
        "green_view_index": 33.92333984375
      },
      "geometry": {
        "type": "Point",
        "coordinates": [
          120.347334,
          30.224224
        ]
      }
    },
    {
      "type": "Feature",
      "properties": {
        "green_view_index": 16.385269165039062
      },
      "geometry": {
        "type": "Point",
        "coordinates": [
          120.347607,
          30.265648
        ]
      }
    },
    {
      "type": "Feature",
      "properties": {
        "green_view_index": 7.8502655029296875
      },
      "geometry": {
        "type": "Point",
        "coordinates": [
          120.347693,
          30.239664
        ]
      }
    },
    {
      "type": "Feature",
      "properties": {
        "green_view_index": 18.445587158203125
      },
      "geometry": {
        "type": "Point",
        "coordinates": [
          120.348026,
          30.320901
        ]
      }
    },
    {
      "type": "Feature",
      "properties": {
        "green_view_index": 31.428146362304688
      },
      "geometry": {
        "type": "Point",
        "coordinates": [
          120.348334,
          30.226333
        ]
      }
    },
    {
      "type": "Feature",
      "properties": {
        "green_view_index": 9.0057373046875
      },
      "geometry": {
        "type": "Point",
        "coordinates": [
          120.34883,
          30.299082
        ]
      }
    },
    {
      "type": "Feature",
      "properties": {
        "green_view_index": 17.003631591796875
      },
      "geometry": {
        "type": "Point",
        "coordinates": [
          120.348,
          30.325385
        ]
      }
    },
    {
      "type": "Feature",
      "properties": {
        "green_view_index": 9.30328369140625
      },
      "geometry": {
        "type": "Point",
        "coordinates": [
          120.349643,
          30.282159
        ]
      }
    },
    {
      "type": "Feature",
      "properties": {
        "green_view_index": 5.4965972900390625
      },
      "geometry": {
        "type": "Point",
        "coordinates": [
          120.349966,
          30.308681
        ]
      }
    },
    {
      "type": "Feature",
      "properties": {
        "green_view_index": 39.675140380859375
      },
      "geometry": {
        "type": "Point",
        "coordinates": [
          120.350137,
          30.325627
        ]
      }
    },
    {
      "type": "Feature",
      "properties": {
        "green_view_index": 11.964035034179688
      },
      "geometry": {
        "type": "Point",
        "coordinates": [
          120.350305,
          30.304404
        ]
      }
    },
    {
      "type": "Feature",
      "properties": {
        "green_view_index": 4.1652679443359375
      },
      "geometry": {
        "type": "Point",
        "coordinates": [
          120.350331,
          30.23675
        ]
      }
    },
    {
      "type": "Feature",
      "properties": {
        "green_view_index": 8.58612060546875
      },
      "geometry": {
        "type": "Point",
        "coordinates": [
          120.350449,
          30.231124
        ]
      }
    },
    {
      "type": "Feature",
      "properties": {
        "green_view_index": 30.234527587890625
      },
      "geometry": {
        "type": "Point",
        "coordinates": [
          120.350498,
          30.318103
        ]
      }
    },
    {
      "type": "Feature",
      "properties": {
        "green_view_index": 19.94476318359375
      },
      "geometry": {
        "type": "Point",
        "coordinates": [
          120.350572,
          30.22752
        ]
      }
    },
    {
      "type": "Feature",
      "properties": {
        "green_view_index": 10.065078735351562
      },
      "geometry": {
        "type": "Point",
        "coordinates": [
          120.350981,
          30.266474
        ]
      }
    },
    {
      "type": "Feature",
      "properties": {
        "green_view_index": 4.3842315673828125
      },
      "geometry": {
        "type": "Point",
        "coordinates": [
          120.351059,
          30.295072
        ]
      }
    },
    {
      "type": "Feature",
      "properties": {
        "green_view_index": 4.2568206787109375
      },
      "geometry": {
        "type": "Point",
        "coordinates": [
          120.351213,
          30.332876
        ]
      }
    },
    {
      "type": "Feature",
      "properties": {
        "green_view_index": 13.7420654296875
      },
      "geometry": {
        "type": "Point",
        "coordinates": [
          120.351329,
          30.219556
        ]
      }
    },
    {
      "type": "Feature",
      "properties": {
        "green_view_index": 2.211761474609375
      },
      "geometry": {
        "type": "Point",
        "coordinates": [
          120.35137,
          30.241643
        ]
      }
    },
    {
      "type": "Feature",
      "properties": {
        "green_view_index": 8.4075927734375
      },
      "geometry": {
        "type": "Point",
        "coordinates": [
          120.35158,
          30.327852
        ]
      }
    },
    {
      "type": "Feature",
      "properties": {
        "green_view_index": 2.90069580078125
      },
      "geometry": {
        "type": "Point",
        "coordinates": [
          120.351661,
          30.278936
        ]
      }
    },
    {
      "type": "Feature",
      "properties": {
        "green_view_index": 3.17535400390625
      },
      "geometry": {
        "type": "Point",
        "coordinates": [
          120.351682,
          30.213874
        ]
      }
    },
    {
      "type": "Feature",
      "properties": {
        "green_view_index": 41.57371520996094
      },
      "geometry": {
        "type": "Point",
        "coordinates": [
          120.351955,
          30.274394
        ]
      }
    },
    {
      "type": "Feature",
      "properties": {
        "green_view_index": 13.9312744140625
      },
      "geometry": {
        "type": "Point",
        "coordinates": [
          120.352017,
          30.223131
        ]
      }
    },
    {
      "type": "Feature",
      "properties": {
        "green_view_index": 22.565460205078125
      },
      "geometry": {
        "type": "Point",
        "coordinates": [
          120.352155,
          30.325367
        ]
      }
    },
    {
      "type": "Feature",
      "properties": {
        "green_view_index": 4.20989990234375
      },
      "geometry": {
        "type": "Point",
        "coordinates": [
          120.352859,
          30.28987
        ]
      }
    },
    {
      "type": "Feature",
      "properties": {
        "green_view_index": 8.74481201171875
      },
      "geometry": {
        "type": "Point",
        "coordinates": [
          120.352868,
          30.298645
        ]
      }
    },
    {
      "type": "Feature",
      "properties": {
        "green_view_index": 10.79559326171875
      },
      "geometry": {
        "type": "Point",
        "coordinates": [
          120.353412,
          30.312892
        ]
      }
    },
    {
      "type": "Feature",
      "properties": {
        "green_view_index": 13.765716552734375
      },
      "geometry": {
        "type": "Point",
        "coordinates": [
          120.353422,
          30.320976
        ]
      }
    },
    {
      "type": "Feature",
      "properties": {
        "green_view_index": 18.442535400390625
      },
      "geometry": {
        "type": "Point",
        "coordinates": [
          120.353737,
          30.308901
        ]
      }
    },
    {
      "type": "Feature",
      "properties": {
        "green_view_index": 25.525665283203125
      },
      "geometry": {
        "type": "Point",
        "coordinates": [
          120.354293,
          30.325636
        ]
      }
    },
    {
      "type": "Feature",
      "properties": {
        "green_view_index": 14.975357055664062
      },
      "geometry": {
        "type": "Point",
        "coordinates": [
          120.354357,
          30.242497
        ]
      }
    },
    {
      "type": "Feature",
      "properties": {
        "green_view_index": 7.1491241455078125
      },
      "geometry": {
        "type": "Point",
        "coordinates": [
          120.354601,
          30.231117
        ]
      }
    },
    {
      "type": "Feature",
      "properties": {
        "green_view_index": 7.950592041015625
      },
      "geometry": {
        "type": "Point",
        "coordinates": [
          120.354625,
          30.333071
        ]
      }
    },
    {
      "type": "Feature",
      "properties": {
        "green_view_index": 22.528457641601562
      },
      "geometry": {
        "type": "Point",
        "coordinates": [
          120.355329,
          30.294969
        ]
      }
    },
    {
      "type": "Feature",
      "properties": {
        "green_view_index": 7.97119140625
      },
      "geometry": {
        "type": "Point",
        "coordinates": [
          120.356311,
          30.325348
        ]
      }
    },
    {
      "type": "Feature",
      "properties": {
        "green_view_index": 14.638137817382812
      },
      "geometry": {
        "type": "Point",
        "coordinates": [
          120.35632,
          30.274394
        ]
      }
    },
    {
      "type": "Feature",
      "properties": {
        "green_view_index": 15.301132202148438
      },
      "geometry": {
        "type": "Point",
        "coordinates": [
          120.356331,
          30.279069
        ]
      }
    },
    {
      "type": "Feature",
      "properties": {
        "green_view_index": 8.993148803710938
      },
      "geometry": {
        "type": "Point",
        "coordinates": [
          120.356343,
          30.289867
        ]
      }
    },
    {
      "type": "Feature",
      "properties": {
        "green_view_index": 11.530303955078125
      },
      "geometry": {
        "type": "Point",
        "coordinates": [
          120.356472,
          30.29985
        ]
      }
    },
    {
      "type": "Feature",
      "properties": {
        "green_view_index": 9.634780883789062
      },
      "geometry": {
        "type": "Point",
        "coordinates": [
          120.356535,
          30.285119
        ]
      }
    },
    {
      "type": "Feature",
      "properties": {
        "green_view_index": 32.427215576171875
      },
      "geometry": {
        "type": "Point",
        "coordinates": [
          120.356628,
          30.265515
        ]
      }
    },
    {
      "type": "Feature",
      "properties": {
        "green_view_index": 31.717681884765625
      },
      "geometry": {
        "type": "Point",
        "coordinates": [
          120.356927,
          30.218737
        ]
      }
    },
    {
      "type": "Feature",
      "properties": {
        "green_view_index": 6.6192626953125
      },
      "geometry": {
        "type": "Point",
        "coordinates": [
          120.356959,
          30.338817
        ]
      }
    },
    {
      "type": "Feature",
      "properties": {
        "green_view_index": 7.704925537109375
      },
      "geometry": {
        "type": "Point",
        "coordinates": [
          120.35742,
          30.333204
        ]
      }
    },
    {
      "type": "Feature",
      "properties": {
        "green_view_index": 25.318145751953125
      },
      "geometry": {
        "type": "Point",
        "coordinates": [
          120.357578,
          30.320913
        ]
      }
    },
    {
      "type": "Feature",
      "properties": {
        "green_view_index": 8.383941650390625
      },
      "geometry": {
        "type": "Point",
        "coordinates": [
          120.357625,
          30.308084
        ]
      }
    },
    {
      "type": "Feature",
      "properties": {
        "green_view_index": 3.6655426025390625
      },
      "geometry": {
        "type": "Point",
        "coordinates": [
          120.358408,
          30.243285
        ]
      }
    },
    {
      "type": "Feature",
      "properties": {
        "green_view_index": 12.384796142578125
      },
      "geometry": {
        "type": "Point",
        "coordinates": [
          120.358449,
          30.32565
        ]
      }
    },
    {
      "type": "Feature",
      "properties": {
        "green_view_index": 21.407699584960938
      },
      "geometry": {
        "type": "Point",
        "coordinates": [
          120.358478,
          30.328238
        ]
      }
    },
    {
      "type": "Feature",
      "properties": {
        "green_view_index": 6.86798095703125
      },
      "geometry": {
        "type": "Point",
        "coordinates": [
          120.358879,
          30.30461
        ]
      }
    },
    {
      "type": "Feature",
      "properties": {
        "green_view_index": 16.664886474609375
      },
      "geometry": {
        "type": "Point",
        "coordinates": [
          120.359484,
          30.29496
        ]
      }
    },
    {
      "type": "Feature",
      "properties": {
        "green_view_index": 8.373260498046875
      },
      "geometry": {
        "type": "Point",
        "coordinates": [
          120.360313,
          30.313295
        ]
      }
    },
    {
      "type": "Feature",
      "properties": {
        "green_view_index": 41.92848205566406
      },
      "geometry": {
        "type": "Point",
        "coordinates": [
          120.360677,
          30.26585
        ]
      }
    },
    {
      "type": "Feature",
      "properties": {
        "green_view_index": 11.824417114257812
      },
      "geometry": {
        "type": "Point",
        "coordinates": [
          120.361091,
          30.279064
        ]
      }
    },
    {
      "type": "Feature",
      "properties": {
        "green_view_index": 11.450958251953125
      },
      "geometry": {
        "type": "Point",
        "coordinates": [
          120.361098,
          30.282161
        ]
      }
    },
    {
      "type": "Feature",
      "properties": {
        "green_view_index": 9.4573974609375
      },
      "geometry": {
        "type": "Point",
        "coordinates": [
          120.361107,
          30.269599
        ]
      }
    },
    {
      "type": "Feature",
      "properties": {
        "green_view_index": 15.474700927734375
      },
      "geometry": {
        "type": "Point",
        "coordinates": [
          120.361117,
          30.285291
        ]
      }
    },
    {
      "type": "Feature",
      "properties": {
        "green_view_index": 11.417770385742188
      },
      "geometry": {
        "type": "Point",
        "coordinates": [
          120.361122,
          30.289838
        ]
      }
    },
    {
      "type": "Feature",
      "properties": {
        "green_view_index": 11.185836791992188
      },
      "geometry": {
        "type": "Point",
        "coordinates": [
          120.361134,
          30.29985
        ]
      }
    },
    {
      "type": "Feature",
      "properties": {
        "green_view_index": 13.551712036132812
      },
      "geometry": {
        "type": "Point",
        "coordinates": [
          120.361139,
          30.274388
        ]
      }
    },
    {
      "type": "Feature",
      "properties": {
        "green_view_index": 16.942977905273438
      },
      "geometry": {
        "type": "Point",
        "coordinates": [
          120.361171,
          30.304792
        ]
      }
    },
    {
      "type": "Feature",
      "properties": {
        "green_view_index": 3.7109375
      },
      "geometry": {
        "type": "Point",
        "coordinates": [
          120.361576,
          30.318104
        ]
      }
    },
    {
      "type": "Feature",
      "properties": {
        "green_view_index": 36.62071228027344
      },
      "geometry": {
        "type": "Point",
        "coordinates": [
          120.362074,
          30.295078
        ]
      }
    },
    {
      "type": "Feature",
      "properties": {
        "green_view_index": 6.534576416015625
      },
      "geometry": {
        "type": "Point",
        "coordinates": [
          120.362085,
          30.338573
        ]
      }
    },
    {
      "type": "Feature",
      "properties": {
        "green_view_index": 7.8044891357421875
      },
      "geometry": {
        "type": "Point",
        "coordinates": [
          120.362413,
          30.33349
        ]
      }
    },
    {
      "type": "Feature",
      "properties": {
        "green_view_index": 13.269424438476562
      },
      "geometry": {
        "type": "Point",
        "coordinates": [
          120.363352,
          30.3246
        ]
      }
    },
    {
      "type": "Feature",
      "properties": {
        "green_view_index": 5.4813385009765625
      },
      "geometry": {
        "type": "Point",
        "coordinates": [
          120.364186,
          30.328571
        ]
      }
    },
    {
      "type": "Feature",
      "properties": {
        "green_view_index": 45.325469970703125
      },
      "geometry": {
        "type": "Point",
        "coordinates": [
          120.364447,
          30.2673
        ]
      }
    },
    {
      "type": "Feature",
      "properties": {
        "green_view_index": 11.249160766601562
      },
      "geometry": {
        "type": "Point",
        "coordinates": [
          120.364616,
          30.313202
        ]
      }
    },
    {
      "type": "Feature",
      "properties": {
        "green_view_index": 9.798049926757812
      },
      "geometry": {
        "type": "Point",
        "coordinates": [
          120.365166,
          30.333621
        ]
      }
    },
    {
      "type": "Feature",
      "properties": {
        "green_view_index": 6.0638427734375
      },
      "geometry": {
        "type": "Point",
        "coordinates": [
          120.365217,
          30.30889
        ]
      }
    },
    {
      "type": "Feature",
      "properties": {
        "green_view_index": 18.239212036132812
      },
      "geometry": {
        "type": "Point",
        "coordinates": [
          120.365627,
          30.28214
        ]
      }
    },
    {
      "type": "Feature",
      "properties": {
        "green_view_index": 6.3343048095703125
      },
      "geometry": {
        "type": "Point",
        "coordinates": [
          120.365656,
          30.272531
        ]
      }
    },
    {
      "type": "Feature",
      "properties": {
        "green_view_index": 25.90484619140625
      },
      "geometry": {
        "type": "Point",
        "coordinates": [
          120.365669,
          30.285269
        ]
      }
    },
    {
      "type": "Feature",
      "properties": {
        "green_view_index": 3.9653778076171875
      },
      "geometry": {
        "type": "Point",
        "coordinates": [
          120.366218,
          30.289845
        ]
      }
    },
    {
      "type": "Feature",
      "properties": {
        "green_view_index": 7.221221923828125
      },
      "geometry": {
        "type": "Point",
        "coordinates": [
          120.366229,
          30.295062
        ]
      }
    },
    {
      "type": "Feature",
      "properties": {
        "green_view_index": 9.456634521484375
      },
      "geometry": {
        "type": "Point",
        "coordinates": [
          120.366239,
          30.299824
        ]
      }
    },
    {
      "type": "Feature",
      "properties": {
        "green_view_index": 6.0016632080078125
      },
      "geometry": {
        "type": "Point",
        "coordinates": [
          120.366255,
          30.304612
        ]
      }
    },
    {
      "type": "Feature",
      "properties": {
        "green_view_index": 12.679290771484375
      },
      "geometry": {
        "type": "Point",
        "coordinates": [
          120.3662,
          30.279064
        ]
      }
    },
    {
      "type": "Feature",
      "properties": {
        "green_view_index": 5.158233642578125
      },
      "geometry": {
        "type": "Point",
        "coordinates": [
          120.366494,
          30.3381
        ]
      }
    },
    {
      "type": "Feature",
      "properties": {
        "green_view_index": 15.276718139648438
      },
      "geometry": {
        "type": "Point",
        "coordinates": [
          120.367402,
          30.324254
        ]
      }
    },
    {
      "type": "Feature",
      "properties": {
        "green_view_index": 38.37013244628906
      },
      "geometry": {
        "type": "Point",
        "coordinates": [
          120.367555,
          30.313316
        ]
      }
    },
    {
      "type": "Feature",
      "properties": {
        "green_view_index": 28.340530395507812
      },
      "geometry": {
        "type": "Point",
        "coordinates": [
          120.367996,
          30.269093
        ]
      }
    },
    {
      "type": "Feature",
      "properties": {
        "green_view_index": 9.507369995117188
      },
      "geometry": {
        "type": "Point",
        "coordinates": [
          120.368555,
          30.304786
        ]
      }
    },
    {
      "type": "Feature",
      "properties": {
        "green_view_index": 8.470535278320312
      },
      "geometry": {
        "type": "Point",
        "coordinates": [
          120.36868,
          30.271165
        ]
      }
    },
    {
      "type": "Feature",
      "properties": {
        "green_view_index": 13.976669311523438
      },
      "geometry": {
        "type": "Point",
        "coordinates": [
          120.369013,
          30.317726
        ]
      }
    },
    {
      "type": "Feature",
      "properties": {
        "green_view_index": 5.1265716552734375
      },
      "geometry": {
        "type": "Point",
        "coordinates": [
          120.369367,
          30.308944
        ]
      }
    },
    {
      "type": "Feature",
      "properties": {
        "green_view_index": 36.9720458984375
      },
      "geometry": {
        "type": "Point",
        "coordinates": [
          120.370443,
          30.320943
        ]
      }
    },
    {
      "type": "Feature",
      "properties": {
        "green_view_index": 19.634628295898438
      },
      "geometry": {
        "type": "Point",
        "coordinates": [
          120.370509,
          30.324689
        ]
      }
    },
    {
      "type": "Feature",
      "properties": {
        "green_view_index": 33.27369689941406
      },
      "geometry": {
        "type": "Point",
        "coordinates": [
          120.371067,
          30.271483
        ]
      }
    },
    {
      "type": "Feature",
      "properties": {
        "green_view_index": 9.635543823242188
      },
      "geometry": {
        "type": "Point",
        "coordinates": [
          120.371581,
          30.279033
        ]
      }
    },
    {
      "type": "Feature",
      "properties": {
        "green_view_index": 7.72705078125
      },
      "geometry": {
        "type": "Point",
        "coordinates": [
          120.371585,
          30.282122
        ]
      }
    },
    {
      "type": "Feature",
      "properties": {
        "green_view_index": 10.062789916992188
      },
      "geometry": {
        "type": "Point",
        "coordinates": [
          120.37159,
          30.285268
        ]
      }
    },
    {
      "type": "Feature",
      "properties": {
        "green_view_index": 7.2093963623046875
      },
      "geometry": {
        "type": "Point",
        "coordinates": [
          120.371605,
          30.289849
        ]
      }
    },
    {
      "type": "Feature",
      "properties": {
        "green_view_index": 6.4189910888671875
      },
      "geometry": {
        "type": "Point",
        "coordinates": [
          120.371619,
          30.299828
        ]
      }
    },
    {
      "type": "Feature",
      "properties": {
        "green_view_index": 3.7372589111328125
      },
      "geometry": {
        "type": "Point",
        "coordinates": [
          120.371637,
          30.304638
        ]
      }
    },
    {
      "type": "Feature",
      "properties": {
        "green_view_index": 6.858062744140625
      },
      "geometry": {
        "type": "Point",
        "coordinates": [
          120.371645,
          30.308927
        ]
      }
    },
    {
      "type": "Feature",
      "properties": {
        "green_view_index": 8.985137939453125
      },
      "geometry": {
        "type": "Point",
        "coordinates": [
          120.371662,
          30.295244
        ]
      }
    },
    {
      "type": "Feature",
      "properties": {
        "green_view_index": 6.09588623046875
      },
      "geometry": {
        "type": "Point",
        "coordinates": [
          120.37171,
          30.313318
        ]
      }
    },
    {
      "type": "Feature",
      "properties": {
        "green_view_index": 10.62469482421875
      },
      "geometry": {
        "type": "Point",
        "coordinates": [
          120.372965,
          30.316611
        ]
      }
    },
    {
      "type": "Feature",
      "properties": {
        "green_view_index": 32.11021423339844
      },
      "geometry": {
        "type": "Point",
        "coordinates": [
          120.373881,
          30.274132
        ]
      }
    },
    {
      "type": "Feature",
      "properties": {
        "green_view_index": 7.9425811767578125
      },
      "geometry": {
        "type": "Point",
        "coordinates": [
          120.374598,
          30.320913
        ]
      }
    },
    {
      "type": "Feature",
      "properties": {
        "green_view_index": 1.2786865234375
      },
      "geometry": {
        "type": "Point",
        "coordinates": [
          120.374645,
          30.325001
        ]
      }
    },
    {
      "type": "Feature",
      "properties": {
        "green_view_index": 8.347320556640625
      },
      "geometry": {
        "type": "Point",
        "coordinates": [
          120.374685,
          30.330579
        ]
      }
    },
    {
      "type": "Feature",
      "properties": {
        "green_view_index": 4.788970947265625
      },
      "geometry": {
        "type": "Point",
        "coordinates": [
          120.374688,
          30.337216
        ]
      }
    },
    {
      "type": "Feature",
      "properties": {
        "green_view_index": 15.296173095703125
      },
      "geometry": {
        "type": "Point",
        "coordinates": [
          120.374815,
          30.341303
        ]
      }
    },
    {
      "type": "Feature",
      "properties": {
        "green_view_index": 8.606338500976562
      },
      "geometry": {
        "type": "Point",
        "coordinates": [
          120.375857,
          30.278894
        ]
      }
    },
    {
      "type": "Feature",
      "properties": {
        "green_view_index": 1.303863525390625
      },
      "geometry": {
        "type": "Point",
        "coordinates": [
          120.376081,
          30.344706
        ]
      }
    },
    {
      "type": "Feature",
      "properties": {
        "green_view_index": 14.948654174804688
      },
      "geometry": {
        "type": "Point",
        "coordinates": [
          120.377017,
          30.285216
        ]
      }
    },
    {
      "type": "Feature",
      "properties": {
        "green_view_index": 9.000778198242188
      },
      "geometry": {
        "type": "Point",
        "coordinates": [
          120.377023,
          30.295012
        ]
      }
    },
    {
      "type": "Feature",
      "properties": {
        "green_view_index": 3.7616729736328125
      },
      "geometry": {
        "type": "Point",
        "coordinates": [
          120.377032,
          30.289848
        ]
      }
    },
    {
      "type": "Feature",
      "properties": {
        "green_view_index": 10.560226440429688
      },
      "geometry": {
        "type": "Point",
        "coordinates": [
          120.377048,
          30.299827
        ]
      }
    },
    {
      "type": "Feature",
      "properties": {
        "green_view_index": 13.098907470703125
      },
      "geometry": {
        "type": "Point",
        "coordinates": [
          120.377067,
          30.308938
        ]
      }
    },
    {
      "type": "Feature",
      "properties": {
        "green_view_index": 7.5336456298828125
      },
      "geometry": {
        "type": "Point",
        "coordinates": [
          120.37706,
          30.304762
        ]
      }
    },
    {
      "type": "Feature",
      "properties": {
        "green_view_index": 8.3892822265625
      },
      "geometry": {
        "type": "Point",
        "coordinates": [
          120.377134,
          30.281551
        ]
      }
    },
    {
      "type": "Feature",
      "properties": {
        "green_view_index": 13.014602661132812
      },
      "geometry": {
        "type": "Point",
        "coordinates": [
          120.377183,
          30.313336
        ]
      }
    },
    {
      "type": "Feature",
      "properties": {
        "green_view_index": 6.2652587890625
      },
      "geometry": {
        "type": "Point",
        "coordinates": [
          120.379226,
          30.294898
        ]
      }
    },
    {
      "type": "Feature",
      "properties": {
        "green_view_index": 12.02392578125
      },
      "geometry": {
        "type": "Point",
        "coordinates": [
          120.379239,
          30.299076
        ]
      }
    },
    {
      "type": "Feature",
      "properties": {
        "green_view_index": 18.066787719726562
      },
      "geometry": {
        "type": "Point",
        "coordinates": [
          120.379285,
          30.282279
        ]
      }
    },
    {
      "type": "Feature",
      "properties": {
        "green_view_index": 4.3384552001953125
      },
      "geometry": {
        "type": "Point",
        "coordinates": [
          120.379839,
          30.336396
        ]
      }
    },
    {
      "type": "Feature",
      "properties": {
        "green_view_index": 40.72608947753906
      },
      "geometry": {
        "type": "Point",
        "coordinates": [
          120.380281,
          30.285602
        ]
      }
    },
    {
      "type": "Feature",
      "properties": {
        "green_view_index": 13.482284545898438
      },
      "geometry": {
        "type": "Point",
        "coordinates": [
          120.380515,
          30.325944
        ]
      }
    },
    {
      "type": "Feature",
      "properties": {
        "green_view_index": 42.48504638671875
      },
      "geometry": {
        "type": "Point",
        "coordinates": [
          120.380574,
          30.308924
        ]
      }
    },
    {
      "type": "Feature",
      "properties": {
        "green_view_index": 10.297775268554688
      },
      "geometry": {
        "type": "Point",
        "coordinates": [
          120.380965,
          30.289226
        ]
      }
    },
    {
      "type": "Feature",
      "properties": {
        "green_view_index": 9.015655517578125
      },
      "geometry": {
        "type": "Point",
        "coordinates": [
          120.381136,
          30.320922
        ]
      }
    },
    {
      "type": "Feature",
      "properties": {
        "green_view_index": 13.105010986328125
      },
      "geometry": {
        "type": "Point",
        "coordinates": [
          120.382784,
          30.313301
        ]
      }
    },
    {
      "type": "Feature",
      "properties": {
        "green_view_index": 5.0281524658203125
      },
      "geometry": {
        "type": "Point",
        "coordinates": [
          120.382791,
          30.304611
        ]
      }
    },
    {
      "type": "Feature",
      "properties": {
        "green_view_index": 4.250335693359375
      },
      "geometry": {
        "type": "Point",
        "coordinates": [
          120.384122,
          30.308908
        ]
      }
    },
    {
      "type": "Feature",
      "properties": {
        "green_view_index": 8.64410400390625
      },
      "geometry": {
        "type": "Point",
        "coordinates": [
          120.384414,
          30.294885
        ]
      }
    },
    {
      "type": "Feature",
      "properties": {
        "green_view_index": 7.0537567138671875
      },
      "geometry": {
        "type": "Point",
        "coordinates": [
          120.384542,
          30.320897
        ]
      }
    },
    {
      "type": "Feature",
      "properties": {
        "green_view_index": 0.5462646484375
      },
      "geometry": {
        "type": "Point",
        "coordinates": [
          120.384644,
          30.325771
        ]
      }
    },
    {
      "type": "Feature",
      "properties": {
        "green_view_index": 10.874176025390625
      },
      "geometry": {
        "type": "Point",
        "coordinates": [
          120.385992,
          30.313156
        ]
      }
    },
    {
      "type": "Feature",
      "properties": {
        "green_view_index": 8.266067504882812
      },
      "geometry": {
        "type": "Point",
        "coordinates": [
          120.386025,
          30.298622
        ]
      }
    },
    {
      "type": "Feature",
      "properties": {
        "green_view_index": 17.577743530273438
      },
      "geometry": {
        "type": "Point",
        "coordinates": [
          120.388383,
          30.30891
        ]
      }
    },
    {
      "type": "Feature",
      "properties": {
        "green_view_index": 57.126617431640625
      },
      "geometry": {
        "type": "Point",
        "coordinates": [
          120.388708,
          30.325235
        ]
      }
    },
    {
      "type": "Feature",
      "properties": {
        "green_view_index": 11.111068725585938
      },
      "geometry": {
        "type": "Point",
        "coordinates": [
          120.388807,
          30.30461
        ]
      }
    },
    {
      "type": "Feature",
      "properties": {
        "green_view_index": 42.46063232421875
      },
      "geometry": {
        "type": "Point",
        "coordinates": [
          120.389707,
          30.316099
        ]
      }
    },
    {
      "type": "Feature",
      "properties": {
        "green_view_index": 24.363327026367188
      },
      "geometry": {
        "type": "Point",
        "coordinates": [
          120.390389,
          30.308911
        ]
      }
    },
    {
      "type": "Feature",
      "properties": {
        "green_view_index": 10.039520263671875
      },
      "geometry": {
        "type": "Point",
        "coordinates": [
          120.390533,
          30.320893
        ]
      }
    },
    {
      "type": "Feature",
      "properties": {
        "green_view_index": 26.956558227539062
      },
      "geometry": {
        "type": "Point",
        "coordinates": [
          120.391075,
          30.323115
        ]
      }
    },
    {
      "type": "Feature",
      "properties": {
        "green_view_index": 9.445953369140625
      },
      "geometry": {
        "type": "Point",
        "coordinates": [
          120.392494,
          30.313333
        ]
      }
    },
    {
      "type": "Feature",
      "properties": {
        "green_view_index": 40.366363525390625
      },
      "geometry": {
        "type": "Point",
        "coordinates": [
          120.39286,
          30.325163
        ]
      }
    },
    {
      "type": "Feature",
      "properties": {
        "green_view_index": 13.4552001953125
      },
      "geometry": {
        "type": "Point",
        "coordinates": [
          120.393862,
          30.316079
        ]
      }
    },
    {
      "type": "Feature",
      "properties": {
        "green_view_index": 5.584716796875
      },
      "geometry": {
        "type": "Point",
        "coordinates": [
          120.394688,
          30.320891
        ]
      }
    },
    {
      "type": "Feature",
      "properties": {
        "green_view_index": 2.240753173828125
      },
      "geometry": {
        "type": "Point",
        "coordinates": [
          120.397917,
          30.324474
        ]
      }
    },
    {
      "type": "Feature",
      "properties": {
        "green_view_index": 0.238037109375
      },
      "geometry": {
        "type": "Point",
        "coordinates": [
          120.404371,
          30.322034
        ]
      }
    }
  ]
}